{
"type": "FeatureCollection",
"name": "CityDesignatedDTVacancies",
"crs": { "type": "name", "properties": { "name": "urn:ogc:def:crs:OGC:1.3:CRS84" } },
"features": [
{ "type": "Feature", "properties": { "longitude": -90.23894623, "latitude": 38.58740467, "Address": "3208 CHIPPEWA ST(H)", "Owner (Historical)": "BEAR RIVER LLC", "Back Taxes and Fees": "Classified as vacant by STL.", "Violations as of March 2026": "Most recent: 7/14/2025 (CSB)", "State": "Missouri" }, "geometry": { "type": "Point", "coordinates": [ -90.23895, 38.5874 ] } },
{ "type": "Feature", "properties": { "longitude": -90.236028, "latitude": 38.5830387, "Address": "4015 PENNSYLVANIA AV", "Owner (Historical)": "ZEMAN", "Back Taxes and Fees": "Classified as vacant by STL.", "Violations as of March 2026": "Most recent: 9/10/2025 (CSB)", "State": "Missouri" }, "geometry": { "type": "Point", "coordinates": [ -90.23603, 38.58304 ] } },
{ "type": "Feature", "properties": { "longitude": -90.23044827, "latitude": 38.58270763, "Address": "2708 OSAGE ST", "Owner (Historical)": "VANCIL", "Back Taxes and Fees": "Classified as vacant by STL.", "Violations as of March 2026": "Most recent: 4/30/2025 (CSB)", "State": "Missouri" }, "geometry": { "type": "Point", "coordinates": [ -90.23045, 38.58271 ] } },
{ "type": "Feature", "properties": { "longitude": -90.2301676, "latitude": 38.58266518, "Address": "2702 OSAGE ST", "Owner (Historical)": "KWIKSTAR LLC", "Back Taxes and Fees": "Classified as vacant by STL.", "Violations as of March 2026": "Most recent: 4/30/2025 (CSB)", "State": "Missouri" }, "geometry": { "type": "Point", "coordinates": [ -90.23017, 38.58267 ] } },
{ "type": "Feature", "properties": { "longitude": -90.237432, "latitude": 38.586232, "Address": "3842 MICHIGAN AV", "Owner (Historical)": "MISSOURI URBAN DEVELOPMENT LLC", "Back Taxes and Fees": "Classified as vacant by STL.", "Violations as of March 2026": "Most recent: 12/1/2025 (CSB)", "State": "Missouri" }, "geometry": { "type": "Point", "coordinates": [ -90.23743, 38.58623 ] } },
{ "type": "Feature", "properties": { "longitude": -90.237418, "latitude": 38.586298, "Address": "3838 MICHIGAN AV", "Owner (Historical)": "WEALTH AND EQUITY ENTERPRISES LLC", "Back Taxes and Fees": "Classified as vacant by STL. 2", "Violations as of March 2026": "Most recent: 3/3/2026 (Inspection)", "State": "Missouri" }, "geometry": { "type": "Point", "coordinates": [ -90.23742, 38.5863 ] } },
{ "type": "Feature", "properties": { "longitude": -90.23545323, "latitude": 38.58263281, "Address": "4031 PENNSYLVANIA AV", "Owner (Historical)": "ESPINOZA", "Back Taxes and Fees": "Classified as vacant by STL.", "Violations as of March 2026": "Most recent: 11/24/2025 (Inspection)", "State": "Missouri" }, "geometry": { "type": "Point", "coordinates": [ -90.23545, 38.58263 ] } },
{ "type": "Feature", "properties": { "longitude": -90.23545323, "latitude": 38.5833831, "Address": "4000 PENNSYLVANIA AV", "Owner (Historical)": "FIRST TEN LLC", "Back Taxes and Fees": "Classified as vacant by STL.", "Violations as of March 2026": "Most recent: 3/9/2026 (CSB)", "State": "Missouri" }, "geometry": { "type": "Point", "coordinates": [ -90.23545, 38.58338 ] } },
{ "type": "Feature", "properties": { "longitude": -90.23132236, "latitude": 38.58286488, "Address": "2730 OSAGE ST", "Owner (Historical)": "HUNLEY", "Back Taxes and Fees": "Classified as vacant by STL.", "Violations as of March 2026": "Most recent: 5/11/2026 (Violation)", "State": "Missouri" }, "geometry": { "type": "Point", "coordinates": [ -90.23132, 38.58286 ] } },
{ "type": "Feature", "properties": { "longitude": -90.229814, "latitude": 38.583746, "Address": "3929 OHIO AV", "Owner (Historical)": "BUCIO", "Back Taxes and Fees": "Classified as vacant by STL.", "Violations as of March 2026": "Most recent: 4/30/2025 (CSB)", "State": "Missouri" }, "geometry": { "type": "Point", "coordinates": [ -90.22981, 38.58375 ] } },
{ "type": "Feature", "properties": { "longitude": -90.246, "latitude": 38.572827, "Address": "3426 ITASKA ST", "Owner (Historical)": "YAGHNAM", "Back Taxes and Fees": "Classified as vacant by STL.", "Violations as of March 2026": "Most recent: 5/20/2026 (Violation)", "State": "Missouri" }, "geometry": { "type": "Point", "coordinates": [ -90.246, 38.57283 ] } },
{ "type": "Feature", "properties": { "longitude": -90.233768, "latitude": 38.581361, "Address": "4100 OREGON AV", "Owner (Historical)": "ROSENE", "Back Taxes and Fees": "Classified as vacant by STL.", "Violations as of March 2026": "Most recent: 3/13/2026 (Violation)", "State": "Missouri" }, "geometry": { "type": "Point", "coordinates": [ -90.23377, 38.58136 ] } },
{ "type": "Feature", "properties": { "longitude": -90.245926, "latitude": 38.572787, "Address": "3424 ITASKA ST", "Owner (Historical)": "SERVIUS STL LLC", "Back Taxes and Fees": "Classified as vacant by STL.", "Violations as of March 2026": "Most recent: 4/22/2025 (CSB)", "State": "Missouri" }, "geometry": { "type": "Point", "coordinates": [ -90.24593, 38.57279 ] } },
{ "type": "Feature", "properties": { "longitude": -90.24444, "latitude": 38.574898, "Address": "4606 ALASKA AV", "Owner (Historical)": "MC MATH", "Back Taxes and Fees": "Classified as vacant by STL.", "Violations as of March 2026": "Most recent: 5/29/2025 (CSB)", "State": "Missouri" }, "geometry": { "type": "Point", "coordinates": [ -90.24444, 38.5749 ] } },
{ "type": "Feature", "properties": { "longitude": -90.235194, "latitude": 38.585976, "Address": "3839 PENNSYLVANIA AV", "Owner (Historical)": "BHI MO HOLDINGS LLC", "Back Taxes and Fees": "Classified as vacant by STL.", "Violations as of March 2026": "Most recent: 8/12/2025 (CSB)", "State": "Missouri" }, "geometry": { "type": "Point", "coordinates": [ -90.23519, 38.58598 ] } },
{ "type": "Feature", "properties": { "longitude": -90.233185, "latitude": 38.584146, "Address": "3930 OREGON AV", "Owner (Historical)": "SPRAGGINS", "Back Taxes and Fees": "Classified as vacant by STL.", "Violations as of March 2026": "Most recent: 10/15/2025 (CSB)", "State": "Missouri" }, "geometry": { "type": "Point", "coordinates": [ -90.23319, 38.58415 ] } },
{ "type": "Feature", "properties": { "longitude": -90.242486, "latitude": 38.585337, "Address": "3435 ALBERTA ST", "Owner (Historical)": "LOFTY HOLDINGS 3435-3437 ALBERTA ST DAO", "Back Taxes and Fees": "Classified as vacant by STL. 1", "Violations as of March 2026": "Most recent: 1/12/2026 (Inspection)", "State": "Missouri" }, "geometry": { "type": "Point", "coordinates": [ -90.24249, 38.58534 ] } },
{ "type": "Feature", "properties": { "longitude": -90.243591, "latitude": 38.579946, "Address": "3514 KINGSLAND CT", "Owner (Historical)": "REED", "Back Taxes and Fees": "Classified as vacant by STL.", "Violations as of March 2026": "Most recent: 10/12/2025 (CSB)", "State": "Missouri" }, "geometry": { "type": "Point", "coordinates": [ -90.24359, 38.57995 ] } },
{ "type": "Feature", "properties": { "longitude": -90.255857, "latitude": 38.589456, "Address": "4100 GRAVOIS AV", "Owner (Historical)": "LOUIS RIVER LLC", "Back Taxes and Fees": "Classified as vacant by STL.", "Violations as of March 2026": "Most recent: 1/5/2026 (CSB)", "State": "Missouri" }, "geometry": { "type": "Point", "coordinates": [ -90.25586, 38.58946 ] } },
{ "type": "Feature", "properties": { "longitude": -90.230509, "latitude": 38.585638, "Address": "3830 IOWA AV", "Owner (Historical)": "KATONA", "Back Taxes and Fees": "Classified as vacant by STL.", "Violations as of March 2026": "Most recent: 4/3/2026 (Violation)", "State": "Missouri" }, "geometry": { "type": "Point", "coordinates": [ -90.23051, 38.58564 ] } },
{ "type": "Feature", "properties": { "longitude": -90.243785, "latitude": 38.578885, "Address": "3517 BINGHAM AV", "Owner (Historical)": "BINGHAM ACQUISITION LLC", "Back Taxes and Fees": "Classified as vacant by STL. 1", "Violations as of March 2026": "Most recent: 3/16/2026 (Violation)", "State": "Missouri" }, "geometry": { "type": "Point", "coordinates": [ -90.24379, 38.57888 ] } },
{ "type": "Feature", "properties": { "longitude": -90.241598, "latitude": 38.576058, "Address": "3221 N DAKOTA ST", "Owner (Historical)": "PARKER", "Back Taxes and Fees": "Classified as vacant by STL.", "Violations as of March 2026": "Most recent: 9/27/2025 (CSB)", "State": "Missouri" }, "geometry": { "type": "Point", "coordinates": [ -90.2416, 38.57606 ] } },
{ "type": "Feature", "properties": { "longitude": -90.237725, "latitude": 38.585657, "Address": "3129 KEOKUK ST", "Owner (Historical)": "BRAVO RCJC LLC", "Back Taxes and Fees": "Classified as vacant by STL.", "Violations as of March 2026": "Most recent: 11/20/2025 (CSB)", "State": "Missouri" }, "geometry": { "type": "Point", "coordinates": [ -90.23772, 38.58566 ] } },
{ "type": "Feature", "properties": { "longitude": -90.237725, "latitude": 38.585657, "Address": "3131 KEOKUK ST", "Owner (Historical)": "BRACO RCJC LLC", "Back Taxes and Fees": "Classified as vacant by STL.", "Violations as of March 2026": "Most recent: 11/20/2025 (CSB)", "State": "Missouri" }, "geometry": { "type": "Point", "coordinates": [ -90.23772, 38.58566 ] } },
{ "type": "Feature", "properties": { "longitude": -90.238881, "latitude": 38.584694, "Address": "3936 S COMPTON AV", "Owner (Historical)": "JOHNSON", "Back Taxes and Fees": "Classified as vacant by STL.", "Violations as of March 2026": "Most recent: 2/24/2026 (Inspection)", "State": "Missouri" }, "geometry": { "type": "Point", "coordinates": [ -90.23888, 38.58469 ] } },
{ "type": "Feature", "properties": { "longitude": -90.241726, "latitude": 38.586173, "Address": "3417 KEOKUK ST", "Owner (Historical)": "DUAD", "Back Taxes and Fees": "Classified as vacant by STL.", "Violations as of March 2026": "Most recent: 6/15/2023 (Violation)", "State": "Missouri" }, "geometry": { "type": "Point", "coordinates": [ -90.24173, 38.58617 ] } },
{ "type": "Feature", "properties": { "longitude": -90.241081, "latitude": 38.586997, "Address": "3405 DUNNICA AV", "Owner (Historical)": "HAWKINS", "Back Taxes and Fees": "Classified as vacant by STL.", "Violations as of March 2026": "Most recent: 1/26/2025 (CSB)", "State": "Missouri" }, "geometry": { "type": "Point", "coordinates": [ -90.24108, 38.587 ] } },
{ "type": "Feature", "properties": { "longitude": -90.242468, "latitude": 38.586264, "Address": "3441 KEOKUK ST", "Owner (Historical)": "HILL", "Back Taxes and Fees": "Classified as vacant by STL.", "Violations as of March 2026": "Most recent: 5/31/2022 (Violation)", "State": "Missouri" }, "geometry": { "type": "Point", "coordinates": [ -90.24247, 38.58626 ] } },
{ "type": "Feature", "properties": { "longitude": -90.240678, "latitude": 38.587079, "Address": "3824 LOUISIANA AV", "Owner (Historical)": "NORFOLK", "Back Taxes and Fees": "Classified as vacant by STL.", "Violations as of March 2026": "Most recent: 12/16/2024 (Inspection)", "State": "Missouri" }, "geometry": { "type": "Point", "coordinates": [ -90.24068, 38.58708 ] } },
{ "type": "Feature", "properties": { "longitude": -90.238172, "latitude": 38.585715, "Address": "3143 KEOKUK ST", "Owner (Historical)": "JOHNSON", "Back Taxes and Fees": "Classified as vacant by STL.", "Violations as of March 2026": "Most recent: 10/4/2024 (Violation)", "State": "Missouri" }, "geometry": { "type": "Point", "coordinates": [ -90.23817, 38.58572 ] } },
{ "type": "Feature", "properties": { "longitude": -90.238658, "latitude": 38.587565, "Address": "3204 CHIPPEWA ST", "Owner (Historical)": "ELINSKI", "Back Taxes and Fees": "Classified as vacant by STL.", "Violations as of March 2026": "Most recent: 1/9/2026 (CSB)", "State": "Missouri" }, "geometry": { "type": "Point", "coordinates": [ -90.23866, 38.58756 ] } },
{ "type": "Feature", "properties": { "longitude": -90.229419, "latitude": 38.585629, "Address": "3825 OHIO AV", "Owner (Historical)": "118-02 LA LLC SERIES 3", "Back Taxes and Fees": "Classified as vacant by STL.", "Violations as of March 2026": "Most recent: 10/11/2023 (Inspection)", "State": "Missouri" }, "geometry": { "type": "Point", "coordinates": [ -90.22942, 38.58563 ] } },
{ "type": "Feature", "properties": { "longitude": -90.235662, "latitude": 38.587169, "Address": "3016 CHIPPEWA ST", "Owner (Historical)": "DECAILLE", "Back Taxes and Fees": "Classified as vacant by STL.", "Violations as of March 2026": "Most recent: 3/16/2026 (Inspection)", "State": "Missouri" }, "geometry": { "type": "Point", "coordinates": [ -90.23566, 38.58717 ] } },
{ "type": "Feature", "properties": { "longitude": -90.232764, "latitude": 38.585046, "Address": "2823 KEOKUK ST", "Owner (Historical)": "GOMEZ", "Back Taxes and Fees": "Classified as vacant by STL.", "Violations as of March 2026": "Most recent: 5/27/2024 (Violation)", "State": "Missouri" }, "geometry": { "type": "Point", "coordinates": [ -90.23276, 38.58505 ] } },
{ "type": "Feature", "properties": { "longitude": -90.232694, "latitude": 38.584981, "Address": "2820 KEOKUK ST", "Owner (Historical)": "CAMACHO", "Back Taxes and Fees": "Classified as vacant by STL.", "Violations as of March 2026": "Most recent: 12/12/2023 (Violation)", "State": "Missouri" }, "geometry": { "type": "Point", "coordinates": [ -90.23269, 38.58498 ] } },
{ "type": "Feature", "properties": { "longitude": -90.234421, "latitude": 38.5838, "Address": "3950 NEBRASKA AV", "Owner (Historical)": "FLORES-GOMEZ", "Back Taxes and Fees": "Classified as vacant by STL.", "Violations as of March 2026": "Most recent: 8/5/2024 (CSB)", "State": "Missouri" }, "geometry": { "type": "Point", "coordinates": [ -90.23442, 38.5838 ] } },
{ "type": "Feature", "properties": { "longitude": -90.234316, "latitude": 38.58458, "Address": "3919 NEBRASKA AV", "Owner (Historical)": "HUNN", "Back Taxes and Fees": "Classified as vacant by STL.", "Violations as of March 2026": "Most recent: 7/28/2025 (CSB)", "State": "Missouri" }, "geometry": { "type": "Point", "coordinates": [ -90.23432, 38.58458 ] } },
{ "type": "Feature", "properties": { "longitude": -90.233158, "latitude": 38.584546, "Address": "3915 OREGON AV", "Owner (Historical)": "MID TOWN PROPERTIES LLC C/O NASEER LLC", "Back Taxes and Fees": "Classified as vacant by STL.", "Violations as of March 2026": "Most recent: 6/6/2024 (Violation)", "State": "Missouri" }, "geometry": { "type": "Point", "coordinates": [ -90.23316, 38.58455 ] } },
{ "type": "Feature", "properties": { "longitude": -90.237781, "latitude": 38.584493, "Address": "3938 MICHIGAN AV", "Owner (Historical)": "CALLOWAY", "Back Taxes and Fees": "Classified as vacant by STL.", "Violations as of March 2026": "Most recent: 5/31/2023 (CSB)", "State": "Missouri" }, "geometry": { "type": "Point", "coordinates": [ -90.23778, 38.58449 ] } },
{ "type": "Feature", "properties": { "longitude": -90.236109, "latitude": 38.585394, "Address": "3018 KEOKUK ST", "Owner (Historical)": "LUTHERAN DEVELOPMENT GROUP INC", "Back Taxes and Fees": "Classified as vacant by STL. 1", "Violations as of March 2026": "Most recent: 7/19/2025 (CSB)", "State": "Missouri" }, "geometry": { "type": "Point", "coordinates": [ -90.23611, 38.58539 ] } },
{ "type": "Feature", "properties": { "longitude": -90.232806, "latitude": 38.583201, "Address": "2813 OSAGE ST", "Owner (Historical)": "EBEGBODI", "Back Taxes and Fees": "Classified as vacant by STL.", "Violations as of March 2026": "Most recent: 3/21/2023 (CSB)", "State": "Missouri" }, "geometry": { "type": "Point", "coordinates": [ -90.23281, 38.5832 ] } },
{ "type": "Feature", "properties": { "longitude": -90.237659, "latitude": 38.585047, "Address": "3918 MICHIGAN AV", "Owner (Historical)": "DARBA ESTATE LLC", "Back Taxes and Fees": "Classified as vacant by STL.", "Violations as of March 2026": "Most recent: 6/10/2024 (Inspection)", "State": "Missouri" }, "geometry": { "type": "Point", "coordinates": [ -90.23766, 38.58505 ] } },
{ "type": "Feature", "properties": { "longitude": -90.234659, "latitude": 38.583449, "Address": "2901 OSAGE ST", "Owner (Historical)": "RUIZ", "Back Taxes and Fees": "Classified as vacant by STL.", "Violations as of March 2026": "Most recent: 8/11/2025 (CSB)", "State": "Missouri" }, "geometry": { "type": "Point", "coordinates": [ -90.23466, 38.58345 ] } },
{ "type": "Feature", "properties": { "longitude": -90.238226, "latitude": 38.585667, "Address": "3150 KEOKUK ST", "Owner (Historical)": "WILEY", "Back Taxes and Fees": "Classified as vacant by STL.", "Violations as of March 2026": "Most recent: 8/29/2025 (CSB)", "State": "Missouri" }, "geometry": { "type": "Point", "coordinates": [ -90.23823, 38.58567 ] } },
{ "type": "Feature", "properties": { "longitude": -90.237423, "latitude": 38.583792, "Address": "3117 OSAGE ST", "Owner (Historical)": "MAALIM", "Back Taxes and Fees": "Classified as vacant by STL.", "Violations as of March 2026": "Most recent: 6/17/2024 (Inspection)", "State": "Missouri" }, "geometry": { "type": "Point", "coordinates": [ -90.23742, 38.58379 ] } },
{ "type": "Feature", "properties": { "longitude": -90.243833, "latitude": 38.583673, "Address": "3465 MONTANA ST", "Owner (Historical)": "MENDEZ", "Back Taxes and Fees": "Classified as vacant by STL.", "Violations as of March 2026": "Most recent: 8/25/2024 (CSB)", "State": "Missouri" }, "geometry": { "type": "Point", "coordinates": [ -90.24383, 38.58367 ] } },
{ "type": "Feature", "properties": { "longitude": -90.242891, "latitude": 38.584484, "Address": "3441 OSAGE ST", "Owner (Historical)": "SCOTT", "Back Taxes and Fees": "Classified as vacant by STL.", "Violations as of March 2026": "Most recent: 4/9/2025 (Inspection)", "State": "Missouri" }, "geometry": { "type": "Point", "coordinates": [ -90.24289, 38.58448 ] } },
{ "type": "Feature", "properties": { "longitude": -90.23468, "latitude": 38.582872, "Address": "4015 NEBRASKA AV", "Owner (Historical)": "HORTON", "Back Taxes and Fees": "Classified as vacant by STL.", "Violations as of March 2026": "Most recent: 3/15/2026 (CSB)", "State": "Missouri" }, "geometry": { "type": "Point", "coordinates": [ -90.23468, 38.58287 ] } },
{ "type": "Feature", "properties": { "longitude": -90.242398, "latitude": 38.584364, "Address": "3426 OSAGE ST", "Owner (Historical)": "E-Z GOING INVESTMENTS INC", "Back Taxes and Fees": "Classified as vacant by STL. 1", "Violations as of March 2026": "Most recent: 7/10/2021 (CSB)", "State": "Missouri" }, "geometry": { "type": "Point", "coordinates": [ -90.2424, 38.58436 ] } },
{ "type": "Feature", "properties": { "longitude": -90.232582, "latitude": 38.582654, "Address": "4021 CALIFORNIA AV", "Owner (Historical)": "MASMAH LLC", "Back Taxes and Fees": "Classified as vacant by STL. 1", "Violations as of March 2026": "Most recent: 4/29/2025 (CSB)", "State": "Missouri" }, "geometry": { "type": "Point", "coordinates": [ -90.23258, 38.58265 ] } },
{ "type": "Feature", "properties": { "longitude": -90.235308, "latitude": 38.581685, "Address": "2911 GASCONADE ST", "Owner (Historical)": "NEXUS HOME INVESTMENTS LLC", "Back Taxes and Fees": "Classified as vacant by STL.", "Violations as of March 2026": "Most recent: 4/20/2024 (Inspection)", "State": "Missouri" }, "geometry": { "type": "Point", "coordinates": [ -90.23531, 38.58169 ] } },
{ "type": "Feature", "properties": { "longitude": -90.236224, "latitude": 38.583601, "Address": "3012 OSAGE ST", "Owner (Historical)": "MAGUIRE", "Back Taxes and Fees": "Classified as vacant by STL.", "Violations as of March 2026": "Most recent: 4/1/2024 (CSB)", "State": "Missouri" }, "geometry": { "type": "Point", "coordinates": [ -90.23622, 38.5836 ] } },
{ "type": "Feature", "properties": { "longitude": -90.23343, "latitude": 38.581456, "Address": "2821 GASCONADE ST", "Owner (Historical)": "VANDELAY LLC", "Back Taxes and Fees": "Classified as vacant by STL.", "Violations as of March 2026": "Most recent: 7/17/2025 (CSB)", "State": "Missouri" }, "geometry": { "type": "Point", "coordinates": [ -90.23343, 38.58146 ] } },
{ "type": "Feature", "properties": { "longitude": -90.232358, "latitude": 38.582395, "Address": "4022 CALIFORNIA AV", "Owner (Historical)": "BRICKYARD PROPERTIES & DEVELOPMENT LLC", "Back Taxes and Fees": "Classified as vacant by STL.", "Violations as of March 2026": "Most recent: 2/24/2026 (Inspection)", "State": "Missouri" }, "geometry": { "type": "Point", "coordinates": [ -90.23236, 38.58239 ] } },
{ "type": "Feature", "properties": { "longitude": -90.233954, "latitude": 38.580479, "Address": "4132 OREGON AV", "Owner (Historical)": "WILIAMS", "Back Taxes and Fees": "Classified as vacant by STL.", "Violations as of March 2026": "Most recent: 4/6/2026 (Violation)", "State": "Missouri" }, "geometry": { "type": "Point", "coordinates": [ -90.23395, 38.58048 ] } },
{ "type": "Feature", "properties": { "longitude": -90.244768, "latitude": 38.576403, "Address": "4507 LOUISIANA AV", "Owner (Historical)": "ELEVATE THE FUTURE LLC", "Back Taxes and Fees": "Classified as vacant by STL.", "Violations as of March 2026": "Most recent: 3/20/2026 (Violation)", "State": "Missouri" }, "geometry": { "type": "Point", "coordinates": [ -90.24477, 38.5764 ] } },
{ "type": "Feature", "properties": { "longitude": -90.242019, "latitude": 38.571434, "Address": "3204 ITASKA ST", "Owner (Historical)": "CALLEY PROPERTIES LLC", "Back Taxes and Fees": "Classified as vacant by STL.", "Violations as of March 2026": "Most recent: 9/24/2024 (Inspection)", "State": "Missouri" }, "geometry": { "type": "Point", "coordinates": [ -90.24202, 38.57143 ] } },
{ "type": "Feature", "properties": { "longitude": -90.24577, "latitude": 38.573327, "Address": "4676 ALASKA AV", "Owner (Historical)": "JACKSON", "Back Taxes and Fees": "Classified as vacant by STL.", "Violations as of March 2026": "Most recent: 1/26/2026 (CSB)", "State": "Missouri" }, "geometry": { "type": "Point", "coordinates": [ -90.24577, 38.57333 ] } },
{ "type": "Feature", "properties": { "longitude": -90.245977, "latitude": 38.573546, "Address": "4663 ALASKA AV", "Owner (Historical)": "DLDDMB LLC", "Back Taxes and Fees": "Classified as vacant by STL.", "Violations as of March 2026": "Most recent: 8/2/2025 (CSB)", "State": "Missouri" }, "geometry": { "type": "Point", "coordinates": [ -90.24598, 38.57355 ] } },
{ "type": "Feature", "properties": { "longitude": -90.241218, "latitude": 38.573953, "Address": "4537 S COMPTON AV", "Owner (Historical)": "ICONIKA HOLDINGS INC", "Back Taxes and Fees": "Classified as vacant by STL.", "Violations as of March 2026": "Most recent: 4/3/2024 (CSB)", "State": "Missouri" }, "geometry": { "type": "Point", "coordinates": [ -90.24122, 38.57395 ] } },
{ "type": "Feature", "properties": { "longitude": -90.245899, "latitude": 38.572835, "Address": "3425 ITASKA ST", "Owner (Historical)": "MOCTEZUMA", "Back Taxes and Fees": "Classified as vacant by STL.", "Violations as of March 2026": "Most recent: 11/27/2024 (Violation)", "State": "Missouri" }, "geometry": { "type": "Point", "coordinates": [ -90.2459, 38.57283 ] } },
{ "type": "Feature", "properties": { "longitude": -90.245468, "latitude": 38.57198, "Address": "4711 IDAHO AV", "Owner (Historical)": "OGHRE-IKANONE", "Back Taxes and Fees": "Classified as vacant by STL.", "Violations as of March 2026": "Most recent: 1/27/2025 (Inspection)", "State": "Missouri" }, "geometry": { "type": "Point", "coordinates": [ -90.24547, 38.57198 ] } },
{ "type": "Feature", "properties": { "longitude": -90.246101, "latitude": 38.57288, "Address": "3428 ITASKA ST", "Owner (Historical)": "YAGHMAN", "Back Taxes and Fees": "Classified as vacant by STL.", "Violations as of March 2026": "Most recent: 6/10/2025 (CSB)", "State": "Missouri" }, "geometry": { "type": "Point", "coordinates": [ -90.2461, 38.57288 ] } },
{ "type": "Feature", "properties": { "longitude": -90.244595, "latitude": 38.572084, "Address": "3320 ITASKA ST", "Owner (Historical)": "SFR3-040 LLC", "Back Taxes and Fees": "Classified as vacant by STL.", "Violations as of March 2026": "Most recent: 9/3/2025 (CSB)", "State": "Missouri" }, "geometry": { "type": "Point", "coordinates": [ -90.2446, 38.57208 ] } },
{ "type": "Feature", "properties": { "longitude": -90.242099, "latitude": 38.573374, "Address": "3219 MOUNT PLEASANT ST", "Owner (Historical)": "POOR", "Back Taxes and Fees": "Classified as vacant by STL.", "Violations as of March 2026": "Most recent: 7/30/2025 (CSB)", "State": "Missouri" }, "geometry": { "type": "Point", "coordinates": [ -90.2421, 38.57337 ] } },
{ "type": "Feature", "properties": { "longitude": -90.248052, "latitude": 38.586618, "Address": "3718 KEOKUK ST", "Owner (Historical)": "TRAN", "Back Taxes and Fees": "Classified as vacant by STL.", "Violations as of March 2026": "Most recent: 3/30/2026 (Violation)", "State": "Missouri" }, "geometry": { "type": "Point", "coordinates": [ -90.24805, 38.58662 ] } },
{ "type": "Feature", "properties": { "longitude": -90.232007, "latitude": 38.584128, "Address": "3926 CALIFORNIA AV", "Owner (Historical)": "KENNEDY", "Back Taxes and Fees": "Classified as vacant by STL.", "Violations as of March 2026": "Most recent: 10/17/2021 (CSB)", "State": "Missouri" }, "geometry": { "type": "Point", "coordinates": [ -90.23201, 38.58413 ] } },
{ "type": "Feature", "properties": { "longitude": -90.252116, "latitude": 38.573143, "Address": "5011 GRACE AV", "Owner (Historical)": "CARRILLOS", "Back Taxes and Fees": "Classified as vacant by STL.", "Violations as of March 2026": "Most recent: 5/14/2025 (CSB)", "State": "Missouri" }, "geometry": { "type": "Point", "coordinates": [ -90.25212, 38.57314 ] } },
{ "type": "Feature", "properties": { "longitude": -90.235056, "latitude": 38.581065, "Address": "4115 NEBRASKA AV", "Owner (Historical)": "NOONAN", "Back Taxes and Fees": "Classified as vacant by STL.", "Violations as of March 2026": "Most recent: 5/18/2026 (Violation)", "State": "Missouri" }, "geometry": { "type": "Point", "coordinates": [ -90.23506, 38.58107 ] } },
{ "type": "Feature", "properties": { "longitude": -90.235101, "latitude": 38.586149, "Address": "3832 PENNSYLVANIA AV", "Owner (Historical)": "MACK", "Back Taxes and Fees": "Classified as vacant by STL.", "Violations as of March 2026": "Most recent: 5/2/2024 (Violation)", "State": "Missouri" }, "geometry": { "type": "Point", "coordinates": [ -90.2351, 38.58615 ] } },
{ "type": "Feature", "properties": { "longitude": -90.249059, "latitude": 38.58884, "Address": "3760 CHIPPEWA ST", "Owner (Historical)": "YEE", "Back Taxes and Fees": "Classified as vacant by STL.", "Violations as of March 2026": "Most recent: 1/8/2026 (CSB)", "State": "Missouri" }, "geometry": { "type": "Point", "coordinates": [ -90.24906, 38.58884 ] } },
{ "type": "Feature", "properties": { "longitude": -90.237397, "latitude": 38.580713, "Address": "4142 MINNESOTA AV", "Owner (Historical)": "FRANZ", "Back Taxes and Fees": "Classified as vacant by STL.", "Violations as of March 2026": "Most recent: 3/25/2025 (CSB)", "State": "Missouri" }, "geometry": { "type": "Point", "coordinates": [ -90.2374, 38.58071 ] } },
{ "type": "Feature", "properties": { "longitude": -90.234943, "latitude": 38.581353, "Address": "4106 NEBRASKA AV", "Owner (Historical)": "THREE DOORS PROPERTIES LLC", "Back Taxes and Fees": "Classified as vacant by STL. 2", "Violations as of March 2026": "Most recent: 9/28/2023 (Inspection)", "State": "Missouri" }, "geometry": { "type": "Point", "coordinates": [ -90.23494, 38.58135 ] } },
{ "type": "Feature", "properties": { "longitude": -90.24501, "latitude": 38.57429, "Address": "4633 ALASKA AV", "Owner (Historical)": "ST JOSEPH HOUSING INITIATIVE", "Back Taxes and Fees": "Classified as vacant by STL.", "Violations as of March 2026": "Most recent: 7/21/2023 (CSB)", "State": "Missouri" }, "geometry": { "type": "Point", "coordinates": [ -90.24501, 38.57429 ] } },
{ "type": "Feature", "properties": { "longitude": -90.236628, "latitude": 38.587287, "Address": "3112 CHIPPEWA ST", "Owner (Historical)": "DAWOODI", "Back Taxes and Fees": "Classified as vacant by STL.", "Violations as of March 2026": "Most recent: 5/20/2024 (CSB)", "State": "Missouri" }, "geometry": { "type": "Point", "coordinates": [ -90.23663, 38.58729 ] } },
{ "type": "Feature", "properties": { "longitude": -90.248214, "latitude": 38.572215, "Address": "4752 LOUISIANA AV", "Owner (Historical)": "GUZMAN", "Back Taxes and Fees": "Classified as vacant by STL.", "Violations as of March 2026": "Most recent: 4/20/2026 (Violation)", "State": "Missouri" }, "geometry": { "type": "Point", "coordinates": [ -90.24821, 38.57221 ] } },
{ "type": "Feature", "properties": { "longitude": -90.241126, "latitude": 38.585371, "Address": "3922 LOUISIANA AV", "Owner (Historical)": "MARQUETTE HOMES PARTNERS LP", "Back Taxes and Fees": "Classified as vacant by STL.", "Violations as of March 2026": "Most recent: 6/24/2025 (CSB)", "State": "Missouri" }, "geometry": { "type": "Point", "coordinates": [ -90.24113, 38.58537 ] } },
{ "type": "Feature", "properties": { "longitude": -90.248034, "latitude": 38.577136, "Address": "3617 TAFT AV", "Owner (Historical)": "BAKER", "Back Taxes and Fees": "Classified as vacant by STL.", "Violations as of March 2026": "Most recent: 9/10/2025 (CSB)", "State": "Missouri" }, "geometry": { "type": "Point", "coordinates": [ -90.24803, 38.57714 ] } },
{ "type": "Feature", "properties": { "longitude": -90.235174, "latitude": 38.586068, "Address": "3837 PENNSYLVANIA AV", "Owner (Historical)": "DOLAN", "Back Taxes and Fees": "Classified as vacant by STL.", "Violations as of March 2026": "Most recent: 11/2/2023 (CSB)", "State": "Missouri" }, "geometry": { "type": "Point", "coordinates": [ -90.23517, 38.58607 ] } },
{ "type": "Feature", "properties": { "longitude": -90.246897, "latitude": 38.584431, "Address": "3654 LIERMANN AV", "Owner (Historical)": "CHAUDHRY", "Back Taxes and Fees": "Classified as vacant by STL.", "Violations as of March 2026": "Most recent: 6/16/2025 (CSB)", "State": "Missouri" }, "geometry": { "type": "Point", "coordinates": [ -90.2469, 38.58443 ] } },
{ "type": "Feature", "properties": { "longitude": -90.233528, "latitude": 38.581468, "Address": "2823 GASCONADE ST", "Owner (Historical)": "HAVEN RECOVERY HOMES LLC", "Back Taxes and Fees": "Classified as vacant by STL. 1", "Violations as of March 2026": "Most recent: 1/21/2024 (CSB)", "State": "Missouri" }, "geometry": { "type": "Point", "coordinates": [ -90.23353, 38.58147 ] } },
{ "type": "Feature", "properties": { "longitude": -90.25454, "latitude": 38.573775, "Address": "5036 DEWEY AV", "Owner (Historical)": "200 ESSENTIALS LLC", "Back Taxes and Fees": "Classified as vacant by STL. 1", "Violations as of March 2026": "Most recent: 9/10/2024 (CSB)", "State": "Missouri" }, "geometry": { "type": "Point", "coordinates": [ -90.25454, 38.57377 ] } },
{ "type": "Feature", "properties": { "longitude": -90.251145, "latitude": 38.577355, "Address": "3722 NEOSHO ST", "Owner (Historical)": "BILKAY", "Back Taxes and Fees": "Classified as vacant by STL.", "Violations as of March 2026": "Most recent: 6/10/2024 (CSB)", "State": "Missouri" }, "geometry": { "type": "Point", "coordinates": [ -90.25114, 38.57735 ] } },
{ "type": "Feature", "properties": { "longitude": -90.235011, "latitude": 38.581008, "Address": "4118 NEBRASKA AV", "Owner (Historical)": "U S BANK TRUST NA TRS", "Back Taxes and Fees": "Classified as vacant by STL.", "Violations as of March 2026": "Most recent: 3/2/2026 (CSB)", "State": "Missouri" }, "geometry": { "type": "Point", "coordinates": [ -90.23501, 38.58101 ] } },
{ "type": "Feature", "properties": { "longitude": -90.241592, "latitude": 38.575106, "Address": "3214 DAKOTA ST", "Owner (Historical)": "CASH", "Back Taxes and Fees": "Classified as vacant by STL.", "Violations as of March 2026": "Most recent: 4/14/2025 (Violation)", "State": "Missouri" }, "geometry": { "type": "Point", "coordinates": [ -90.24159, 38.57511 ] } },
{ "type": "Feature", "properties": { "longitude": -90.245847, "latitude": 38.572745, "Address": "3420 ITASKA ST", "Owner (Historical)": "MACHADO", "Back Taxes and Fees": "Classified as vacant by STL.", "Violations as of March 2026": "Most recent: 9/27/2023 (CSB)", "State": "Missouri" }, "geometry": { "type": "Point", "coordinates": [ -90.24585, 38.57274 ] } },
{ "type": "Feature", "properties": { "longitude": -90.230797, "latitude": 38.581916, "Address": "4032 E IOWA AV", "Owner (Historical)": "DUTCHTOWN OUTREACH", "Back Taxes and Fees": "Classified as vacant by STL.", "Violations as of March 2026": "Most recent: 7/19/2024 (CSB)", "State": "Missouri" }, "geometry": { "type": "Point", "coordinates": [ -90.2308, 38.58192 ] } },
{ "type": "Feature", "properties": { "longitude": -90.247029, "latitude": 38.583596, "Address": "3663 MONTANA ST", "Owner (Historical)": "NGUYEN", "Back Taxes and Fees": "Classified as vacant by STL.", "Violations as of March 2026": "Most recent: 10/16/2025 (CSB)", "State": "Missouri" }, "geometry": { "type": "Point", "coordinates": [ -90.24703, 38.5836 ] } },
{ "type": "Feature", "properties": { "longitude": -90.241879, "latitude": 38.571416, "Address": "3200 ITASKA ST", "Owner (Historical)": "SWEETEN", "Back Taxes and Fees": "Classified as vacant by STL.", "Violations as of March 2026": "Most recent: 5/15/2026 (Violation)", "State": "Missouri" }, "geometry": { "type": "Point", "coordinates": [ -90.24188, 38.57142 ] } },
{ "type": "Feature", "properties": { "longitude": -90.241452, "latitude": 38.576041, "Address": "3217 N DAKOTA ST", "Owner (Historical)": "SKELTON", "Back Taxes and Fees": "Classified as vacant by STL.", "Violations as of March 2026": "Most recent: 8/4/2024 (Inspection)", "State": "Missouri" }, "geometry": { "type": "Point", "coordinates": [ -90.24145, 38.57604 ] } },
{ "type": "Feature", "properties": { "longitude": -90.231006, "latitude": 38.583598, "Address": "3939 IOWA AV", "Owner (Historical)": "MAYER", "Back Taxes and Fees": "Classified as vacant by STL.", "Violations as of March 2026": "Most recent: 11/4/2025 (Violation)", "State": "Missouri" }, "geometry": { "type": "Point", "coordinates": [ -90.23101, 38.5836 ] } },
{ "type": "Feature", "properties": { "longitude": -90.230449, "latitude": 38.584741, "Address": "2719 KEOKUK ST", "Owner (Historical)": "NGUYEN", "Back Taxes and Fees": "Classified as vacant by STL.", "Violations as of March 2026": "Most recent: 2/19/2026 (Inspection)", "State": "Missouri" }, "geometry": { "type": "Point", "coordinates": [ -90.23045, 38.58474 ] } },
{ "type": "Feature", "properties": { "longitude": -90.242393, "latitude": 38.585271, "Address": "3430 ALBERTA ST", "Owner (Historical)": "MILLER", "Back Taxes and Fees": "Classified as vacant by STL.", "Violations as of March 2026": "Most recent: 5/20/2025 (CSB)", "State": "Missouri" }, "geometry": { "type": "Point", "coordinates": [ -90.24239, 38.58527 ] } },
{ "type": "Feature", "properties": { "longitude": -90.230937, "latitude": 38.581242, "Address": "4058 E IOWA AV", "Owner (Historical)": "LLOYD", "Back Taxes and Fees": "Classified as vacant by STL.", "Violations as of March 2026": "Most recent: 4/28/2025 (CSB)", "State": "Missouri" }, "geometry": { "type": "Point", "coordinates": [ -90.23094, 38.58124 ] } },
{ "type": "Feature", "properties": { "longitude": -90.236564, "latitude": 38.584781, "Address": "3922 MINNESOTA AV", "Owner (Historical)": "SINCE", "Back Taxes and Fees": "Classified as vacant by STL.", "Violations as of March 2026": "Most recent: 6/22/2025 (Inspection)", "State": "Missouri" }, "geometry": { "type": "Point", "coordinates": [ -90.23656, 38.58478 ] } },
{ "type": "Feature", "properties": { "longitude": -90.252567, "latitude": 38.572609, "Address": "5039 GRACE AV", "Owner (Historical)": "HAMAYDEH", "Back Taxes and Fees": "Classified as vacant by STL.", "Violations as of March 2026": "Most recent: 2/22/2026 (Inspection)", "State": "Missouri" }, "geometry": { "type": "Point", "coordinates": [ -90.25257, 38.57261 ] } },
{ "type": "Feature", "properties": { "longitude": -90.238179, "latitude": 38.583882, "Address": "3133 OSAGE ST", "Owner (Historical)": "THORNTON", "Back Taxes and Fees": "Classified as vacant by STL.", "Violations as of March 2026": "Most recent: 6/17/2025 (Inspection)", "State": "Missouri" }, "geometry": { "type": "Point", "coordinates": [ -90.23818, 38.58388 ] } },
{ "type": "Feature", "properties": { "longitude": -90.241845, "latitude": 38.575133, "Address": "3222 DAKOTA ST", "Owner (Historical)": "CUNNINGHAM", "Back Taxes and Fees": "Classified as vacant by STL.", "Violations as of March 2026": "Most recent: 5/1/2025 (CSB)", "State": "Missouri" }, "geometry": { "type": "Point", "coordinates": [ -90.24184, 38.57513 ] } },
{ "type": "Feature", "properties": { "longitude": -90.252394, "latitude": 38.581702, "Address": "4404 S 39TH ST", "Owner (Historical)": "BEGANOVIC", "Back Taxes and Fees": "Classified as vacant by STL.", "Violations as of March 2026": "Most recent: 3/11/2026 (Inspection)", "State": "Missouri" }, "geometry": { "type": "Point", "coordinates": [ -90.25239, 38.5817 ] } },
{ "type": "Feature", "properties": { "longitude": -90.251399, "latitude": 38.589081, "Address": "3850 CHIPPEWA ST", "Owner (Historical)": "MOHAMMAD", "Back Taxes and Fees": "Classified as vacant by STL.", "Violations as of March 2026": "Most recent: 6/25/2025 (CSB)", "State": "Missouri" }, "geometry": { "type": "Point", "coordinates": [ -90.2514, 38.58908 ] } },
{ "type": "Feature", "properties": { "longitude": -90.238999, "latitude": 38.587608, "Address": "3210 CHIPPEWA ST", "Owner (Historical)": "ALLTYPE PROPERTIES LLC", "Back Taxes and Fees": "Classified as vacant by STL.", "Violations as of March 2026": "Most recent: 8/12/2025 (Inspection)", "State": "Missouri" }, "geometry": { "type": "Point", "coordinates": [ -90.239, 38.58761 ] } },
{ "type": "Feature", "properties": { "longitude": -90.245543, "latitude": 38.572645, "Address": "3415 ITASKA ST", "Owner (Historical)": "DANG", "Back Taxes and Fees": "Classified as vacant by STL.", "Violations as of March 2026": "Most recent: 7/28/2025 (CSB)", "State": "Missouri" }, "geometry": { "type": "Point", "coordinates": [ -90.24554, 38.57265 ] } },
{ "type": "Feature", "properties": { "longitude": -90.250619, "latitude": 38.578541, "Address": "4471 DEWEY AV", "Owner (Historical)": "MOORE", "Back Taxes and Fees": "Classified as vacant by STL.", "Violations as of March 2026": "Most recent: 3/23/2026 (Violation)", "State": "Missouri" }, "geometry": { "type": "Point", "coordinates": [ -90.25062, 38.57854 ] } },
{ "type": "Feature", "properties": { "longitude": -90.251423, "latitude": 38.579344, "Address": "4459 S 38TH ST", "Owner (Historical)": "GREAT RIVERS COMMUNITY CAPITAL CORP", "Back Taxes and Fees": "Classified as vacant by STL.", "Violations as of March 2026": "Most recent: 12/19/2025 (CSB)", "State": "Missouri" }, "geometry": { "type": "Point", "coordinates": [ -90.25142, 38.57934 ] } },
{ "type": "Feature", "properties": { "longitude": -90.244913, "latitude": 38.56701, "Address": "459 EICHELBERGER ST", "Owner (Historical)": "MBA", "Back Taxes and Fees": "Classified as vacant by STL.", "Violations as of March 2026": "Most recent: 8/27/2025 (Inspection)", "State": "Missouri" }, "geometry": { "type": "Point", "coordinates": [ -90.24491, 38.56701 ] } },
{ "type": "Feature", "properties": { "longitude": -90.229843, "latitude": 38.583604, "Address": "3935 OHIO AV", "Owner (Historical)": "CHATMAN", "Back Taxes and Fees": "Classified as vacant by STL.", "Violations as of March 2026": "Most recent: 10/12/2025 (Inspection)", "State": "Missouri" }, "geometry": { "type": "Point", "coordinates": [ -90.22984, 38.5836 ] } },
{ "type": "Feature", "properties": { "longitude": -90.231461, "latitude": 38.57992, "Address": "4138 IOWA AV", "Owner (Historical)": "OCG CAPITAL LLC", "Back Taxes and Fees": "Classified as vacant by STL.", "Violations as of March 2026": "Most recent: 2/6/2026 (Violation)", "State": "Missouri" }, "geometry": { "type": "Point", "coordinates": [ -90.23146, 38.57992 ] } },
{ "type": "Feature", "properties": { "longitude": -90.241946, "latitude": 38.587111, "Address": "3429 DUNNICA AV", "Owner (Historical)": "QUARTUCCIO", "Back Taxes and Fees": "Classified as vacant by STL.", "Violations as of March 2026": "Most recent: 2/19/2024 (Violation)", "State": "Missouri" }, "geometry": { "type": "Point", "coordinates": [ -90.24195, 38.58711 ] } },
{ "type": "Feature", "properties": { "longitude": -90.242812, "latitude": 38.587225, "Address": "3455 DUNNICA AV", "Owner (Historical)": "REGIONS BANK", "Back Taxes and Fees": "Classified as vacant by STL.", "Violations as of March 2026": "Most recent: 9/26/2025 (CSB)", "State": "Missouri" }, "geometry": { "type": "Point", "coordinates": [ -90.24281, 38.58722 ] } },
{ "type": "Feature", "properties": { "longitude": -90.24292, "latitude": 38.587239, "Address": "3457 DUNNICA AV", "Owner (Historical)": "LEVEL 19 LLC", "Back Taxes and Fees": "Classified as vacant by STL.", "Violations as of March 2026": "Most recent: 12/12/2025 (Violation)", "State": "Missouri" }, "geometry": { "type": "Point", "coordinates": [ -90.24292, 38.58724 ] } },
{ "type": "Feature", "properties": { "longitude": -90.240407, "latitude": 38.587777, "Address": "3322 CHIPPEWA ST", "Owner (Historical)": "JELITI", "Back Taxes and Fees": "Classified as vacant by STL.", "Violations as of March 2026": "Most recent: 2/18/2022 (CSB)", "State": "Missouri" }, "geometry": { "type": "Point", "coordinates": [ -90.24041, 38.58778 ] } },
{ "type": "Feature", "properties": { "longitude": -90.238827, "latitude": 38.587586, "Address": "3208 CHIPPEWA ST", "Owner (Historical)": "LRA", "Back Taxes and Fees": "Classified as vacant by STL.", "Violations as of March 2026": "Most recent: 1/12/2020 (Inspection)", "State": "Missouri" }, "geometry": { "type": "Point", "coordinates": [ -90.23883, 38.58759 ] } },
{ "type": "Feature", "properties": { "longitude": -90.241405, "latitude": 38.57598, "Address": "3214 N DAKOTA ST", "Owner (Historical)": "DLDDMB LLC", "Back Taxes and Fees": "Classified as vacant by STL.", "Violations as of March 2026": "Most recent: 3/11/2026 (Inspection)", "State": "Missouri" }, "geometry": { "type": "Point", "coordinates": [ -90.24141, 38.57598 ] } },
{ "type": "Feature", "properties": { "longitude": -90.238553, "latitude": 38.586608, "Address": "3833 S COMPTON AV", "Owner (Historical)": "TURNER-TATE", "Back Taxes and Fees": "Classified as vacant by STL.", "Violations as of March 2026": "Most recent: 8/9/2018 (Inspection)", "State": "Missouri" }, "geometry": { "type": "Point", "coordinates": [ -90.23855, 38.58661 ] } },
{ "type": "Feature", "properties": { "longitude": -90.237704, "latitude": 38.587433, "Address": "3136 CHIPPEWA ST", "Owner (Historical)": "FJEIREMO HOLDINGS LLC", "Back Taxes and Fees": "Classified as vacant by STL.", "Violations as of March 2026": "Most recent: 8/13/2025 (Inspection)", "State": "Missouri" }, "geometry": { "type": "Point", "coordinates": [ -90.2377, 38.58743 ] } },
{ "type": "Feature", "properties": { "longitude": -90.238467, "latitude": 38.586762, "Address": "3824 S COMPTON AV", "Owner (Historical)": "ORAV HOLDINGS LLC", "Back Taxes and Fees": "Classified as vacant by STL.", "Violations as of March 2026": "Most recent: 3/18/2024 (CSB)", "State": "Missouri" }, "geometry": { "type": "Point", "coordinates": [ -90.23847, 38.58676 ] } },
{ "type": "Feature", "properties": { "longitude": -90.236234, "latitude": 38.586602, "Address": "3821 MINNESOTA AV", "Owner (Historical)": "SANCHEZ", "Back Taxes and Fees": "Classified as vacant by STL.", "Violations as of March 2026": "Most recent: 2/6/2026 (CSB)", "State": "Missouri" }, "geometry": { "type": "Point", "coordinates": [ -90.23623, 38.5866 ] } },
{ "type": "Feature", "properties": { "longitude": -90.236284, "latitude": 38.586375, "Address": "3829 MINNESOTA AV", "Owner (Historical)": "GUARDIAN FUND LLC", "Back Taxes and Fees": "Classified as vacant by STL. 1", "Violations as of March 2026": "Most recent: 12/12/2025 (Violation)", "State": "Missouri" }, "geometry": { "type": "Point", "coordinates": [ -90.23628, 38.58637 ] } },
{ "type": "Feature", "properties": { "longitude": -90.23625, "latitude": 38.586529, "Address": "3825 MINNESOTA AV", "Owner (Historical)": "CHECKIN REALTY LLC", "Back Taxes and Fees": "Classified as vacant by STL.", "Violations as of March 2026": "Most recent: 1/8/2026 (Inspection)", "State": "Missouri" }, "geometry": { "type": "Point", "coordinates": [ -90.23625, 38.58653 ] } },
{ "type": "Feature", "properties": { "longitude": -90.236937, "latitude": 38.585553, "Address": "3111 KEOKUK ST", "Owner (Historical)": "ALLEN", "Back Taxes and Fees": "Classified as vacant by STL.", "Violations as of March 2026": "Most recent: 9/27/2020 (CSB)", "State": "Missouri" }, "geometry": { "type": "Point", "coordinates": [ -90.23694, 38.58555 ] } },
{ "type": "Feature", "properties": { "longitude": -90.237307, "latitude": 38.585602, "Address": "3121 KEOKUK ST", "Owner (Historical)": "DL 168 LLC", "Back Taxes and Fees": "Classified as vacant by STL.", "Violations as of March 2026": "Most recent: 10/30/2024 (Inspection)", "State": "Missouri" }, "geometry": { "type": "Point", "coordinates": [ -90.23731, 38.5856 ] } },
{ "type": "Feature", "properties": { "longitude": -90.236254, "latitude": 38.586257, "Address": "3834 MINNESOTA AV", "Owner (Historical)": "PANCT LLC", "Back Taxes and Fees": "Classified as vacant by STL.", "Violations as of March 2026": "Most recent: 11/23/2025 (Inspection)", "State": "Missouri" }, "geometry": { "type": "Point", "coordinates": [ -90.23625, 38.58626 ] } },
{ "type": "Feature", "properties": { "longitude": -90.236247, "latitude": 38.58629, "Address": "3832 MINNESOTA AV", "Owner (Historical)": "METROPRO DEVELOPMENT LLC", "Back Taxes and Fees": "Classified as vacant by STL. 2", "Violations as of March 2026": "Most recent: 7/28/2021 (Inspection)", "State": "Missouri" }, "geometry": { "type": "Point", "coordinates": [ -90.23625, 38.58629 ] } },
{ "type": "Feature", "properties": { "longitude": -90.236232, "latitude": 38.586358, "Address": "3830 MINNESOTA AV", "Owner (Historical)": "METROPRO DEVELOPMENT LLC", "Back Taxes and Fees": "Classified as vacant by STL. 2", "Violations as of March 2026": "Most recent: 4/17/2024 (CSB)", "State": "Missouri" }, "geometry": { "type": "Point", "coordinates": [ -90.23623, 38.58636 ] } },
{ "type": "Feature", "properties": { "longitude": -90.235117, "latitude": 38.586337, "Address": "3827 PENNSYLVANIA AV", "Owner (Historical)": "GOMEZ", "Back Taxes and Fees": "Classified as vacant by STL.", "Violations as of March 2026": "Most recent: 8/9/2021 (Violation)", "State": "Missouri" }, "geometry": { "type": "Point", "coordinates": [ -90.23512, 38.58634 ] } },
{ "type": "Feature", "properties": { "longitude": -90.235132, "latitude": 38.586269, "Address": "3829 PENNSYLVANIA AV", "Owner (Historical)": "JIT TRANSPORTATION SERVICES LLC", "Back Taxes and Fees": "Classified as vacant by STL.", "Violations as of March 2026": "Most recent: 1/26/2021 (Inspection)", "State": "Missouri" }, "geometry": { "type": "Point", "coordinates": [ -90.23513, 38.58627 ] } },
{ "type": "Feature", "properties": { "longitude": -90.235132, "latitude": 38.586001, "Address": "3840 PENNSYLVANIA AV", "Owner (Historical)": "PRETTY PROPERTIES LLC", "Back Taxes and Fees": "Classified as vacant by STL. 2", "Violations as of March 2026": "Most recent: 8/27/2024 (CSB)", "State": "Missouri" }, "geometry": { "type": "Point", "coordinates": [ -90.23513, 38.586 ] } },
{ "type": "Feature", "properties": { "longitude": -90.235513, "latitude": 38.585381, "Address": "3003 KEOKUK ST", "Owner (Historical)": "BLUE LOTUS PROPERTY GROUP LLC", "Back Taxes and Fees": "Classified as vacant by STL. 2", "Violations as of March 2026": "Most recent: 5/30/2025 (CSB)", "State": "Missouri" }, "geometry": { "type": "Point", "coordinates": [ -90.23551, 38.58538 ] } },
{ "type": "Feature", "properties": { "longitude": -90.233926, "latitude": 38.58639, "Address": "3819 NEBRASKA AV", "Owner (Historical)": "HY REAL ESTATE LLC", "Back Taxes and Fees": "Classified as vacant by STL.", "Violations as of March 2026": "Most recent: 3/22/2024 (Violation)", "State": "Missouri" }, "geometry": { "type": "Point", "coordinates": [ -90.23393, 38.58639 ] } },
{ "type": "Feature", "properties": { "longitude": -90.233908, "latitude": 38.586472, "Address": "3817 NEBRASKA AV", "Owner (Historical)": "RENEWAL DEVELOPMENT LLC", "Back Taxes and Fees": "Classified as vacant by STL.", "Violations as of March 2026": "Most recent: 3/22/2024 (Violation)", "State": "Missouri" }, "geometry": { "type": "Point", "coordinates": [ -90.23391, 38.58647 ] } },
{ "type": "Feature", "properties": { "longitude": -90.234153, "latitude": 38.585356, "Address": "3859 NEBRASKA AV", "Owner (Historical)": "GUTIERREZ", "Back Taxes and Fees": "Classified as vacant by STL.", "Violations as of March 2026": "Most recent: 12/27/2025 (CSB)", "State": "Missouri" }, "geometry": { "type": "Point", "coordinates": [ -90.23415, 38.58536 ] } },
{ "type": "Feature", "properties": { "longitude": -90.232875, "latitude": 38.585924, "Address": "3831 OREGON AV", "Owner (Historical)": "DIAZ", "Back Taxes and Fees": "Classified as vacant by STL.", "Violations as of March 2026": "Most recent: 4/20/2026 (Violation)", "State": "Missouri" }, "geometry": { "type": "Point", "coordinates": [ -90.23288, 38.58592 ] } },
{ "type": "Feature", "properties": { "longitude": -90.233427, "latitude": 38.585126, "Address": "2841 KEOKUK ST", "Owner (Historical)": "MONTGOMERY", "Back Taxes and Fees": "Classified as vacant by STL.", "Violations as of March 2026": "Most recent: 4/16/2024 (Violation)", "State": "Missouri" }, "geometry": { "type": "Point", "coordinates": [ -90.23343, 38.58513 ] } },
{ "type": "Feature", "properties": { "longitude": -90.232886, "latitude": 38.585598, "Address": "3846 OREGON AV", "Owner (Historical)": "ANTHONY GROUP LLC", "Back Taxes and Fees": "Classified as vacant by STL. 2", "Violations as of March 2026": "Most recent: 4/27/2026 (Violation)", "State": "Missouri" }, "geometry": { "type": "Point", "coordinates": [ -90.23289, 38.5856 ] } },
{ "type": "Feature", "properties": { "longitude": -90.233654, "latitude": 38.585152, "Address": "2847 KEOKUK ST", "Owner (Historical)": "DORN", "Back Taxes and Fees": "Classified as vacant by STL.", "Violations as of March 2026": "Most recent: 5/9/2024 (CSB)", "State": "Missouri" }, "geometry": { "type": "Point", "coordinates": [ -90.23365, 38.58515 ] } },
{ "type": "Feature", "properties": { "longitude": -90.232844, "latitude": 38.585802, "Address": "3836 OREGON AV", "Owner (Historical)": "CITY HOME BUILDERS LLC", "Back Taxes and Fees": "Classified as vacant by STL. 3", "Violations as of March 2026": "Most recent: 6/25/2025 (CSB)", "State": "Missouri" }, "geometry": { "type": "Point", "coordinates": [ -90.23284, 38.5858 ] } },
{ "type": "Feature", "properties": { "longitude": -90.231647, "latitude": 38.586175, "Address": "3815 CALIFORNIA AV", "Owner (Historical)": "SCHIEROFF", "Back Taxes and Fees": "Classified as vacant by STL.", "Violations as of March 2026": "Most recent: 7/16/2025 (Inspection)", "State": "Missouri" }, "geometry": { "type": "Point", "coordinates": [ -90.23165, 38.58617 ] } },
{ "type": "Feature", "properties": { "longitude": -90.232392, "latitude": 38.584996, "Address": "2811 KEOKUK ST", "Owner (Historical)": "KM RENTAL PLUS LLC", "Back Taxes and Fees": "Classified as vacant by STL.", "Violations as of March 2026": "Most recent: 1/21/2026 (Inspection)", "State": "Missouri" }, "geometry": { "type": "Point", "coordinates": [ -90.23239, 38.585 ] } },
{ "type": "Feature", "properties": { "longitude": -90.232563, "latitude": 38.585019, "Address": "2817 KEOKUK ST", "Owner (Historical)": "LRA", "Back Taxes and Fees": "Classified as vacant by STL.", "Violations as of March 2026": "Most recent: 2/18/2026 (CSB)", "State": "Missouri" }, "geometry": { "type": "Point", "coordinates": [ -90.23256, 38.58502 ] } },
{ "type": "Feature", "properties": { "longitude": -90.230665, "latitude": 38.58514, "Address": "3851 IOWA AV", "Owner (Historical)": "RILEY", "Back Taxes and Fees": "Classified as vacant by STL.", "Violations as of March 2026": "Most recent: 10/1/2025 (Inspection)", "State": "Missouri" }, "geometry": { "type": "Point", "coordinates": [ -90.23067, 38.58514 ] } },
{ "type": "Feature", "properties": { "longitude": -90.231661, "latitude": 38.585827, "Address": "3830 CALIFORNIA AV", "Owner (Historical)": "PITTMAN", "Back Taxes and Fees": "Classified as vacant by STL.", "Violations as of March 2026": "Most recent: 5/17/2023 (Violation)", "State": "Missouri" }, "geometry": { "type": "Point", "coordinates": [ -90.23166, 38.58583 ] } },
{ "type": "Feature", "properties": { "longitude": -90.229488, "latitude": 38.585307, "Address": "3837 OHIO AV", "Owner (Historical)": "MARSHBURN", "Back Taxes and Fees": "Classified as vacant by STL.", "Violations as of March 2026": "Most recent: 10/20/2024 (Inspection)", "State": "Missouri" }, "geometry": { "type": "Point", "coordinates": [ -90.22949, 38.58531 ] } },
{ "type": "Feature", "properties": { "longitude": -90.2295, "latitude": 38.585251, "Address": "3839 OHIO AV", "Owner (Historical)": "STEWART", "Back Taxes and Fees": "Classified as vacant by STL.", "Violations as of March 2026": "Most recent: 4/3/2026 (Violation)", "State": "Missouri" }, "geometry": { "type": "Point", "coordinates": [ -90.2295, 38.58525 ] } },
{ "type": "Feature", "properties": { "longitude": -90.229513, "latitude": 38.585191, "Address": "3843 OHIO AV", "Owner (Historical)": "TOSKA PROPERTIES LLC", "Back Taxes and Fees": "Classified as vacant by STL.", "Violations as of March 2026": "Most recent: 4/28/2025 (Inspection)", "State": "Missouri" }, "geometry": { "type": "Point", "coordinates": [ -90.22951, 38.58519 ] } },
{ "type": "Feature", "properties": { "longitude": -90.229379, "latitude": 38.585553, "Address": "3830 OHIO AV", "Owner (Historical)": "KAI REALTY GROUP LLC", "Back Taxes and Fees": "Classified as vacant by STL.", "Violations as of March 2026": "Most recent: 12/15/2025 (Violation)", "State": "Missouri" }, "geometry": { "type": "Point", "coordinates": [ -90.22938, 38.58555 ] } },
{ "type": "Feature", "properties": { "longitude": -90.228345, "latitude": 38.585294, "Address": "3834 TEXAS AV", "Owner (Historical)": "BUTTE LLC", "Back Taxes and Fees": "Classified as vacant by STL.", "Violations as of March 2026": "Most recent: 12/28/2025 (Inspection)", "State": "Missouri" }, "geometry": { "type": "Point", "coordinates": [ -90.22835, 38.58529 ] } },
{ "type": "Feature", "properties": { "longitude": -90.22829, "latitude": 38.585552, "Address": "3824 TEXAS AV", "Owner (Historical)": "MINUTE MAID PROPERTIES LLC", "Back Taxes and Fees": "Classified as vacant by STL. 3", "Violations as of March 2026": "Most recent: 5/27/2024 (Violation)", "State": "Missouri" }, "geometry": { "type": "Point", "coordinates": [ -90.22829, 38.58555 ] } },
{ "type": "Feature", "properties": { "longitude": -90.228271, "latitude": 38.585626, "Address": "3822 TEXAS AV", "Owner (Historical)": "SALTER", "Back Taxes and Fees": "Classified as vacant by STL.", "Violations as of March 2026": "Most recent: 4/17/2025 (CSB)", "State": "Missouri" }, "geometry": { "type": "Point", "coordinates": [ -90.22827, 38.58563 ] } },
{ "type": "Feature", "properties": { "longitude": -90.230942, "latitude": 38.583632, "Address": "3938 IOWA AV", "Owner (Historical)": "UTURN HOLDINGS LLC", "Back Taxes and Fees": "Classified as vacant by STL.", "Violations as of March 2026": "Most recent: 6/12/2025 (Inspection)", "State": "Missouri" }, "geometry": { "type": "Point", "coordinates": [ -90.23094, 38.58363 ] } },
{ "type": "Feature", "properties": { "longitude": -90.230926, "latitude": 38.583703, "Address": "3936 IOWA AV", "Owner (Historical)": "SCOTT", "Back Taxes and Fees": "Classified as vacant by STL.", "Violations as of March 2026": "Most recent: 12/16/2024 (Inspection)", "State": "Missouri" }, "geometry": { "type": "Point", "coordinates": [ -90.23093, 38.5837 ] } },
{ "type": "Feature", "properties": { "longitude": -90.230975, "latitude": 38.58349, "Address": "3942 IOWA AV", "Owner (Historical)": "MURRAY", "Back Taxes and Fees": "Classified as vacant by STL.", "Violations as of March 2026": "Most recent: 8/17/2025 (CSB)", "State": "Missouri" }, "geometry": { "type": "Point", "coordinates": [ -90.23098, 38.58349 ] } },
{ "type": "Feature", "properties": { "longitude": -90.230734, "latitude": 38.584542, "Address": "3906 IOWA AV", "Owner (Historical)": "TALLEY", "Back Taxes and Fees": "Classified as vacant by STL.", "Violations as of March 2026": "Most recent: 11/18/2024 (Violation)", "State": "Missouri" }, "geometry": { "type": "Point", "coordinates": [ -90.23073, 38.58454 ] } },
{ "type": "Feature", "properties": { "longitude": -90.230033, "latitude": 38.584645, "Address": "2708 KEOKUK ST", "Owner (Historical)": "THORTON", "Back Taxes and Fees": "Classified as vacant by STL.", "Violations as of March 2026": "Most recent: 12/17/2025 (Inspection)", "State": "Missouri" }, "geometry": { "type": "Point", "coordinates": [ -90.23003, 38.58465 ] } },
{ "type": "Feature", "properties": { "longitude": -90.22987, "latitude": 38.583471, "Address": "3939 OHIO AV", "Owner (Historical)": "SMITH", "Back Taxes and Fees": "Classified as vacant by STL.", "Violations as of March 2026": "Most recent: 11/5/2025 (Inspection)", "State": "Missouri" }, "geometry": { "type": "Point", "coordinates": [ -90.22987, 38.58347 ] } },
{ "type": "Feature", "properties": { "longitude": -90.229802, "latitude": 38.583802, "Address": "3927 OHIO AV", "Owner (Historical)": "GORDON", "Back Taxes and Fees": "Classified as vacant by STL.", "Violations as of March 2026": "Most recent: 7/23/2024 (Violation)", "State": "Missouri" }, "geometry": { "type": "Point", "coordinates": [ -90.2298, 38.5838 ] } },
{ "type": "Feature", "properties": { "longitude": -90.229827, "latitude": 38.58368, "Address": "3931 OHIO AV", "Owner (Historical)": "HALL", "Back Taxes and Fees": "Classified as vacant by STL.", "Violations as of March 2026": "Most recent: 10/2/2020 (CSB)", "State": "Missouri" }, "geometry": { "type": "Point", "coordinates": [ -90.22983, 38.58368 ] } },
{ "type": "Feature", "properties": { "longitude": -90.229787, "latitude": 38.583878, "Address": "3923 OHIO AV", "Owner (Historical)": "RUBICON CORP", "Back Taxes and Fees": "Classified as vacant by STL.", "Violations as of March 2026": "Most recent: 8/1/2025 (CSB)", "State": "Missouri" }, "geometry": { "type": "Point", "coordinates": [ -90.22979, 38.58388 ] } },
{ "type": "Feature", "properties": { "longitude": -90.2331, "latitude": 38.584558, "Address": "3914 OREGON AV", "Owner (Historical)": "KENNEDY", "Back Taxes and Fees": "Classified as vacant by STL.", "Violations as of March 2026": "Most recent: 6/21/2022 (Violation)", "State": "Missouri" }, "geometry": { "type": "Point", "coordinates": [ -90.2331, 38.58456 ] } },
{ "type": "Feature", "properties": { "longitude": -90.232022, "latitude": 38.584057, "Address": "3928 CALIFORNIA AV", "Owner (Historical)": "LRA C/O DERRYL M HOWARD JR", "Back Taxes and Fees": "Classified as vacant by STL.", "Violations as of March 2026": "Most recent: 9/6/2023 (Inspection)", "State": "Missouri" }, "geometry": { "type": "Point", "coordinates": [ -90.23202, 38.58406 ] } },
{ "type": "Feature", "properties": { "longitude": -90.233116, "latitude": 38.58448, "Address": "3918 OREGON AV", "Owner (Historical)": "RENEWAL DEVELOPMENT LLC", "Back Taxes and Fees": "Classified as vacant by STL.", "Violations as of March 2026": "Most recent: 5/17/2022 (Inspection)", "State": "Missouri" }, "geometry": { "type": "Point", "coordinates": [ -90.23312, 38.58448 ] } },
{ "type": "Feature", "properties": { "longitude": -90.232171, "latitude": 38.583608, "Address": "3945 CALIFORNIA AV", "Owner (Historical)": "THOMPSON-JONES", "Back Taxes and Fees": "Classified as vacant by STL.", "Violations as of March 2026": "Most recent: 2/26/2026 (CSB)", "State": "Missouri" }, "geometry": { "type": "Point", "coordinates": [ -90.23217, 38.58361 ] } },
{ "type": "Feature", "properties": { "longitude": -90.23245, "latitude": 38.584778, "Address": "2812 KEOKUK ST", "Owner (Historical)": "ORELLANA", "Back Taxes and Fees": "Classified as vacant by STL.", "Violations as of March 2026": "Most recent: 8/10/2025 (Inspection)", "State": "Missouri" }, "geometry": { "type": "Point", "coordinates": [ -90.23245, 38.58478 ] } },
{ "type": "Feature", "properties": { "longitude": -90.232341, "latitude": 38.584934, "Address": "2808 KEOKUK ST", "Owner (Historical)": "REED'USSERY", "Back Taxes and Fees": "Classified as vacant by STL.", "Violations as of March 2026": "Most recent: 11/24/2025 (Violation)", "State": "Missouri" }, "geometry": { "type": "Point", "coordinates": [ -90.23234, 38.58493 ] } },
{ "type": "Feature", "properties": { "longitude": -90.230592, "latitude": 38.582932, "Address": "2715 OSAGE ST", "Owner (Historical)": "BELLA TERRA PARTNERS 401K PLAN", "Back Taxes and Fees": "Classified as vacant by STL. 1", "Violations as of March 2026": "Most recent: 2/24/2026 (Inspection)", "State": "Missouri" }, "geometry": { "type": "Point", "coordinates": [ -90.23059, 38.58293 ] } },
{ "type": "Feature", "properties": { "longitude": -90.233231, "latitude": 38.584193, "Address": "3929 OREGON AV", "Owner (Historical)": "LUTHER", "Back Taxes and Fees": "Classified as vacant by STL.", "Violations as of March 2026": "Most recent: 6/19/2023 (Violation)", "State": "Missouri" }, "geometry": { "type": "Point", "coordinates": [ -90.23323, 38.58419 ] } },
{ "type": "Feature", "properties": { "longitude": -90.234932, "latitude": 38.585255, "Address": "2918 KEOKUK ST", "Owner (Historical)": "FOREVER HOME REALTY LLC", "Back Taxes and Fees": "Classified as vacant by STL.", "Violations as of March 2026": "Most recent: 5/6/2025 (Inspection)", "State": "Missouri" }, "geometry": { "type": "Point", "coordinates": [ -90.23493, 38.58525 ] } },
{ "type": "Feature", "properties": { "longitude": -90.234632, "latitude": 38.585216, "Address": "2908 KEOKUK ST", "Owner (Historical)": "LRA", "Back Taxes and Fees": "Classified as vacant by STL.", "Violations as of March 2026": "Most recent: 6/25/2025 (CSB)", "State": "Missouri" }, "geometry": { "type": "Point", "coordinates": [ -90.23463, 38.58522 ] } },
{ "type": "Feature", "properties": { "longitude": -90.236658, "latitude": 38.584302, "Address": "3940 MINNESOTA AV", "Owner (Historical)": "MAURICE G INVESTMENTS LLC", "Back Taxes and Fees": "Classified as vacant by STL. 1", "Violations as of March 2026": "Most recent: 7/15/2025 (CSB)", "State": "Missouri" }, "geometry": { "type": "Point", "coordinates": [ -90.23666, 38.5843 ] } },
{ "type": "Feature", "properties": { "longitude": -90.234238, "latitude": 38.583392, "Address": "2851 OSAGE ST", "Owner (Historical)": "MABRE PROPERTIES LLC", "Back Taxes and Fees": "Classified as vacant by STL.", "Violations as of March 2026": "Most recent: 8/10/2024 (Violation)", "State": "Missouri" }, "geometry": { "type": "Point", "coordinates": [ -90.23424, 38.58339 ] } },
{ "type": "Feature", "properties": { "longitude": -90.235928, "latitude": 38.585373, "Address": "3014 KEOKUK ST", "Owner (Historical)": "K&M RENTAL PUS LLC", "Back Taxes and Fees": "Classified as vacant by STL.", "Violations as of March 2026": "Most recent: 10/2/2025 (CSB)", "State": "Missouri" }, "geometry": { "type": "Point", "coordinates": [ -90.23593, 38.58537 ] } },
{ "type": "Feature", "properties": { "longitude": -90.235477, "latitude": 38.585322, "Address": "3000 KEOKUK ST", "Owner (Historical)": "MERAMEC COMMUNITY LLC", "Back Taxes and Fees": "Classified as vacant by STL.", "Violations as of March 2026": "Most recent: 5/4/2026 (Violation)", "State": "Missouri" }, "geometry": { "type": "Point", "coordinates": [ -90.23548, 38.58532 ] } },
{ "type": "Feature", "properties": { "longitude": -90.236673, "latitude": 38.584508, "Address": "3931 MINNESOTA AV", "Owner (Historical)": "MARQUETTE HOMES PARTNERS LP", "Back Taxes and Fees": "Classified as vacant by STL.", "Violations as of March 2026": "Most recent: 3/4/2026 (CSB)", "State": "Missouri" }, "geometry": { "type": "Point", "coordinates": [ -90.23667, 38.58451 ] } },
{ "type": "Feature", "properties": { "longitude": -90.234995, "latitude": 38.583494, "Address": "2911 OSAGE ST", "Owner (Historical)": "POLEY", "Back Taxes and Fees": "Classified as vacant by STL.", "Violations as of March 2026": "Most recent: 4/27/2026 (Violation)", "State": "Missouri" }, "geometry": { "type": "Point", "coordinates": [ -90.23499, 38.58349 ] } },
{ "type": "Feature", "properties": { "longitude": -90.23673, "latitude": 38.58547, "Address": "3104 KEOKUK ST", "Owner (Historical)": "GJD VENTURES LLC", "Back Taxes and Fees": "Classified as vacant by STL.", "Violations as of March 2026": "Most recent: 9/3/2025 (Inspection)", "State": "Missouri" }, "geometry": { "type": "Point", "coordinates": [ -90.23673, 38.58547 ] } },
{ "type": "Feature", "properties": { "longitude": -90.237879, "latitude": 38.584307, "Address": "3945 MICHIGAN AV", "Owner (Historical)": "GUARDIAN FUND LLC", "Back Taxes and Fees": "Classified as vacant by STL. 1", "Violations as of March 2026": "Most recent: 12/3/2025 (Inspection)", "State": "Missouri" }, "geometry": { "type": "Point", "coordinates": [ -90.23788, 38.58431 ] } },
{ "type": "Feature", "properties": { "longitude": -90.238838, "latitude": 38.58491, "Address": "3928 S COMPTON AV", "Owner (Historical)": "REECE", "Back Taxes and Fees": "Classified as vacant by STL.", "Violations as of March 2026": "Most recent: 10/23/2024 (Inspection)", "State": "Missouri" }, "geometry": { "type": "Point", "coordinates": [ -90.23884, 38.58491 ] } },
{ "type": "Feature", "properties": { "longitude": -90.238824, "latitude": 38.584977, "Address": "3926 S COMPTON AV", "Owner (Historical)": "LANG", "Back Taxes and Fees": "Classified as vacant by STL.", "Violations as of March 2026": "Most recent: 2/26/2026 (CSB)", "State": "Missouri" }, "geometry": { "type": "Point", "coordinates": [ -90.23882, 38.58498 ] } },
{ "type": "Feature", "properties": { "longitude": -90.238841, "latitude": 38.58517, "Address": "3919 S COMPTON AV", "Owner (Historical)": "VANDELAY LLC", "Back Taxes and Fees": "Classified as vacant by STL.", "Violations as of March 2026": "Most recent: 1/19/2026 (Inspection)", "State": "Missouri" }, "geometry": { "type": "Point", "coordinates": [ -90.23884, 38.58517 ] } },
{ "type": "Feature", "properties": { "longitude": -90.238886, "latitude": 38.584946, "Address": "3927 S COMPTON AV", "Owner (Historical)": "REYNOLDS", "Back Taxes and Fees": "Classified as vacant by STL.", "Violations as of March 2026": "Most recent: 10/22/2024 (CSB)", "State": "Missouri" }, "geometry": { "type": "Point", "coordinates": [ -90.23889, 38.58495 ] } },
{ "type": "Feature", "properties": { "longitude": -90.242228, "latitude": 38.585305, "Address": "3427 ALBERTA ST", "Owner (Historical)": "JS DILLARD & ASSOC LLC", "Back Taxes and Fees": "Classified as vacant by STL.", "Violations as of March 2026": "Most recent: 10/18/2025 (CSB)", "State": "Missouri" }, "geometry": { "type": "Point", "coordinates": [ -90.24223, 38.5853 ] } },
{ "type": "Feature", "properties": { "longitude": -90.243964, "latitude": 38.585539, "Address": "3511 ALBERTA ST", "Owner (Historical)": "MUHOVIC", "Back Taxes and Fees": "Classified as vacant by STL.", "Violations as of March 2026": "Most recent: 2/21/2023 (Violation)", "State": "Missouri" }, "geometry": { "type": "Point", "coordinates": [ -90.24396, 38.58554 ] } },
{ "type": "Feature", "properties": { "longitude": -90.242458, "latitude": 38.584428, "Address": "3429 OSAGE ST", "Owner (Historical)": "JOHNSON", "Back Taxes and Fees": "Classified as vacant by STL.", "Violations as of March 2026": "Most recent: 7/26/2023 (CSB)", "State": "Missouri" }, "geometry": { "type": "Point", "coordinates": [ -90.24246, 38.58443 ] } },
{ "type": "Feature", "properties": { "longitude": -90.246013, "latitude": 38.584313, "Address": "3628 LIERMANN AV", "Owner (Historical)": "DICKERSON", "Back Taxes and Fees": "Classified as vacant by STL.", "Violations as of March 2026": "Most recent: 5/27/2025 (Inspection)", "State": "Missouri" }, "geometry": { "type": "Point", "coordinates": [ -90.24601, 38.58431 ] } },
{ "type": "Feature", "properties": { "longitude": -90.24626, "latitude": 38.58263, "Address": "3647 GASCONADE ST", "Owner (Historical)": "AMA MANAGEMENT LLC", "Back Taxes and Fees": "Classified as vacant by STL. 2", "Violations as of March 2026": "Most recent: 5/4/2026 (Violation)", "State": "Missouri" }, "geometry": { "type": "Point", "coordinates": [ -90.24626, 38.58263 ] } },
{ "type": "Feature", "properties": { "longitude": -90.246375, "latitude": 38.582643, "Address": "3649 GASCONADE ST", "Owner (Historical)": "AMA MANAGEMENT LLC", "Back Taxes and Fees": "Classified as vacant by STL. 2", "Violations as of March 2026": "Most recent: 4/13/2026 (Violation)", "State": "Missouri" }, "geometry": { "type": "Point", "coordinates": [ -90.24638, 38.58264 ] } },
{ "type": "Feature", "properties": { "longitude": -90.246093, "latitude": 38.583477, "Address": "3637 MONTANA ST", "Owner (Historical)": "KENTISH HILL PROPERTIES", "Back Taxes and Fees": "Classified as vacant by STL. 1", "Violations as of March 2026": "Most recent: 4/20/2026 (Violation)", "State": "Missouri" }, "geometry": { "type": "Point", "coordinates": [ -90.24609, 38.58348 ] } },
{ "type": "Feature", "properties": { "longitude": -90.2463, "latitude": 38.583503, "Address": "3643 MONTANA ST", "Owner (Historical)": "TAYLOR", "Back Taxes and Fees": "Classified as vacant by STL.", "Violations as of March 2026": "Most recent: 4/20/2026 (Violation)", "State": "Missouri" }, "geometry": { "type": "Point", "coordinates": [ -90.2463, 38.5835 ] } },
{ "type": "Feature", "properties": { "longitude": -90.246541, "latitude": 38.584439, "Address": "3645 LIERMANN AV", "Owner (Historical)": "EVERSOLE INVESTING LLC", "Back Taxes and Fees": "Classified as vacant by STL.", "Violations as of March 2026": "Most recent: 8/15/2025 (CSB)", "State": "Missouri" }, "geometry": { "type": "Point", "coordinates": [ -90.24654, 38.58444 ] } },
{ "type": "Feature", "properties": { "longitude": -90.246406, "latitude": 38.583517, "Address": "3645 MONTANA ST", "Owner (Historical)": "ATAVISTA PROPERTIES LLC", "Back Taxes and Fees": "Classified as vacant by STL.", "Violations as of March 2026": "Most recent: 2/16/2026 (Inspection)", "State": "Missouri" }, "geometry": { "type": "Point", "coordinates": [ -90.24641, 38.58352 ] } },
{ "type": "Feature", "properties": { "longitude": -90.247889, "latitude": 38.583699, "Address": "3689 MONTANA ST", "Owner (Historical)": "PARRETT", "Back Taxes and Fees": "Classified as vacant by STL.", "Violations as of March 2026": "Most recent: 5/1/2026 (Violation)", "State": "Missouri" }, "geometry": { "type": "Point", "coordinates": [ -90.24789, 38.5837 ] } },
{ "type": "Feature", "properties": { "longitude": -90.246976, "latitude": 38.584497, "Address": "3657 LIERMANN AV", "Owner (Historical)": "GUARDIAN FUND LLC", "Back Taxes and Fees": "Classified as vacant by STL. 1", "Violations as of March 2026": "Most recent: 4/6/2026 (Violation)", "State": "Missouri" }, "geometry": { "type": "Point", "coordinates": [ -90.24698, 38.5845 ] } },
{ "type": "Feature", "properties": { "longitude": -90.234794, "latitude": 38.582102, "Address": "4042 NEBRASKA AV", "Owner (Historical)": "VANDELAY LLC", "Back Taxes and Fees": "Classified as vacant by STL.", "Violations as of March 2026": "Most recent: 10/17/2025 (Violation)", "State": "Missouri" }, "geometry": { "type": "Point", "coordinates": [ -90.23479, 38.5821 ] } },
{ "type": "Feature", "properties": { "longitude": -90.235982, "latitude": 38.582255, "Address": "4041 PENNSYLVANIA AV", "Owner (Historical)": "PICTOR PROPERTIES LLC", "Back Taxes and Fees": "Classified as vacant by STL.", "Violations as of March 2026": "Most recent: 10/23/2025 (CSB)", "State": "Missouri" }, "geometry": { "type": "Point", "coordinates": [ -90.23598, 38.58226 ] } },
{ "type": "Feature", "properties": { "longitude": -90.233547, "latitude": 38.582641, "Address": "4019 OREGON AV", "Owner (Historical)": "ANDON", "Back Taxes and Fees": "Classified as vacant by STL.", "Violations as of March 2026": "Most recent: 9/23/2025 (Inspection)", "State": "Missouri" }, "geometry": { "type": "Point", "coordinates": [ -90.23355, 38.58264 ] } },
{ "type": "Feature", "properties": { "longitude": -90.233651, "latitude": 38.581939, "Address": "4044 OREGON AV", "Owner (Historical)": "LRA", "Back Taxes and Fees": "Classified as vacant by STL.", "Violations as of March 2026": "Most recent: 12/22/2025 (Inspection)", "State": "Missouri" }, "geometry": { "type": "Point", "coordinates": [ -90.23365, 38.58194 ] } },
{ "type": "Feature", "properties": { "longitude": -90.233563, "latitude": 38.582571, "Address": "4021 OREGON AV", "Owner (Historical)": "LRA", "Back Taxes and Fees": "Classified as vacant by STL.", "Violations as of March 2026": "Most recent: 6/20/2025 (CSB)", "State": "Missouri" }, "geometry": { "type": "Point", "coordinates": [ -90.23356, 38.58257 ] } },
{ "type": "Feature", "properties": { "longitude": -90.233512, "latitude": 38.582546, "Address": "4024 OREGON AV", "Owner (Historical)": "JOHNSON", "Back Taxes and Fees": "Classified as vacant by STL.", "Violations as of March 2026": "Most recent: 5/13/2024 (Violation)", "State": "Missouri" }, "geometry": { "type": "Point", "coordinates": [ -90.23351, 38.58255 ] } },
{ "type": "Feature", "properties": { "longitude": -90.232473, "latitude": 38.5821, "Address": "4033 CALIFORNIA AV", "Owner (Historical)": "MCKOY", "Back Taxes and Fees": "Classified as vacant by STL.", "Violations as of March 2026": "Most recent: 10/29/2025 (CSB)", "State": "Missouri" }, "geometry": { "type": "Point", "coordinates": [ -90.23247, 38.5821 ] } },
{ "type": "Feature", "properties": { "longitude": -90.232458, "latitude": 38.582173, "Address": "4031 CALIFORNIA AV", "Owner (Historical)": "HAGENS", "Back Taxes and Fees": "Classified as vacant by STL.", "Violations as of March 2026": "Most recent: 8/12/2023 (Violation)", "State": "Missouri" }, "geometry": { "type": "Point", "coordinates": [ -90.23246, 38.58217 ] } },
{ "type": "Feature", "properties": { "longitude": -90.232487, "latitude": 38.582028, "Address": "4035 CALIFORNIA AV", "Owner (Historical)": "PROVO PARTNERS LLC", "Back Taxes and Fees": "Classified as vacant by STL.", "Violations as of March 2026": "Most recent: 2/24/2026 (Inspection)", "State": "Missouri" }, "geometry": { "type": "Point", "coordinates": [ -90.23249, 38.58203 ] } },
{ "type": "Feature", "properties": { "longitude": -90.23256, "latitude": 38.581683, "Address": "4049 CALIFORNIA AV", "Owner (Historical)": "THOMAS", "Back Taxes and Fees": "Classified as vacant by STL.", "Violations as of March 2026": "Most recent: 10/10/2022 (CSB)", "State": "Missouri" }, "geometry": { "type": "Point", "coordinates": [ -90.23256, 38.58168 ] } },
{ "type": "Feature", "properties": { "longitude": -90.232515, "latitude": 38.58189, "Address": "4041 CALIFORNIA AV", "Owner (Historical)": "THOMAS", "Back Taxes and Fees": "Classified as vacant by STL.", "Violations as of March 2026": "Most recent: 6/6/2022 (Inspection)", "State": "Missouri" }, "geometry": { "type": "Point", "coordinates": [ -90.23252, 38.58189 ] } },
{ "type": "Feature", "properties": { "longitude": -90.232859, "latitude": 38.583152, "Address": "2812 OSAGE ST", "Owner (Historical)": "MANCILLA", "Back Taxes and Fees": "Classified as vacant by STL.", "Violations as of March 2026": "Most recent: 2/24/2026 (Inspection)", "State": "Missouri" }, "geometry": { "type": "Point", "coordinates": [ -90.23286, 38.58315 ] } },
{ "type": "Feature", "properties": { "longitude": -90.230151, "latitude": 38.582095, "Address": "4023 OHIO AV", "Owner (Historical)": "MISSOURI URBAN DEVELOPMENT LLC", "Back Taxes and Fees": "Classified as vacant by STL.", "Violations as of March 2026": "Most recent: 9/15/2025 (CSB)", "State": "Missouri" }, "geometry": { "type": "Point", "coordinates": [ -90.23015, 38.5821 ] } },
{ "type": "Feature", "properties": { "longitude": -90.23394, "latitude": 38.580545, "Address": "4130 OREGON AV", "Owner (Historical)": "TEAM PROPERTY MANAGEMENT LLC", "Back Taxes and Fees": "Classified as vacant by STL.", "Violations as of March 2026": "Most recent: 4/20/2026 (Violation)", "State": "Missouri" }, "geometry": { "type": "Point", "coordinates": [ -90.23394, 38.58055 ] } },
{ "type": "Feature", "properties": { "longitude": -90.233877, "latitude": 38.580841, "Address": "4118 OREGON AV", "Owner (Historical)": "STOTLER", "Back Taxes and Fees": "Classified as vacant by STL.", "Violations as of March 2026": "Most recent: 5/18/2026 (Violation)", "State": "Missouri" }, "geometry": { "type": "Point", "coordinates": [ -90.23388, 38.58084 ] } },
{ "type": "Feature", "properties": { "longitude": -90.233824, "latitude": 38.581092, "Address": "4110 OREGON AV", "Owner (Historical)": "RSGT INVESTMENTS LLC", "Back Taxes and Fees": "Classified as vacant by STL. 2", "Violations as of March 2026": "Most recent: 9/21/2025 (Inspection)", "State": "Missouri" }, "geometry": { "type": "Point", "coordinates": [ -90.23382, 38.58109 ] } },
{ "type": "Feature", "properties": { "longitude": -90.229311, "latitude": 38.582722, "Address": "2640 OSAGE ST", "Owner (Historical)": "DCI ENTERPRISES LLC", "Back Taxes and Fees": "Classified as vacant by STL.", "Violations as of March 2026": "Most recent: 5/13/2024 (Violation)", "State": "Missouri" }, "geometry": { "type": "Point", "coordinates": [ -90.22931, 38.58272 ] } },
{ "type": "Feature", "properties": { "longitude": -90.233797, "latitude": 38.581221, "Address": "4106 OREGON AV", "Owner (Historical)": "BEST INVESTMENT ENTERPRISES LLC", "Back Taxes and Fees": "Classified as vacant by STL.", "Violations as of March 2026": "Most recent: 5/4/2025 (Inspection)", "State": "Missouri" }, "geometry": { "type": "Point", "coordinates": [ -90.2338, 38.58122 ] } },
{ "type": "Feature", "properties": { "longitude": -90.234015, "latitude": 38.580455, "Address": "4133 OREGON AV", "Owner (Historical)": "GARCIA", "Back Taxes and Fees": "Classified as vacant by STL.", "Violations as of March 2026": "Most recent: 3/14/2022 (CSB)", "State": "Missouri" }, "geometry": { "type": "Point", "coordinates": [ -90.23401, 38.58046 ] } },
{ "type": "Feature", "properties": { "longitude": -90.23497, "latitude": 38.581495, "Address": "4101 NEBRASKA AV", "Owner (Historical)": "JACKIE MARTIN MINISTRIES UNIVERSAL", "Back Taxes and Fees": "Classified as vacant by STL. 2", "Violations as of March 2026": "Most recent: 2/26/2025 (Inspection)", "State": "Missouri" }, "geometry": { "type": "Point", "coordinates": [ -90.23497, 38.58149 ] } },
{ "type": "Feature", "properties": { "longitude": -90.237191, "latitude": 38.581656, "Address": "4106 MINNESOTA AV", "Owner (Historical)": "ENVISION PROPERTY GROUP LLC", "Back Taxes and Fees": "Classified as vacant by STL.", "Violations as of March 2026": "Most recent: 5/1/2026 (Violation)", "State": "Missouri" }, "geometry": { "type": "Point", "coordinates": [ -90.23719, 38.58166 ] } },
{ "type": "Feature", "properties": { "longitude": -90.242549, "latitude": 38.581629, "Address": "3414 KLOCKE ST", "Owner (Historical)": "TOLLIVER", "Back Taxes and Fees": "Classified as vacant by STL.", "Violations as of March 2026": "Most recent: 2/9/2026 (CSB)", "State": "Missouri" }, "geometry": { "type": "Point", "coordinates": [ -90.24255, 38.58163 ] } },
{ "type": "Feature", "properties": { "longitude": -90.241824, "latitude": 38.582111, "Address": "4111 LOUISIANA AV", "Owner (Historical)": "FELDEWERTH", "Back Taxes and Fees": "Classified as vacant by STL.", "Violations as of March 2026": "Most recent: 5/2/2025 (CSB)", "State": "Missouri" }, "geometry": { "type": "Point", "coordinates": [ -90.24182, 38.58211 ] } },
{ "type": "Feature", "properties": { "longitude": -90.247439, "latitude": 38.581806, "Address": "4218 DEWEY AV", "Owner (Historical)": "BHT LLC", "Back Taxes and Fees": "Classified as vacant by STL. 1", "Violations as of March 2026": "Most recent: 3/9/2026 (Violation)", "State": "Missouri" }, "geometry": { "type": "Point", "coordinates": [ -90.24744, 38.58181 ] } },
{ "type": "Feature", "properties": { "longitude": -90.249513, "latitude": 38.582553, "Address": "4230 GILES AV", "Owner (Historical)": "HAJDYLA", "Back Taxes and Fees": "Classified as vacant by STL.", "Violations as of March 2026": "Most recent: 3/2/2026 (Violation)", "State": "Missouri" }, "geometry": { "type": "Point", "coordinates": [ -90.24951, 38.58255 ] } },
{ "type": "Feature", "properties": { "longitude": -90.243305, "latitude": 38.582633, "Address": "3442 GASCONADE ST", "Owner (Historical)": "HUYNH", "Back Taxes and Fees": "Classified as vacant by STL.", "Violations as of March 2026": "Most recent: 8/18/2025 (CSB)", "State": "Missouri" }, "geometry": { "type": "Point", "coordinates": [ -90.24331, 38.58263 ] } },
{ "type": "Feature", "properties": { "longitude": -90.245598, "latitude": 38.582499, "Address": "3626 GASCONADE ST", "Owner (Historical)": "DE DEAUX", "Back Taxes and Fees": "Classified as vacant by STL.", "Violations as of March 2026": "Most recent: 3/10/2026 (Violation)", "State": "Missouri" }, "geometry": { "type": "Point", "coordinates": [ -90.2456, 38.5825 ] } },
{ "type": "Feature", "properties": { "longitude": -90.243359, "latitude": 38.576275, "Address": "4427 ALASKA AV", "Owner (Historical)": "MACK", "Back Taxes and Fees": "Classified as vacant by STL.", "Violations as of March 2026": "Most recent: 4/20/2026 (Violation)", "State": "Missouri" }, "geometry": { "type": "Point", "coordinates": [ -90.24336, 38.57628 ] } },
{ "type": "Feature", "properties": { "longitude": -90.243875, "latitude": 38.580092, "Address": "3524 KINGSLAND CT", "Owner (Historical)": "SHEPHERD LANDRY HOMES LLC", "Back Taxes and Fees": "Classified as vacant by STL. 6", "Violations as of March 2026": "Most recent: 4/30/2026 (Violation)", "State": "Missouri" }, "geometry": { "type": "Point", "coordinates": [ -90.24388, 38.58009 ] } },
{ "type": "Feature", "properties": { "longitude": -90.243307, "latitude": 38.579801, "Address": "3506 KINGSLAND CT", "Owner (Historical)": "LAROSE", "Back Taxes and Fees": "Classified as vacant by STL.", "Violations as of March 2026": "Most recent: 12/9/2025 (CSB)", "State": "Missouri" }, "geometry": { "type": "Point", "coordinates": [ -90.24331, 38.5798 ] } },
{ "type": "Feature", "properties": { "longitude": -90.243193, "latitude": 38.576387, "Address": "4424 ALASKA AV", "Owner (Historical)": "CALDWELL", "Back Taxes and Fees": "Classified as vacant by STL.", "Violations as of March 2026": "Most recent: 2/29/2024 (Violation)", "State": "Missouri" }, "geometry": { "type": "Point", "coordinates": [ -90.24319, 38.57639 ] } },
{ "type": "Feature", "properties": { "longitude": -90.246287, "latitude": 38.579854, "Address": "4304 GRACE AV", "Owner (Historical)": "MAUCK", "Back Taxes and Fees": "Classified as vacant by STL.", "Violations as of March 2026": "Most recent: 9/25/2024 (CSB)", "State": "Missouri" }, "geometry": { "type": "Point", "coordinates": [ -90.24629, 38.57985 ] } },
{ "type": "Feature", "properties": { "longitude": -90.241983, "latitude": 38.574334, "Address": "3223 TAFT AV", "Owner (Historical)": "TRIDENT REALTY INVESTMENTS REO LLC", "Back Taxes and Fees": "Classified as vacant by STL.", "Violations as of March 2026": "Most recent: 3/27/2025 (CSB)", "State": "Missouri" }, "geometry": { "type": "Point", "coordinates": [ -90.24198, 38.57433 ] } },
{ "type": "Feature", "properties": { "longitude": -90.24402, "latitude": 38.57549, "Address": "4523 ALASKA AV", "Owner (Historical)": "MORRIS", "Back Taxes and Fees": "Classified as vacant by STL.", "Violations as of March 2026": "Most recent: 1/5/2024 (Violation)", "State": "Missouri" }, "geometry": { "type": "Point", "coordinates": [ -90.24402, 38.57549 ] } },
{ "type": "Feature", "properties": { "longitude": -90.245956, "latitude": 38.57603, "Address": "3519 TAFT AV", "Owner (Historical)": "SCHAUMAN", "Back Taxes and Fees": "Classified as vacant by STL.", "Violations as of March 2026": "Most recent: 11/5/2024 (CSB)", "State": "Missouri" }, "geometry": { "type": "Point", "coordinates": [ -90.24596, 38.57603 ] } },
{ "type": "Feature", "properties": { "longitude": -90.244656, "latitude": 38.576535, "Address": "4501 LOUISIANA AV", "Owner (Historical)": "4501 LOUISIANA TRUST", "Back Taxes and Fees": "Classified as vacant by STL. 4", "Violations as of March 2026": "Most recent: 3/20/2026 (Violation)", "State": "Missouri" }, "geometry": { "type": "Point", "coordinates": [ -90.24466, 38.57653 ] } },
{ "type": "Feature", "properties": { "longitude": -90.246059, "latitude": 38.576654, "Address": "4519 TENNESSEE AV", "Owner (Historical)": "EQUITY TRUST COMPANY &", "Back Taxes and Fees": "Classified as vacant by STL.", "Violations as of March 2026": "Most recent: 5/4/2025 (Inspection)", "State": "Missouri" }, "geometry": { "type": "Point", "coordinates": [ -90.24606, 38.57665 ] } },
{ "type": "Feature", "properties": { "longitude": -90.248999, "latitude": 38.580154, "Address": "3726 OSCEOLA ST", "Owner (Historical)": "DEUTSCHE BANK NATIONAL TRUST CO", "Back Taxes and Fees": "Classified as vacant by STL.", "Violations as of March 2026": "Most recent: 2/17/2026 (Violation)", "State": "Missouri" }, "geometry": { "type": "Point", "coordinates": [ -90.249, 38.58015 ] } },
{ "type": "Feature", "properties": { "longitude": -90.248439, "latitude": 38.577518, "Address": "4469 GRACE AV", "Owner (Historical)": "TRAN", "Back Taxes and Fees": "Classified as vacant by STL.", "Violations as of March 2026": "Most recent: 5/10/2022 (Violation)", "State": "Missouri" }, "geometry": { "type": "Point", "coordinates": [ -90.24844, 38.57752 ] } },
{ "type": "Feature", "properties": { "longitude": -90.245767, "latitude": 38.575217, "Address": "4617 LOUISIANA AV", "Owner (Historical)": "FLIP COUPLE LLC", "Back Taxes and Fees": "Classified as vacant by STL. 2", "Violations as of March 2026": "Most recent: 8/20/2024 (CSB)", "State": "Missouri" }, "geometry": { "type": "Point", "coordinates": [ -90.24577, 38.57522 ] } },
{ "type": "Feature", "properties": { "longitude": -90.243893, "latitude": 38.574893, "Address": "3416 TAFT AV", "Owner (Historical)": "MAZANEC", "Back Taxes and Fees": "Classified as vacant by STL.", "Violations as of March 2026": "Most recent: 7/11/2025 (CSB)", "State": "Missouri" }, "geometry": { "type": "Point", "coordinates": [ -90.24389, 38.57489 ] } },
{ "type": "Feature", "properties": { "longitude": -90.244122, "latitude": 38.573494, "Address": "4644 IDAHO AV", "Owner (Historical)": "BEST INVESTMENT ENTERPRISES LLC", "Back Taxes and Fees": "Classified as vacant by STL.", "Violations as of March 2026": "Most recent: 5/26/2026 (Violation)", "State": "Missouri" }, "geometry": { "type": "Point", "coordinates": [ -90.24412, 38.57349 ] } },
{ "type": "Feature", "properties": { "longitude": -90.242784, "latitude": 38.572537, "Address": "3235 PULASKI ST", "Owner (Historical)": "SALEH", "Back Taxes and Fees": "Classified as vacant by STL.", "Violations as of March 2026": "Most recent: 10/17/2024 (Violation)", "State": "Missouri" }, "geometry": { "type": "Point", "coordinates": [ -90.24278, 38.57254 ] } },
{ "type": "Feature", "properties": { "longitude": -90.242265, "latitude": 38.569724, "Address": "3203 DELOR ST", "Owner (Historical)": "GALLAGHER", "Back Taxes and Fees": "Classified as vacant by STL.", "Violations as of March 2026": "Most recent: 2/1/2026 (Inspection)", "State": "Missouri" }, "geometry": { "type": "Point", "coordinates": [ -90.24227, 38.56972 ] } },
{ "type": "Feature", "properties": { "longitude": -90.242695, "latitude": 38.569779, "Address": "3215 DELOR ST", "Owner (Historical)": "CODY REAL ESTATES HOUSING & DEVELOPMENT", "Back Taxes and Fees": "Classified as vacant by STL. 1", "Violations as of March 2026": "Most recent: 4/9/2026 (Violation)", "State": "Missouri" }, "geometry": { "type": "Point", "coordinates": [ -90.24269, 38.56978 ] } },
{ "type": "Feature", "properties": { "longitude": -90.243232, "latitude": 38.569848, "Address": "3231 DELOR ST", "Owner (Historical)": "LHOME MORTGAGE TRUST 2023-RTL4", "Back Taxes and Fees": "Classified as vacant by STL. 2", "Violations as of March 2026": "Most recent: 7/7/2025 (CSB)", "State": "Missouri" }, "geometry": { "type": "Point", "coordinates": [ -90.24323, 38.56985 ] } },
{ "type": "Feature", "properties": { "longitude": -90.242624, "latitude": 38.57055, "Address": "3216 LIBERTY ST", "Owner (Historical)": "ROLLER", "Back Taxes and Fees": "Classified as vacant by STL.", "Violations as of March 2026": "Most recent: 8/28/2023 (CSB)", "State": "Missouri" }, "geometry": { "type": "Point", "coordinates": [ -90.24262, 38.57055 ] } },
{ "type": "Feature", "properties": { "longitude": -90.245656, "latitude": 38.573207, "Address": "4670 ALASKA AV", "Owner (Historical)": "KATTA", "Back Taxes and Fees": "Classified as vacant by STL.", "Violations as of March 2026": "Most recent: 3/10/2026 (Inspection)", "State": "Missouri" }, "geometry": { "type": "Point", "coordinates": [ -90.24566, 38.57321 ] } },
{ "type": "Feature", "properties": { "longitude": -90.241885, "latitude": 38.570767, "Address": "4721 S COMPTON AV", "Owner (Historical)": "BURRUS", "Back Taxes and Fees": "Classified as vacant by STL.", "Violations as of March 2026": "Most recent: 1/27/2026 (CSB)", "State": "Missouri" }, "geometry": { "type": "Point", "coordinates": [ -90.24188, 38.57077 ] } },
{ "type": "Feature", "properties": { "longitude": -90.24569, "latitude": 38.572723, "Address": "3419 ITASKA ST", "Owner (Historical)": "NUNGSTER", "Back Taxes and Fees": "Classified as vacant by STL.", "Violations as of March 2026": "Most recent: 5/31/2023 (CSB)", "State": "Missouri" }, "geometry": { "type": "Point", "coordinates": [ -90.24569, 38.57272 ] } },
{ "type": "Feature", "properties": { "longitude": -90.246509, "latitude": 38.573154, "Address": "3447 ITASKA ST", "Owner (Historical)": "KM RENTAL PLUS LLC", "Back Taxes and Fees": "Classified as vacant by STL.", "Violations as of March 2026": "Most recent: 9/3/2021 (CSB)", "State": "Missouri" }, "geometry": { "type": "Point", "coordinates": [ -90.24651, 38.57315 ] } },
{ "type": "Feature", "properties": { "longitude": -90.242284, "latitude": 38.570564, "Address": "3205 LIBERTY ST", "Owner (Historical)": "FUHRMAN", "Back Taxes and Fees": "Classified as vacant by STL.", "Violations as of March 2026": "Most recent: 11/3/2025 (CSB)", "State": "Missouri" }, "geometry": { "type": "Point", "coordinates": [ -90.24228, 38.57056 ] } },
{ "type": "Feature", "properties": { "longitude": -90.247338, "latitude": 38.573588, "Address": "3503 ITASKA ST", "Owner (Historical)": "YOUNG", "Back Taxes and Fees": "Classified as vacant by STL.", "Violations as of March 2026": "Most recent: 8/20/2024 (CSB)", "State": "Missouri" }, "geometry": { "type": "Point", "coordinates": [ -90.24734, 38.57359 ] } },
{ "type": "Feature", "properties": { "longitude": -90.246582, "latitude": 38.573192, "Address": "3451 ITASKA ST", "Owner (Historical)": "WILLIAMS", "Back Taxes and Fees": "Classified as vacant by STL.", "Violations as of March 2026": "Most recent: 8/15/2025 (Violation)", "State": "Missouri" }, "geometry": { "type": "Point", "coordinates": [ -90.24658, 38.57319 ] } },
{ "type": "Feature", "properties": { "longitude": -90.249352, "latitude": 38.572744, "Address": "4751 TENNESSEE AV", "Owner (Historical)": "BELLM", "Back Taxes and Fees": "Classified as vacant by STL.", "Violations as of March 2026": "Most recent: 5/27/2026 (Violation)", "State": "Missouri" }, "geometry": { "type": "Point", "coordinates": [ -90.24935, 38.57274 ] } },
{ "type": "Feature", "properties": { "longitude": -90.247639, "latitude": 38.574784, "Address": "4659 TENNESSEE AV", "Owner (Historical)": "TOGETHER CREDIT UNION", "Back Taxes and Fees": "Classified as vacant by STL. 1", "Violations as of March 2026": "Most recent: 6/23/2025 (CSB)", "State": "Missouri" }, "geometry": { "type": "Point", "coordinates": [ -90.24764, 38.57478 ] } },
{ "type": "Feature", "properties": { "longitude": -90.248189, "latitude": 38.572328, "Address": "4743 LOUISIANA AV", "Owner (Historical)": "POOLE", "Back Taxes and Fees": "Classified as vacant by STL.", "Violations as of March 2026": "Most recent: 7/20/2025 (Inspection)", "State": "Missouri" }, "geometry": { "type": "Point", "coordinates": [ -90.24819, 38.57233 ] } },
{ "type": "Feature", "properties": { "longitude": -90.246523, "latitude": 38.572509, "Address": "4709 ALASKA AV", "Owner (Historical)": "GOSS", "Back Taxes and Fees": "Classified as vacant by STL.", "Violations as of March 2026": "Most recent: 6/13/2024 (CSB)", "State": "Missouri" }, "geometry": { "type": "Point", "coordinates": [ -90.24652, 38.57251 ] } },
{ "type": "Feature", "properties": { "longitude": -90.247462, "latitude": 38.573085, "Address": "4714 LOUISIANA AV", "Owner (Historical)": "BHPH HOMES LLC", "Back Taxes and Fees": "Classified as vacant by STL.", "Violations as of March 2026": "Most recent: 5/15/2026 (Violation)", "State": "Missouri" }, "geometry": { "type": "Point", "coordinates": [ -90.24746, 38.57308 ] } },
{ "type": "Feature", "properties": { "longitude": -90.244852, "latitude": 38.572019, "Address": "3324 ITASKA ST", "Owner (Historical)": "MORON", "Back Taxes and Fees": "Classified as vacant by STL.", "Violations as of March 2026": "Most recent: 11/4/2025 (CSB)", "State": "Missouri" }, "geometry": { "type": "Point", "coordinates": [ -90.24485, 38.57202 ] } },
{ "type": "Feature", "properties": { "longitude": -90.242649, "latitude": 38.569718, "Address": "3212 DELOR ST", "Owner (Historical)": "AGBIGBE", "Back Taxes and Fees": "Classified as vacant by STL.", "Violations as of March 2026": "Most recent: 3/5/2026 (CSB)", "State": "Missouri" }, "geometry": { "type": "Point", "coordinates": [ -90.24265, 38.56972 ] } },
{ "type": "Feature", "properties": { "longitude": -90.243095, "latitude": 38.569775, "Address": "3222 DELOR ST", "Owner (Historical)": "CHESTNUTT", "Back Taxes and Fees": "Classified as vacant by STL.", "Violations as of March 2026": "Most recent: 3/23/2026 (Violation)", "State": "Missouri" }, "geometry": { "type": "Point", "coordinates": [ -90.24309, 38.56977 ] } },
{ "type": "Feature", "properties": { "longitude": -90.248712, "latitude": 38.571718, "Address": "5001 LOUISIANA AV", "Owner (Historical)": "POWELL", "Back Taxes and Fees": "Classified as vacant by STL.", "Violations as of March 2026": "Most recent: 1/26/2026 (CSB)", "State": "Missouri" }, "geometry": { "type": "Point", "coordinates": [ -90.24871, 38.57172 ] } },
{ "type": "Feature", "properties": { "longitude": -90.248974, "latitude": 38.587788, "Address": "3754 DUNNICA AV", "Owner (Historical)": "3754 DUNNICA ST LLC", "Back Taxes and Fees": "Classified as vacant by STL.", "Violations as of March 2026": "Most recent: 5/4/2026 (Violation)", "State": "Missouri" }, "geometry": { "type": "Point", "coordinates": [ -90.24897, 38.58779 ] } },
{ "type": "Feature", "properties": { "longitude": -90.246153, "latitude": 38.568612, "Address": "619 WALSH ST", "Owner (Historical)": "BORNS", "Back Taxes and Fees": "Classified as vacant by STL.", "Violations as of March 2026": "Most recent: 10/2/2025 (CSB)", "State": "Missouri" }, "geometry": { "type": "Point", "coordinates": [ -90.24615, 38.56861 ] } },
{ "type": "Feature", "properties": { "longitude": -90.253321, "latitude": 38.58722, "Address": "3931 KEOKUK ST", "Owner (Historical)": "CHRISTIAN & CHRISTIAN CO LLC", "Back Taxes and Fees": "Classified as vacant by STL.", "Violations as of March 2026": "Most recent: 4/14/2026 (Violation)", "State": "Missouri" }, "geometry": { "type": "Point", "coordinates": [ -90.25332, 38.58722 ] } },
{ "type": "Feature", "properties": { "longitude": -90.247921, "latitude": 38.58666, "Address": "3719 KEOKUK ST", "Owner (Historical)": "NGUYEN", "Back Taxes and Fees": "Classified as vacant by STL.", "Violations as of March 2026": "Most recent: 2/16/2026 (Violation)", "State": "Missouri" }, "geometry": { "type": "Point", "coordinates": [ -90.24792, 38.58666 ] } },
{ "type": "Feature", "properties": { "longitude": -90.252731, "latitude": 38.581642, "Address": "3901 POMONA CT", "Owner (Historical)": "SCHRAUTH", "Back Taxes and Fees": "Classified as vacant by STL.", "Violations as of March 2026": "Most recent: 6/17/2025 (CSB)", "State": "Missouri" }, "geometry": { "type": "Point", "coordinates": [ -90.25273, 38.58164 ] } },
{ "type": "Feature", "properties": { "longitude": -90.24919, "latitude": 38.588854, "Address": "3764 CHIPPEWA ST", "Owner (Historical)": "TRAN", "Back Taxes and Fees": "Classified as vacant by STL.", "Violations as of March 2026": "Most recent: 11/27/2025 (Violation)", "State": "Missouri" }, "geometry": { "type": "Point", "coordinates": [ -90.24919, 38.58885 ] } },
{ "type": "Feature", "properties": { "longitude": -90.252627, "latitude": 38.572538, "Address": "5041 GRACE AV", "Owner (Historical)": "SUNSET PROPERTY LLC", "Back Taxes and Fees": "Classified as vacant by STL.", "Violations as of March 2026": "Most recent: 2/23/2026 (Violation)", "State": "Missouri" }, "geometry": { "type": "Point", "coordinates": [ -90.25263, 38.57254 ] } },
{ "type": "Feature", "properties": { "longitude": -90.252739, "latitude": 38.572405, "Address": "5047 GRACE AV", "Owner (Historical)": "GOODMAN", "Back Taxes and Fees": "Classified as vacant by STL.", "Violations as of March 2026": "Most recent: 8/3/2025 (CSB)", "State": "Missouri" }, "geometry": { "type": "Point", "coordinates": [ -90.25274, 38.57241 ] } },
{ "type": "Feature", "properties": { "longitude": -90.248809, "latitude": 38.576132, "Address": "3614 NEOSHO ST", "Owner (Historical)": "DURGIN", "Back Taxes and Fees": "Classified as vacant by STL.", "Violations as of March 2026": "Most recent: 9/1/2025 (CSB)", "State": "Missouri" }, "geometry": { "type": "Point", "coordinates": [ -90.24881, 38.57613 ] } },
{ "type": "Feature", "properties": { "longitude": -90.251024, "latitude": 38.585387, "Address": "4015 HYDRAULIC AV", "Owner (Historical)": "POTLURI", "Back Taxes and Fees": "Classified as vacant by STL.", "Violations as of March 2026": "Most recent: 5/28/2026 (Violation)", "State": "Missouri" }, "geometry": { "type": "Point", "coordinates": [ -90.25102, 38.58539 ] } },
{ "type": "Feature", "properties": { "longitude": -90.251109, "latitude": 38.579721, "Address": "4443 S 38TH ST", "Owner (Historical)": "REXHEPI", "Back Taxes and Fees": "Classified as vacant by STL.", "Violations as of March 2026": "Most recent: 11/17/2025 (Violation)", "State": "Missouri" }, "geometry": { "type": "Point", "coordinates": [ -90.25111, 38.57972 ] } },
{ "type": "Feature", "properties": { "longitude": -90.252185, "latitude": 38.578414, "Address": "4619 S 38TH ST", "Owner (Historical)": "SCHMIDT", "Back Taxes and Fees": "Classified as vacant by STL.", "Violations as of March 2026": "Most recent: 3/23/2026 (Violation)", "State": "Missouri" }, "geometry": { "type": "Point", "coordinates": [ -90.25218, 38.57841 ] } },
{ "type": "Feature", "properties": { "longitude": -90.250827, "latitude": 38.583366, "Address": "3870 KINGSLAND CT", "Owner (Historical)": "SAJOL", "Back Taxes and Fees": "Classified as vacant by STL.", "Violations as of March 2026": "Most recent: 11/28/2017 (CSB)", "State": "Missouri" }, "geometry": { "type": "Point", "coordinates": [ -90.25083, 38.58337 ] } },
{ "type": "Feature", "properties": { "longitude": -90.250729, "latitude": 38.583314, "Address": "3866 KINGSLAND CT", "Owner (Historical)": "AUXTERO", "Back Taxes and Fees": "Classified as vacant by STL.", "Violations as of March 2026": "Most recent: 5/16/2022 (CSB)", "State": "Missouri" }, "geometry": { "type": "Point", "coordinates": [ -90.25073, 38.58331 ] } },
{ "type": "Feature", "properties": { "longitude": -90.249107, "latitude": 38.584307, "Address": "4048 S SPRING AV", "Owner (Historical)": "DONNIE BURGERS LLC", "Back Taxes and Fees": "Classified as vacant by STL.", "Violations as of March 2026": "Most recent: 12/22/2025 (Inspection)", "State": "Missouri" }, "geometry": { "type": "Point", "coordinates": [ -90.24911, 38.58431 ] } }
]
}
