{
"type": "FeatureCollection",
"name": "MasterHousingData",
"crs": { "type": "name", "properties": { "name": "urn:ogc:def:crs:OGC:1.3:CRS84" } },
"features": [
{ "type": "Feature", "properties": { "OBJECTID *": 1, "Shape": "Point", "longitude": -90.249517, "latitude": 38.588889, "Agency": "Dutchtown Main Streets", "Counsel": "LSEM - Peter", "Address": "3772 Chippewa", "Address (Matching)": "3772 Chippewa", "State": "Missouri", "City": "St. Louis", "Status of Case": "Lawsuit Filed", "Back Taxes and Fees": "Classified as vacant by STL. ", "Violations as of March 2026": "Most recent: 8/6/2025 (CSB)", "Narrative": "Lawsuit filed against Eric Wolfman. Default entered October 2023. Agreement for development executed with Tower Grove CDC and they began code violation abatement work December 2023. Two family property.", "Notes": "Development agreement with Tower Grove CDC.", "Type/Units": "2-Family", "Developer": "Tower Grove", "Opposing Contacts": "Monday 10/2 hearing, MSJ Count on Nuisance, ", "Status": "Closed", "Occupancy Status": "Under Construction", "DMS Data Parcel": "No", "Owner": "<Null>", "Parcel": 82059 }, "geometry": { "type": "Point", "coordinates": [ -90.24952, 38.58889 ] } },
{ "type": "Feature", "properties": { "OBJECTID *": 2, "Shape": "Point", "longitude": -90.244463, "latitude": 38.582579, "Agency": "Dutchtown Main Streets", "Counsel": "SM - Brandon", "Address": "4102 S Grand", "Address (Matching)": "4102 S Grand", "State": "Missouri", "City": "St. Louis", "Status of Case": "Lawsuit Filed - Consent Agreement", "Back Taxes and Fees": "Classified as vacant by STL. ", "Violations as of March 2026": "Most recent: 5/4/2026 (Violation)", "Narrative": "Under lawsuit.  Rehabilitation by owner began but stalled in winter.  Plans to have one unit occupied by fall fell short.  In December 2025, entered into 18 month agreement on rehab with monetary damages or forced sale.\nUPDATE 4/21/2026: Nate sent progress check-in to Chris Basler (owner's attorney). Basler reports contractor says interior is progressing well. Nate continuing to push for compliance with 18-month consent agreement.", "Notes": "Likely entering into settlement agreement.\n\nNew windows December 2024.\n\nNo violations, Tower Grove CDC following up, 60 days run, they have an attorney, served 1/2/24 Answer Due 2/1/24. Chris Bosler filed answer for Trans.  Peter following up on Monday 2/19.  Discovery due 5/10/24.\n\nTGCDC made offer to purchase, no response.\n\nMr. Wu began rehab including structural inspection that passed for interior and brand new windows.  Construction has stalled in 2025, but picking back up for planned Fall Occupancy of a single unit.  Inspection scheduled for July/August ahead of 9/2 Status Conference.  Entering into consent agreement on 12/9/25 for rehab within 18 months.\n4/21/2026 - Follow-up sent to cbasler@kbdllc.com. Basler: contractor reports inside progressing. Monitor compliance. NOTE: Status column currently reads \"Closed\"  verify with Brandon/Nate whether this should be \"Active\" given open consent agreement.", "Type/Units": "2-Family", "Developer": "Owner Abating", "Opposing Contacts": "Up for sale, too high", "Status": "Closed", "Occupancy Status": "Under Construction", "DMS Data Parcel": "Yes", "Owner": "<Null>", "Parcel": 110161 }, "geometry": { "type": "Point", "coordinates": [ -90.24446, 38.58258 ] } },
{ "type": "Feature", "properties": { "OBJECTID *": 3, "Shape": "Point", "longitude": -90.236583, "latitude": 38.58497, "Agency": "Dutchtown Main Streets", "Counsel": "LSEM - Rachel", "Address": "3915 Minnesota (MP)", "Address (Matching)": "3915 Minnesota ", "State": "Missouri", "City": "St. Louis", "Status of Case": "Lawsuit Filed", "Back Taxes and Fees": "Classified as vacant by STL. ", "Violations as of March 2026": "Most recent: 3/12/2026 (CSB)", "Narrative": "Lawsuit filed. Defendant is currently moving forward pro bono. CDCs passed. Diego Benavente interested in market rate rental.", "Notes": "<Null>", "Type/Units": "2-Family", "Developer": "Diego Benavente", "Opposing Contacts": "<Null>", "Status": "Active", "Occupancy Status": "<Null>", "DMS Data Parcel": "<Null>", "Owner": "<Null>", "Parcel": 95593 }, "geometry": { "type": "Point", "coordinates": [ -90.23658, 38.58497 ] } },
{ "type": "Feature", "properties": { "OBJECTID *": 4, "Shape": "Point", "longitude": -90.240937, "latitude": 38.584229, "Agency": "Dutchtown Main Streets", "Counsel": "Lewis Rice - Michael", "Address": "3319 Osage (MP)", "Address (Matching)": "3319 Osage ", "State": "Missouri", "City": "St. Louis", "Status of Case": "Closed - Rehabbed, Now Occupied", "Back Taxes and Fees": null, "Violations as of March 2026": "<Null>", "Narrative": "Pre-Suit notice sent.  Lewis Rice working on providing service of notice.  Recently sold, so new notice sent with period to run end of June 2025.  New owner says they plan to rehab quickly, Filing Suit.\nUPDATE 4/21/2026: Property confirmed rehabbed and occupied. After photo sent by Nate. Case fully closed.", "Notes": "Vacancy with several board ups and behind on taxes.  April 7 notice period expires.\n\nOwner reached out - said they are rehabbing\n\nTax Execution Candidate.  Petition drafted.", "Type/Units": "2-Family", "Developer": "<Null>", "Opposing Contacts": "<Null>", "Status": "Closed", "Occupancy Status": "Occupied", "DMS Data Parcel": "Yes", "Owner": "<Null>", "Parcel": 123476 }, "geometry": { "type": "Point", "coordinates": [ -90.24094, 38.58423 ] } },
{ "type": "Feature", "properties": { "OBJECTID *": 5, "Shape": "Point", "longitude": -90.238302, "latitude": 38.583897, "Agency": "Dutchtown Main Streets", "Counsel": "Lewis Rice", "Address": "3135-37 Osage (MP)", "Address (Matching)": "3135 Osage ", "State": "Missouri", "City": "St. Louis", "Status of Case": "Lawsuit Filed", "Back Taxes and Fees": "Classified as vacant by STL. ", "Violations as of March 2026": "Most recent: 3/4/2026 (Violation)", "Narrative": "Lawsuit filed. Bad press coverage for owner. Donation to DTMS in progress. RFP (RFP_3135_Osage_DTMS) drafted and under review April 2026. Scheduled to launch at Develop Dutchtown Q2 Business After Hours event, May 12, 2026. HTC renovation pairing.", "Notes": "Letter going out 5/16/25, Notice runs beginning of August.  Petition Drafted.  Will be donated to Dutchtown Main Streets.\nApril 2026: RFP drafted and circulated for review; launch at Q2 After Hours 5/12/2026.", "Type/Units": "4-Family", "Developer": "TBD", "Opposing Contacts": "<Null>", "Status": "Closed", "Occupancy Status": "Need Rehabber - RFP Out May 2026", "DMS Data Parcel": "No", "Owner": "<Null>", "Parcel": 39754 }, "geometry": { "type": "Point", "coordinates": [ -90.2383, 38.5839 ] } },
{ "type": "Feature", "properties": { "OBJECTID *": 6, "Shape": "Point", "longitude": -90.246301, "latitude": 38.581866, "Agency": "Dutchtown Main Streets", "Counsel": "LSEM - Jim", "Address": "3702 Meramec (FC)", "Address (Matching)": "3702 Meramec ", "State": "Missouri", "City": "St. Louis", "Status of Case": "Lawsuit Filed - Consent Agreement", "Back Taxes and Fees": null, "Violations as of March 2026": "<Null>", "Narrative": "Under lawsuit. Entered into agreed settlement with Neighborhood Properties in exchange for two property deeds. Rehab to be completed within six months. Have failed to complete full rehab and we are considering enforcing consent agreement for damages or sale.", "Notes": "Entered into agreed settlement with Neighborhood Properties in exchange for two property deeds.  Rehab to be completed within six months.  Forced Sale to New Level 19 ownership group committed to 2026 month rehab.", "Type/Units": "4-Family", "Developer": "Thomas Espensheid", "Opposing Contacts": "Shawn Briner is atty for bank. ", "Status": "Closed", "Occupancy Status": "Under Construction", "DMS Data Parcel": "Yes", "Owner": "<Null>", "Parcel": 124487 }, "geometry": { "type": "Point", "coordinates": [ -90.2463, 38.58187 ] } },
{ "type": "Feature", "properties": { "OBJECTID *": 7, "Shape": "Point", "longitude": -90.251043, "latitude": 38.585272, "Agency": "Dutchtown Main Streets", "Counsel": "LSEM - Jim", "Address": "4019-21 Hydraulic (FC)", "Address (Matching)": "4019 Hydraulic ", "State": "Missouri", "City": "St. Louis", "Status of Case": "Lawsuit Filed - Consent Agreement", "Back Taxes and Fees": null, "Violations as of March 2026": "<Null>", "Narrative": "Under lawsuit. Entered into agreed settlement with Neighborhood Properties in exchange for two property deeds. Rehab to be completed within six months. Have failed to complete full rehab and we are considering enforcing consent agreement for damages or sale.", "Notes": "Notice to Level 19  - 11.30; Southside Bank in Arnold has confirmed they are aware of property and are abating new ownership.  Some work happening on 8/18/23.  Filing Petition 11.17.23\n\nEntered into agreed settlement with Neighborhood Properties in exchange for two property deeds.  Rehab to be completed within six months.  Forced Sale to New Level 19 ownership group committed to 2026 month rehab.", "Type/Units": "4-Family", "Developer": "Thomas Espensheid", "Opposing Contacts": "Rehabbing currently by Defendant, checking in on process as of 9/22/23", "Status": "Closed", "Occupancy Status": "Under Construction", "DMS Data Parcel": "No", "Owner": "<Null>", "Parcel": 30546 }, "geometry": { "type": "Point", "coordinates": [ -90.25104, 38.58527 ] } },
{ "type": "Feature", "properties": { "OBJECTID *": 8, "Shape": "Point", "longitude": -90.242291, "latitude": 38.576283, "Agency": "Dutchtown Main Streets", "Counsel": "LSEM - Anna", "Address": "4424 Virginia Ave", "Address (Matching)": "4424 Virginia", "State": "Missouri", "City": "St. Louis", "Status of Case": "Lawsuit Filed", "Back Taxes and Fees": "Classified as vacant by STL. 2", "Violations as of March 2026": "Most recent: 2/17/2026 (Violation)", "Narrative": "Defaulted and provided temporary possession.  City will demo and we will have possession.  This is being consolidated with two other lots on block for infill.\nUPDATE April 2026: Sheriff's Deed received. Nicholas Armstrong executing signature on or around 4/21/2026. Title transfer proceeding for consolidation and infill. Coordinated with Demetria Hunter.", "Notes": "Filing Petition on Jewell Properties.  Filed on case.  Served.  Default judgment going forward.  \n\nIn negotiatoins with Natalie Jerome of Atlanta, but no clear path for her to rehab.\n\nEvaluating for demo to combined with two other empty lots for infill.  Shane confirming with building division if on demo list again.\n\nAbandoned Housing Act being added.  Default in early May, rehab plan go visit property and make argument for why demo for form of rehab.  May visit schedule.  \n\nCannot be rehabbed financially per LDG email.\n\nDMS will take care of demo in partnership with city.\n\n4/21/2026 - Nicholas Armstrong confirmed deed signing at LSEM office between 1-2pm today.", "Type/Units": "4-Family", "Developer": "Demo, consolidation", "Opposing Contacts": "Natalie Jerome", "Status": "Closed", "Occupancy Status": "Demolition", "DMS Data Parcel": "Yes", "Owner": "<Null>", "Parcel": 42831 }, "geometry": { "type": "Point", "coordinates": [ -90.24229, 38.57628 ] } },
{ "type": "Feature", "properties": { "OBJECTID *": 9, "Shape": "Point", "longitude": -90.240432, "latitude": 38.585801, "Agency": "Dutchtown Main Streets", "Counsel": "<Null>", "Address": "3310 Keokuk", "Address (Matching)": "3310 Keokuk", "State": "Missouri", "City": "St. Louis", "Status of Case": "<Null>", "Back Taxes and Fees": null, "Violations as of March 2026": "<Null>", "Narrative": "<Null>", "Notes": "4-Fam, LDG Target", "Type/Units": "4-Family", "Developer": "<Null>", "Opposing Contacts": "<Null>", "Status": "Target", "Occupancy Status": "<Null>", "DMS Data Parcel": "No", "Owner": "<Null>", "Parcel": 102325 }, "geometry": { "type": "Point", "coordinates": [ -90.24043, 38.5858 ] } },
{ "type": "Feature", "properties": { "OBJECTID *": 10, "Shape": "Point", "longitude": -90.241471, "latitude": 38.587048, "Agency": "Dutchtown Main Streets", "Counsel": "<Null>", "Address": "3415 Dunnica", "Address (Matching)": "3415 Dunnica", "State": "Missouri", "City": "St. Louis", "Status of Case": "<Null>", "Back Taxes and Fees": "Classified as vacant by STL. ", "Violations as of March 2026": "Most recent: 1/2/2026 (CSB)", "Narrative": "<Null>", "Notes": "4-Fam, LDG Target", "Type/Units": "4-Family", "Developer": "<Null>", "Opposing Contacts": "<Null>", "Status": "Target", "Occupancy Status": "<Null>", "DMS Data Parcel": "No", "Owner": "<Null>", "Parcel": 95489 }, "geometry": { "type": "Point", "coordinates": [ -90.24147, 38.58705 ] } },
{ "type": "Feature", "properties": { "OBJECTID *": 11, "Shape": "Point", "longitude": -90.242186, "latitude": 38.585534, "Agency": "Dutchtown Main Streets", "Counsel": "<Null>", "Address": "3429 Alberta", "Address (Matching)": "3429 Alberta", "State": "Missouri", "City": "St. Louis", "Status of Case": "<Null>", "Back Taxes and Fees": null, "Violations as of March 2026": "<Null>", "Narrative": "<Null>", "Notes": "4-Fam, LDG Target", "Type/Units": "4-Family", "Developer": "<Null>", "Opposing Contacts": "<Null>", "Status": "Target", "Occupancy Status": "<Null>", "DMS Data Parcel": "No", "Owner": "<Null>", "Parcel": 94815 }, "geometry": { "type": "Point", "coordinates": [ -90.24219, 38.58553 ] } },
{ "type": "Feature", "properties": { "OBJECTID *": 12, "Shape": "Point", "longitude": -90.245478, "latitude": 38.578408, "Agency": "Dutchtown Main Streets", "Counsel": "<Null>", "Address": "3554 Osceola", "Address (Matching)": "3554 Osceola", "State": "Missouri", "City": "St. Louis", "Status of Case": "<Null>", "Back Taxes and Fees": "Classified as vacant by STL. 1", "Violations as of March 2026": "Most recent: 3/19/2026 (Violation)", "Narrative": "<Null>", "Notes": "4-Fam, LDG Target", "Type/Units": "4-Family", "Developer": "<Null>", "Opposing Contacts": "Owner Lance Moore - ITOPropertyHoldings@gmail.com", "Status": "Target", "Occupancy Status": "<Null>", "DMS Data Parcel": "No", "Owner": "<Null>", "Parcel": 67668 }, "geometry": { "type": "Point", "coordinates": [ -90.24548, 38.57841 ] } },
{ "type": "Feature", "properties": { "OBJECTID *": 13, "Shape": "Point", "longitude": -90.238107, "latitude": 38.588357, "Agency": "Dutchtown Main Streets", "Counsel": "<Null>", "Address": "3728 Compton", "Address (Matching)": "3728 Compton", "State": "Missouri", "City": "St. Louis", "Status of Case": "<Null>", "Back Taxes and Fees": null, "Violations as of March 2026": "<Null>", "Narrative": "<Null>", "Notes": "4-Fam, LDG Target", "Type/Units": "4-Family", "Developer": "<Null>", "Opposing Contacts": "<Null>", "Status": "Target", "Occupancy Status": "<Null>", "DMS Data Parcel": "No", "Owner": "<Null>", "Parcel": 83789 }, "geometry": { "type": "Point", "coordinates": [ -90.23811, 38.58836 ] } },
{ "type": "Feature", "properties": { "OBJECTID *": 14, "Shape": "Point", "longitude": -90.23841, "latitude": 38.587047, "Agency": "Dutchtown Main Streets", "Counsel": "<Null>", "Address": "3814 Compton", "Address (Matching)": "3814 Compton", "State": "Missouri", "City": "St. Louis", "Status of Case": "<Null>", "Back Taxes and Fees": "Classified as vacant by STL. ", "Violations as of March 2026": "Most recent: 9/9/2024 (CSB)", "Narrative": "<Null>", "Notes": "4-Fam, LDG Target", "Type/Units": "4-Family", "Developer": "<Null>", "Opposing Contacts": "<Null>", "Status": "Target", "Occupancy Status": "<Null>", "DMS Data Parcel": "No", "Owner": "<Null>", "Parcel": 61091 }, "geometry": { "type": "Point", "coordinates": [ -90.23841, 38.58705 ] } },
{ "type": "Feature", "properties": { "OBJECTID *": 15, "Shape": "Point", "longitude": -90.239616, "latitude": 38.571343, "Agency": "Dutchtown Main Streets", "Counsel": "<Null>", "Address": "4657 Minnesota", "Address (Matching)": "4657 Minnesota", "State": "Missouri", "City": "St. Louis", "Status of Case": "<Null>", "Back Taxes and Fees": "Classified as vacant by STL. ", "Violations as of March 2026": "Most recent: 2/19/2026 (CSB)", "Narrative": "<Null>", "Notes": "Four Family", "Type/Units": "4-Family", "Developer": "<Null>", "Opposing Contacts": "<Null>", "Status": "Target", "Occupancy Status": "<Null>", "DMS Data Parcel": "No", "Owner": "<Null>", "Parcel": 3845 }, "geometry": { "type": "Point", "coordinates": [ -90.23962, 38.57134 ] } },
{ "type": "Feature", "properties": { "OBJECTID *": 16, "Shape": "Point", "longitude": -90.238736, "latitude": 38.583953, "Agency": "Dutchtown Main Streets", "Counsel": "Lewis Rice", "Address": "3147-49 Osage (MP) (STL$)", "Address (Matching)": "3147 Osage", "State": "Missouri", "City": "St. Louis", "Status of Case": "Notice Sent, NEED PETITION", "Back Taxes and Fees": "Classified as vacant by STL. ", "Violations as of March 2026": "Most recent: 7/12/2025 (Inspection)", "Narrative": "Pre-Suite notice sent. Ready to file lawsuit.  John Greenberg for Lewis Rice.  Let Nicholas know of signing.", "Notes": "Notice period has run.\n\nYouth Shelter Target\n\nStructural condemnation, not tax deliquent.  \n\nForeclosure.  Push-On, hasn't been foreclosed.  Petition on file, serve the bank.  Sending notice to MSD.  \n\n", "Type/Units": "4-Family", "Developer": "<Null>", "Opposing Contacts": "<Null>", "Status": "Active", "Occupancy Status": "<Null>", "DMS Data Parcel": "No", "Owner": "<Null>", "Parcel": 42259 }, "geometry": { "type": "Point", "coordinates": [ -90.23874, 38.58395 ] } },
{ "type": "Feature", "properties": { "OBJECTID *": 17, "Shape": "Point", "longitude": -90.234918, "latitude": 38.579821, "Agency": "Dutchtown Main Streets", "Counsel": "<Null>", "Address": "2849 Meramec", "Address (Matching)": "2849 Meramec", "State": "Missouri", "City": "St. Louis", "Status of Case": "<Null>", "Back Taxes and Fees": "Classified as vacant by STL. ", "Violations as of March 2026": "Most recent: 5/4/2026 (Violation)", "Narrative": "<Null>", "Notes": "<Null>", "Type/Units": "4-Family", "Developer": "<Null>", "Opposing Contacts": "<Null>", "Status": "Target", "Occupancy Status": "<Null>", "DMS Data Parcel": "Yes", "Owner": "<Null>", "Parcel": 27300 }, "geometry": { "type": "Point", "coordinates": [ -90.23492, 38.57982 ] } },
{ "type": "Feature", "properties": { "OBJECTID *": 18, "Shape": "Point", "longitude": -90.248909, "latitude": 38.585556, "Agency": "Dutchtown Main Streets", "Counsel": "<Null>", "Address": "4000 S Spring", "Address (Matching)": "4000 S Spring", "State": "Missouri", "City": "St. Louis", "Status of Case": "<Null>", "Back Taxes and Fees": "Classified as vacant by STL. ", "Violations as of March 2026": "Most recent: 5/6/2026 (Violation)", "Narrative": "<Null>", "Notes": "<Null>", "Type/Units": "4-Family", "Developer": "<Null>", "Opposing Contacts": "<Null>", "Status": "Target", "Occupancy Status": "<Null>", "DMS Data Parcel": "No", "Owner": "<Null>", "Parcel": 31605 }, "geometry": { "type": "Point", "coordinates": [ -90.24891, 38.58556 ] } },
{ "type": "Feature", "properties": { "OBJECTID *": 19, "Shape": "Point", "longitude": -90.235827, "latitude": 38.581748, "Agency": "Dutchtown Main Streets", "Counsel": "Lewis Rice", "Address": "2925 Gasconade", "Address (Matching)": "2925 Gasconade", "State": "Missouri", "City": "St. Louis", "Status of Case": "Pre-Lawsuit", "Back Taxes and Fees": "<Null>", "Violations as of March 2026": "<Null>", "Narrative": "Pre-lawsuit. Conducting initial research to send notice to open case.", "Notes": "Open in January 2026", "Type/Units": "8-12 Unit", "Developer": "<Null>", "Opposing Contacts": "<Null>", "Status": "Active", "Occupancy Status": "<Null>", "DMS Data Parcel": "No", "Owner": "<Null>", "Parcel": 83048 }, "geometry": { "type": "Point", "coordinates": [ -90.23583, 38.58175 ] } },
{ "type": "Feature", "properties": { "OBJECTID *": 20, "Shape": "Point", "longitude": -90.245003, "latitude": 38.585129, "Agency": "Dutchtown Main Streets", "Counsel": "LSEM - Anna", "Address": "3935 S Grand (FC) (STL$)", "Address (Matching)": "3935 S Grand ", "State": "Missouri", "City": "St. Louis", "Status of Case": "Lawsuit Filed", "Back Taxes and Fees": "Classified as vacant by STL. ", "Violations as of March 2026": "Most recent: 3/11/2026 (CSB)", "Narrative": "Lawsuit filed.  Back wall collapsed.  Abbas Ali interested in rehab for market rate rental.", "Notes": "Service and waiting, Notice sent, 8/4 is due date; 11/13 , working through title issues with fortune bank and deed of trust.  \n\nBuilding collapsed. City has permitted for demo.\n\nPetition signed and filed May 21, 2025.  Waiting on service.\n\nSouthern Bank served.  Set for Developers served.  Cory Hong service?\n\nEmergency demo requested following Abbas withdrawal.\nApril 2026: Draft MOU circulated with TJ (Rachel Waterman, LSEM drafting). 13-message thread negotiating title issues with Fortune Bank deed of trust. Emergency demo still on table pending MOU outcome. Abbas Ali status unclear - TJ being evaluated as MOU partner.", "Type/Units": "8-12 Unit", "Developer": "Abbas Ali", "Opposing Contacts": "<Null>", "Status": "Active", "Occupancy Status": "<Null>", "DMS Data Parcel": "Yes", "Owner": "<Null>", "Parcel": 97869 }, "geometry": { "type": "Point", "coordinates": [ -90.245, 38.58513 ] } },
{ "type": "Feature", "properties": { "OBJECTID *": 21, "Shape": "Point", "longitude": -90.248687, "latitude": 38.575364, "Agency": "Dutchtown Main Streets", "Counsel": "LSEM - Anna", "Address": "4657 S GRAND BLVD", "Address (Matching)": "4657 S GRAND ", "State": "Missouri", "City": "St. Louis", "Status of Case": "<Null>", "Back Taxes and Fees": "Classified as vacant by STL.", "Violations as of March 2026": "Most recent: 11/15/2025 (CSB)", "Narrative": "<Null>", "Notes": "<Null>", "Type/Units": "8-12 Unit", "Developer": "<Null>", "Opposing Contacts": "<Null>", "Status": "Active", "Occupancy Status": "<Null>", "DMS Data Parcel": "Yes", "Owner": "<Null>", "Parcel": 86408 }, "geometry": { "type": "Point", "coordinates": [ -90.24869, 38.57536 ] } },
{ "type": "Feature", "properties": { "OBJECTID *": 22, "Shape": "Point", "longitude": -90.239335, "latitude": 38.580349, "Agency": "Dutchtown Main Streets", "Counsel": "LSEM- Anna", "Address": "3145 Meramec", "Address (Matching)": "3145 Meramec", "State": "Missouri", "City": "St. Louis", "Status of Case": "Lawsuit Filed", "Back Taxes and Fees": "Classified as vacant by STL. 2", "Violations as of March 2026": "Most recent: 4/2/2026 (Violation)", "Narrative": "Under lawsuit.  Defendant has an attorney entered.  Began renovation during lawsuit.  Delayed months due to lack of building division plans review for commercial.  Framing, electrical, and water completed.  Filing Summary Judgment.", "Notes": "Under lawsuit.  Defendant has an attorney entered.  Began renovation during lawsuit.  Delayed months due to lack of building division plans review for commercial.  Framing, electrical, and water completed.  Filing Summary Judgment.", "Type/Units": "Commercial", "Developer": "Owner Abating", "Opposing Contacts": "<Null>", "Status": "Active", "Occupancy Status": "<Null>", "DMS Data Parcel": "Yes", "Owner": "<Null>", "Parcel": 62825 }, "geometry": { "type": "Point", "coordinates": [ -90.23933, 38.58035 ] } },
{ "type": "Feature", "properties": { "OBJECTID *": 23, "Shape": "Point", "longitude": -90.239451, "latitude": 38.580362, "Agency": "Dutchtown Main Streets", "Counsel": "SM- Nate", "Address": "3147 Meramec St", "Address (Matching)": "3147 Meramec ", "State": "Missouri", "City": "St. Louis", "Status of Case": "Lawsuit Filed", "Back Taxes and Fees": "Classified as vacant by STL. ", "Violations as of March 2026": "Most recent: 4/3/2026 (Violation)", "Narrative": "Under lawsuit. Defendant has an attorney entered. Some demolition work was performed. Likely filing summary judgment motion on nuisance count. Filing Summary Judgment.\nUPDATE 4/16/2026: Summary judgment order entered on 4/16 with 60 days to comply.", "Notes": "Under lawsuit.  Defendant has an attorney entered.  Some demolition work was performed.  Likely filing summary judgment motion on nuisance count.  Filing Summary Judgment. On 3rd Ward Demo List as of 4.16.26.\n4/16/2026: Summary judgment order entered with 60 days to comply.\n4/21/2026 - MSJ injunctive relief order obtained 4/16/26. Owner (BTD Equity Management) responsible for demolition and/or repayment of city demo costs. If owner fails to perform, return to court for receivership. Monitoring compliance. 60-day deadline approx. 6/15/2026.", "Type/Units": "Commercial", "Developer": "Owner Abating", "Opposing Contacts": "Johnson, Sheila; Steve Brooks Attorney", "Status": "Active", "Occupancy Status": "<Null>", "DMS Data Parcel": "Yes", "Owner": "<Null>", "Parcel": 64791 }, "geometry": { "type": "Point", "coordinates": [ -90.23945, 38.58036 ] } },
{ "type": "Feature", "properties": { "OBJECTID *": 24, "Shape": "Point", "longitude": -90.244247, "latitude": 38.581337, "Agency": "Dutchtown Main Streets", "Counsel": "LSEM - Anna", "Address": "4142 S Grand", "Address (Matching)": "4142 S Grand", "State": "Missouri", "City": "St. Louis", "Status of Case": "Lawsuit Filed", "Back Taxes and Fees": "Classified as vacant by STL. ", "Violations as of March 2026": "Most recent: 2/9/2026 (Violation)", "Narrative": "Under lawsuit. Defendant has an attorney entered. Summary judgment filed.  Potential rehabber?", "Notes": "Retention Signed.  6/7 notice letter, 8/8 deadline.  Filing early August, ABA.   May have bank llien and will need to send them notice and serve.\n\nEveryone is served.  Default being filed on Monday.\n\nCounsel recently entered appearance in April.  Hiring a new attorney.  Discovery served, asked for extension.\n\nFiling MSJ.  Todd West has entered appearance.\n\nFebruary MSJ Deadline - Second Extension", "Type/Units": "Commercial", "Developer": "TBD", "Opposing Contacts": "<Null>", "Status": "Active", "Occupancy Status": "<Null>", "DMS Data Parcel": "Yes", "Owner": "<Null>", "Parcel": 62552 }, "geometry": { "type": "Point", "coordinates": [ -90.24425, 38.58134 ] } },
{ "type": "Feature", "properties": { "OBJECTID *": 25, "Shape": "Point", "longitude": -90.233209, "latitude": 38.57955, "Agency": "Dutchtown Main Streets", "Counsel": "DTMS", "Address": "2800 Meramec", "Address (Matching)": "2800 Meramec", "State": "Missouri", "City": "St. Louis", "Status of Case": "Nuisance Case", "Back Taxes and Fees": "Classified as vacant by STL. ", "Violations as of March 2026": "Most recent: 4/6/2026 (Violation)", "Narrative": "Appeal for occupancy permit and variance revoation was denied.  Waiting to determine if appeal to civil courts, seems likely.", "Notes": "<Null>", "Type/Units": "Commercial", "Developer": "<Null>", "Opposing Contacts": "<Null>", "Status": "Target", "Occupancy Status": "<Null>", "DMS Data Parcel": "Yes", "Owner": "<Null>", "Parcel": 78086 }, "geometry": { "type": "Point", "coordinates": [ -90.23321, 38.57955 ] } },
{ "type": "Feature", "properties": { "OBJECTID *": 26, "Shape": "Point", "longitude": -90.238509, "latitude": 38.58026, "Agency": "Dutchtown Main Streets", "Counsel": "<Null>", "Address": "3125 Meramec St", "Address (Matching)": "3125 Meramec ", "State": "Missouri", "City": "St. Louis", "Status of Case": null, "Back Taxes and Fees": null, "Violations as of March 2026": "<Null>", "Narrative": "No litigation needed. Now occupied as bookstore.", "Notes": "Bookstore", "Type/Units": "Commercial", "Developer": "<Null>", "Opposing Contacts": "<Null>", "Status": "Closed", "Occupancy Status": "Occupied", "DMS Data Parcel": "Yes", "Owner": "<Null>", "Parcel": 24399 }, "geometry": { "type": "Point", "coordinates": [ -90.23851, 38.58026 ] } },
{ "type": "Feature", "properties": { "OBJECTID *": 27, "Shape": "Point", "longitude": -90.241265, "latitude": 38.580611, "Agency": "Dutchtown Main Streets", "Counsel": "LSEM", "Address": "3305-07 Meramec", "Address (Matching)": "3305 Meramec", "State": "Missouri", "City": "St. Louis", "Status of Case": "Pre-Lawsuit", "Back Taxes and Fees": "Classified as vacant by STL. ", "Violations as of March 2026": "Most recent: 4/8/2025 (CSB)", "Narrative": "Pre lawsuit notice sent. Affordable housing rental developed by Lutheran Development Group. Under construction.", "Notes": "Affordable Housing Rental", "Type/Units": "Commercial", "Developer": "LDG", "Opposing Contacts": "<Null>", "Status": "Closed", "Occupancy Status": "Under Construction", "DMS Data Parcel": "Yes", "Owner": "<Null>", "Parcel": 14405 }, "geometry": { "type": "Point", "coordinates": [ -90.24126, 38.58061 ] } },
{ "type": "Feature", "properties": { "OBJECTID *": 28, "Shape": "Point", "longitude": -90.243827, "latitude": 38.571644, "Agency": "Dutchtown Main Streets", "Counsel": "LSEM", "Address": "4700 Virginia", "Address (Matching)": "4700 Virginia", "State": "Missouri", "City": "St. Louis", "Status of Case": null, "Back Taxes and Fees": null, "Violations as of March 2026": "<Null>", "Narrative": "No litigation needed. Now occupied as mental health therapy office", "Notes": "Mental Health Therapy", "Type/Units": "Commercial", "Developer": "<Null>", "Opposing Contacts": "<Null>", "Status": "Closed", "Occupancy Status": "Occupied", "DMS Data Parcel": "Yes", "Owner": "<Null>", "Parcel": 113267 }, "geometry": { "type": "Point", "coordinates": [ -90.24383, 38.57164 ] } },
{ "type": "Feature", "properties": { "OBJECTID *": 29, "Shape": "Point", "longitude": -90.243921, "latitude": 38.571347, "Agency": "Dutchtown Main Streets", "Counsel": "LSEM", "Address": "4710 Virginia", "Address (Matching)": "4710 Virginia", "State": "Missouri", "City": "St. Louis", "Status of Case": "Pre-Lawsuit", "Back Taxes and Fees": null, "Violations as of March 2026": "<Null>", "Narrative": "No litigation needed. Now occupied by Intertwine.", "Notes": "Intertwine", "Type/Units": "Commercial", "Developer": "<Null>", "Opposing Contacts": "<Null>", "Status": "Closed", "Occupancy Status": "Occupied", "DMS Data Parcel": "Yes", "Owner": "<Null>", "Parcel": 110672 }, "geometry": { "type": "Point", "coordinates": [ -90.24392, 38.57135 ] } },
{ "type": "Feature", "properties": { "OBJECTID *": 30, "Shape": "Point", "longitude": -90.245343, "latitude": 38.588442, "Agency": "Dutchtown Main Streets", "Counsel": "<Null>", "Address": "3620 Chippewa", "Address (Matching)": "3620 Chippewa", "State": "Missouri", "City": "St. Louis", "Status of Case": "<Null>", "Back Taxes and Fees": null, "Violations as of March 2026": "<Null>", "Narrative": "<Null>", "Notes": "City demolishing", "Type/Units": "Commercial", "Developer": "<Null>", "Opposing Contacts": "<Null>", "Status": "Target", "Occupancy Status": "<Null>", "DMS Data Parcel": "No", "Owner": "<Null>", "Parcel": 54087 }, "geometry": { "type": "Point", "coordinates": [ -90.24534, 38.58844 ] } },
{ "type": "Feature", "properties": { "OBJECTID *": 31, "Shape": "Point", "longitude": -90.235672, "latitude": 38.58173, "Agency": "Dutchtown Main Streets", "Counsel": "Lewis Rice", "Address": "2919 Gasconade (Lot)", "Address (Matching)": "2919 Gasconade", "State": "Missouri", "City": "St. Louis", "Status of Case": "Pre-Lawsuit", "Back Taxes and Fees": "<Null>", "Violations as of March 2026": "<Null>", "Narrative": "Pre-lawsuit. Conducting initial research to send notice to open case.", "Notes": "Open in January 2026", "Type/Units": "Lot", "Developer": "<Null>", "Opposing Contacts": "<Null>", "Status": "Active", "Occupancy Status": "<Null>", "DMS Data Parcel": "No", "Owner": "<Null>", "Parcel": 83047 }, "geometry": { "type": "Point", "coordinates": [ -90.23567, 38.58173 ] } },
{ "type": "Feature", "properties": { "OBJECTID *": 32, "Shape": "Point", "longitude": -90.242217, "latitude": 38.576509, "Agency": "Dutchtown Main Streets", "Counsel": "LSEM - Robin", "Address": "4416 Virginia", "Address (Matching)": "4416 Virginia", "State": "Missouri", "City": "St. Louis", "Status of Case": "Lawsuit Filed", "Back Taxes and Fees": "Classified as vacant by STL. 5", "Violations as of March 2026": "Most recent: 7/3/2025 (CSB)", "Narrative": "No litigation needed. Now occupied by Intertwine.", "Notes": "Consolidation for RFP", "Type/Units": "Lot", "Developer": "Demo too early by city, abated", "Opposing Contacts": "CLOSED", "Status": "Closed", "Occupancy Status": "Demolition - Vacanct Lot", "DMS Data Parcel": "Yes", "Owner": "<Null>", "Parcel": 40411 }, "geometry": { "type": "Point", "coordinates": [ -90.24222, 38.57651 ] } },
{ "type": "Feature", "properties": { "OBJECTID *": 33, "Shape": "Point", "longitude": -90.250589, "latitude": 38.5842, "Agency": "<Null>", "Counsel": "<Null>", "Address": "3875-77 Meramec St", "Address (Matching)": "3875 Meramec", "State": "Missouri", "City": "St. Louis", "Status of Case": "<Null>", "Back Taxes and Fees": "Classified as vacant by STL. 1", "Violations as of March 2026": "Most recent: 8/8/2025 (CSB)", "Narrative": "<Null>", "Notes": "<Null>", "Type/Units": "Lot", "Developer": "<Null>", "Opposing Contacts": "<Null>", "Status": "Target", "Occupancy Status": "<Null>", "DMS Data Parcel": "<Null>", "Owner": "<Null>", "Parcel": 86384 }, "geometry": { "type": "Point", "coordinates": [ -90.25059, 38.5842 ] } },
{ "type": "Feature", "properties": { "OBJECTID *": 34, "Shape": "Point", "longitude": -90.246128, "latitude": 38.578402, "Agency": "<Null>", "Counsel": "<Null>", "Address": "4405 S Grand Blvd", "Address (Matching)": "4405 S Grand ", "State": "Missouri", "City": "St. Louis", "Status of Case": "<Null>", "Back Taxes and Fees": "Classified as vacant by STL. 1", "Violations as of March 2026": "Most recent: 6/3/2025 (CSB)", "Narrative": "<Null>", "Notes": "<Null>", "Type/Units": "Lot", "Developer": "<Null>", "Opposing Contacts": "<Null>", "Status": "Target", "Occupancy Status": "<Null>", "DMS Data Parcel": "<Null>", "Owner": "<Null>", "Parcel": 107506 }, "geometry": { "type": "Point", "coordinates": [ -90.24613, 38.5784 ] } },
{ "type": "Feature", "properties": { "OBJECTID *": 35, "Shape": "Point", "longitude": -90.2453, "latitude": 38.567389, "Agency": "Dutchtown Main Streets", "Counsel": "<Null>", "Address": "5219 Virginia", "Address (Matching)": "5219 Virginia", "State": "Missouri", "City": "St. Louis", "Status of Case": "<Null>", "Back Taxes and Fees": "Classified as vacant by STL. ", "Violations as of March 2026": "Most recent: 6/2/2025 (Violation)", "Narrative": "<Null>", "Notes": "Complaints regarding stored cares.  Went up on tax sale late 2025, not in LCRA rolls as of February 2.", "Type/Units": "Lot", "Developer": "<Null>", "Opposing Contacts": "<Null>", "Status": "Target", "Occupancy Status": "<Null>", "DMS Data Parcel": "Yes", "Owner": "<Null>", "Parcel": 124330 }, "geometry": { "type": "Point", "coordinates": [ -90.2453, 38.56739 ] } },
{ "type": "Feature", "properties": { "OBJECTID *": 36, "Shape": "Point", "longitude": -90.2453, "latitude": 38.567389, "Agency": "<Null>", "Counsel": "<Null>", "Address": "5219 Virginia Ave", "Address (Matching)": "5219 Virginia", "State": "Missouri", "City": "St. Louis", "Status of Case": "<Null>", "Back Taxes and Fees": "Classified as vacant by STL. 15", "Violations as of March 2026": "Most recent: 6/18/2025 (CSB)", "Narrative": "<Null>", "Notes": "<Null>", "Type/Units": "Lot", "Developer": "<Null>", "Opposing Contacts": "<Null>", "Status": "Target", "Occupancy Status": "<Null>", "DMS Data Parcel": "<Null>", "Owner": "<Null>", "Parcel": 124330 }, "geometry": { "type": "Point", "coordinates": [ -90.2453, 38.56739 ] } },
{ "type": "Feature", "properties": { "OBJECTID *": 37, "Shape": "Point", "longitude": -90.247114, "latitude": 38.564175, "Agency": "<Null>", "Counsel": "<Null>", "Address": "5615 Virginia Av", "Address (Matching)": "5615 Virginia ", "State": "Missouri", "City": "St. Louis", "Status of Case": "<Null>", "Back Taxes and Fees": null, "Violations as of March 2026": "<Null>", "Narrative": "<Null>", "Notes": "<Null>", "Type/Units": "Lot", "Developer": "<Null>", "Opposing Contacts": "<Null>", "Status": "Target", "Occupancy Status": "<Null>", "DMS Data Parcel": "<Null>", "Owner": "<Null>", "Parcel": 92175 }, "geometry": { "type": "Point", "coordinates": [ -90.24711, 38.56417 ] } },
{ "type": "Feature", "properties": { "OBJECTID *": 38, "Shape": "Point", "longitude": -90.242239, "latitude": 38.576617, "Agency": "Dutchtown Main Streets", "Counsel": "LSEM - TJ", "Address": "4401 Virginia", "Address (Matching)": "4401 Virginia", "State": "Missouri", "City": "St. Louis", "Status of Case": "Pre-Lawsuit", "Back Taxes and Fees": "Classified as vacant by STL. 1", "Violations as of March 2026": "Most recent: 4/12/2024 (Violation)", "Narrative": "<Null>", "Notes": "3/23/26 - Nate still trying to contact owner. Case opened and assigned to TJ.\n4/20/26 - Contact identified: Anthony Harris. Mail: 3550 Morganford, St. Louis, MO 63116 (business address). Emails: Princeanthonyprince@yahoo.com; Lafune@sbcglobal.net; Prince@harriscoinc.com (Harris Coin Inc). Update request letter sent by mail and all three email addresses requesting status on property condition, code violation plan, and openness to discussing options with DTMS.\n4/20/2026 - Check-in letter sent on SM letterhead: acknowledges visible work, notes long vacancy and stale violations, seeks owner response on condition and plans. Copy sent to LSEM team.", "Type/Units": "Mixed Use", "Developer": "<Null>", "Opposing Contacts": "<Null>", "Status": "Active", "Occupancy Status": "<Null>", "DMS Data Parcel": "Yes", "Owner": "<Null>", "Parcel": 77672 }, "geometry": { "type": "Point", "coordinates": [ -90.24224, 38.57662 ] } },
{ "type": "Feature", "properties": { "OBJECTID *": 39, "Shape": "Point", "longitude": -90.241005, "latitude": 38.580147, "Agency": "Dutchtown Main Streets", "Counsel": "LSEM", "Address": "4212 Virginia Ave", "Address (Matching)": "4212 Virginia", "State": "Missouri", "City": "St. Louis", "Status of Case": null, "Back Taxes and Fees": null, "Violations as of March 2026": "<Null>", "Narrative": "No litigation needed. Rainbow Cocktail Historical Trust completing market rate rehab. Mixed use. Pending construction.", "Notes": "Market Rate Rehab", "Type/Units": "Mixed Use", "Developer": "<Null>", "Opposing Contacts": "<Null>", "Status": "Closed", "Occupancy Status": "Under Construction", "DMS Data Parcel": "Yes", "Owner": "<Null>", "Parcel": 90675 }, "geometry": { "type": "Point", "coordinates": [ -90.24101, 38.58015 ] } },
{ "type": "Feature", "properties": { "OBJECTID *": 40, "Shape": "Point", "longitude": -90.24298, "latitude": 38.574181, "Agency": "Dutchtown Main Streets", "Counsel": "LSEM", "Address": "4536-38 Virginia", "Address (Matching)": "4536 Virginia", "State": "Missouri", "City": "St. Louis", "Status of Case": "Pre-Lawsuit", "Back Taxes and Fees": "Classified as vacant by STL. ", "Violations as of March 2026": "Most recent: 5/15/2024 (Violation)", "Narrative": "Pre lawsuit notice sent. Affordable housing rental developed by Dutchtown Renovations LLC. Mixed use. Under construction.", "Notes": "Affordable Housing Rental", "Type/Units": "Mixed Use", "Developer": "<Null>", "Opposing Contacts": "<Null>", "Status": "Closed", "Occupancy Status": "Under Construction", "DMS Data Parcel": "Yes", "Owner": "<Null>", "Parcel": 18701 }, "geometry": { "type": "Point", "coordinates": [ -90.24298, 38.57418 ] } },
{ "type": "Feature", "properties": { "OBJECTID *": 41, "Shape": "Point", "longitude": -90.245889, "latitude": 38.566609, "Agency": "Dutchtown Main Streets", "Counsel": "LSEM", "Address": "5323-25 Virginia", "Address (Matching)": "5323 Virginia", "State": "Missouri", "City": "St. Louis", "Status of Case": "Pre-Lawsuit", "Back Taxes and Fees": "Classified as vacant by STL. 3", "Violations as of March 2026": "Most recent: 4/15/2026 (Violation)", "Narrative": "Pre lawsuit notice sent. Affordable housing rental. Mixed use developed by DeSales. Under construction.", "Notes": "Affordable Housing Rental", "Type/Units": "Mixed Use", "Developer": "DeSales", "Opposing Contacts": "<Null>", "Status": "Closed", "Occupancy Status": "Under Construction", "DMS Data Parcel": "Yes", "Owner": "<Null>", "Parcel": 48914 }, "geometry": { "type": "Point", "coordinates": [ -90.24589, 38.56661 ] } },
{ "type": "Feature", "properties": { "OBJECTID *": 42, "Shape": "Point", "longitude": -90.245538, "latitude": 38.566492, "Agency": "Dutchtown Main Streets", "Counsel": "LSEM", "Address": "5324 Virginia", "Address (Matching)": "5324 Virginia", "State": "Missouri", "City": "St. Louis", "Status of Case": null, "Back Taxes and Fees": "Classified as vacant by STL. ", "Violations as of March 2026": "Most recent: 4/20/2026 (Violation)", "Narrative": "No litigation needed. Affordable housing rental and grocer mixed use developed by DeSales. Under construction.", "Notes": "Affordable Housing Rental / Grocer Mixed Use", "Type/Units": "Mixed Use", "Developer": "DeSales", "Opposing Contacts": "<Null>", "Status": "Closed", "Occupancy Status": "Under Construction", "DMS Data Parcel": "Yes", "Owner": "<Null>", "Parcel": 1067 }, "geometry": { "type": "Point", "coordinates": [ -90.24554, 38.56649 ] } },
{ "type": "Feature", "properties": { "OBJECTID *": 43, "Shape": "Point", "longitude": -90.24565, "latitude": 38.566329, "Agency": "Dutchtown Main Streets", "Counsel": "LSEM", "Address": "5333 Virginia", "Address (Matching)": "5333 Virginia", "State": "Missouri", "City": "St. Louis", "Status of Case": "Pre-Lawsuit", "Back Taxes and Fees": "Classified as vacant by STL. 1", "Violations as of March 2026": "Most recent: 6/15/2026 (Violation)", "Narrative": "Pre lawsuit notice sent. Affordable housing rental. Mixed use developed by DeSales. Under construction", "Notes": "Affordable Housing Rental", "Type/Units": "Mixed Use", "Developer": "DeSales", "Opposing Contacts": "<Null>", "Status": "Closed", "Occupancy Status": "Under Construction", "DMS Data Parcel": "Yes", "Owner": "<Null>", "Parcel": 1067 }, "geometry": { "type": "Point", "coordinates": [ -90.24565, 38.56633 ] } },
{ "type": "Feature", "properties": { "OBJECTID *": 44, "Shape": "Point", "longitude": -90.245721, "latitude": 38.566131, "Agency": "Dutchtown Main Streets", "Counsel": "LSEM", "Address": "5401 Virginia", "Address (Matching)": "5401 Virginia", "State": "Missouri", "City": "St. Louis", "Status of Case": null, "Back Taxes and Fees": "Classified as vacant by STL. ", "Violations as of March 2026": "Most recent: 12/23/2025 (CSB)", "Narrative": "Acquired from LRA. Mixed use developed by DeSales. Under construction.", "Notes": "Prop NS requested, notes from grant request", "Type/Units": "Mixed Use", "Developer": "DeSales", "Opposing Contacts": "<Null>", "Status": "Closed", "Occupancy Status": "Under Construction", "DMS Data Parcel": "Yes", "Owner": "<Null>", "Parcel": 79674 }, "geometry": { "type": "Point", "coordinates": [ -90.24572, 38.56613 ] } },
{ "type": "Feature", "properties": { "OBJECTID *": 45, "Shape": "Point", "longitude": -90.248029, "latitude": 38.576144, "Agency": "Dutchtown Main Streets", "Counsel": "LSEM - Anna", "Address": "4611 S Grand", "Address (Matching)": "4611 S Grand", "State": "Missouri", "City": "St. Louis", "Status of Case": "Lawsuit Filed", "Back Taxes and Fees": "Classified as vacant by STL. 2", "Violations as of March 2026": "Most recent: 4/8/2026 (Violation)", "Narrative": "Under lawsuit. No attorney of record. Will move for default. Tower Grove CDC is interested developer.", "Notes": "SCRUGGS - Letter of Intent, case filed.  Default?  Serving through Secretary of State.  Attorney entered and filing Answer first week of December.  Need to file CSB.", "Type/Units": "Multi-Family", "Developer": "Tower Grove CDC", "Opposing Contacts": "<Null>", "Status": "Active", "Occupancy Status": "<Null>", "DMS Data Parcel": "Yes", "Owner": "<Null>", "Parcel": 1059 }, "geometry": { "type": "Point", "coordinates": [ -90.24803, 38.57614 ] } },
{ "type": "Feature", "properties": { "OBJECTID *": 46, "Shape": "Point", "longitude": -90.244815, "latitude": 38.584143, "Agency": "Dutchtown Main Streets", "Counsel": "LSEM - Anna", "Address": "4023 S Grand", "Address (Matching)": "4023 S Grand", "State": "Missouri", "City": "St. Louis", "Status of Case": "Lawsuit Filed", "Back Taxes and Fees": "Classified as vacant by STL. 2", "Violations as of March 2026": "Most recent: 3/20/2024 (CSB)", "Narrative": "Under lawsuit.  Defendant has an attorney entered.  Likely demo, but looking through with for-profit developers.", "Notes": "No violations, Tower Grove CDC following up\n\nAbandoned housing act, being defaulted and moved on temporary possession.\n\nFiled motion for entry.  \n\nOrder", "Type/Units": "Single-Family", "Developer": "TBD - CDCs passed", "Opposing Contacts": "<Null>", "Status": "Active", "Occupancy Status": "<Null>", "DMS Data Parcel": "Yes", "Owner": "<Null>", "Parcel": 25593 }, "geometry": { "type": "Point", "coordinates": [ -90.24482, 38.58414 ] } },
{ "type": "Feature", "properties": { "OBJECTID *": 47, "Shape": "Point", "longitude": -90.243949, "latitude": 38.577383, "Agency": "Dutchtown Main Streets", "Counsel": "LSEM - Anna", "Address": "4403 Louisiana", "Address (Matching)": "4403 Louisiana", "State": "Missouri", "City": "St. Louis", "Status of Case": "Lawsuit Filed", "Back Taxes and Fees": "Classified as vacant by STL. ", "Violations as of March 2026": "Most recent: 4/20/2026 (Violation)", "Narrative": "Under lawsuit. Defendant has an attorney entered. Requesting entry. CDCs passed. Looking for for-profit rehabber. Rehabber TJ is interested.", "Notes": "Petition served.  Discovery served on attorney. Mary Giles Sandberg Phoenix. Motion to compel and motion for entry. \n\nMotion hearing scheduled.", "Type/Units": "Single-Family", "Developer": "Diego Benavente???", "Opposing Contacts": "<Null>", "Status": "Active", "Occupancy Status": "<Null>", "DMS Data Parcel": "No", "Owner": "<Null>", "Parcel": 116274 }, "geometry": { "type": "Point", "coordinates": [ -90.24395, 38.57738 ] } },
{ "type": "Feature", "properties": { "OBJECTID *": 48, "Shape": "Point", "longitude": -90.243071, "latitude": 38.574805, "Agency": "Dutchtown Main Streets", "Counsel": "LSEM - Anna", "Address": "4519 Idaho Ave", "Address (Matching)": "4519 Idaho ", "State": "Missouri", "City": "St. Louis", "Status of Case": "Lawsuit Filed", "Back Taxes and Fees": null, "Violations as of March 2026": "<Null>", "Narrative": "Under lawsuit. Defendant has an attorney entered. Requesting entry. Owner is abating to sell at market rate this spring.", "Notes": "Still no service.  Need retainer 8/18/23, retainer signed, interns drafting petition.  Filed, waiting for service.  ", "Type/Units": "Single-Family", "Developer": "Owner abating, for sale market rate", "Opposing Contacts": "<Null>", "Status": "Active", "Occupancy Status": "<Null>", "DMS Data Parcel": "No", "Owner": "<Null>", "Parcel": 50583 }, "geometry": { "type": "Point", "coordinates": [ -90.24307, 38.5748 ] } },
{ "type": "Feature", "properties": { "OBJECTID *": 49, "Shape": "Point", "longitude": -90.243376, "latitude": 38.576169, "Agency": "Dutchtown Main Streets", "Counsel": "LSEM - Robin", "Address": "4434 Alaska", "Address (Matching)": "4434 Alaska", "State": "Missouri", "City": "St. Louis", "Status of Case": "Lawsuit Filed", "Back Taxes and Fees": null, "Violations as of March 2026": "<Null>", "Narrative": "Under lawsuit.  Defaulted.  Under construction for sale market rate.", "Notes": "Tax Sale Owner Served.  Filing Default Motion.\n\nReaching out to Citibank through Shane. Sold at tax sale to an unknown buyer.  Legal limbo where there is a bid without confirmation.  Ordinance exists because don't have grautnee signatures on the deed.   Looking to get it set aside.  Needs tear down due to lack of interst in viable economic development.\n\nNew defendant defaulted.  Two potential rehabbers.  Temporary posession hearing set for May 7.  Have temproary posession and rehab is starting work.\n\nRehab underway and will be done by the end of October.  Rehabbed and listed at 219k and 169 sq ft.  Sold in two weeks.", "Type/Units": "Single-Family", "Developer": "Deliu Superior Construction - Visar Deliu", "Opposing Contacts": "<Null>", "Status": "Active", "Occupancy Status": "Occupied", "DMS Data Parcel": "No", "Owner": "<Null>", "Parcel": 62674 }, "geometry": { "type": "Point", "coordinates": [ -90.24338, 38.57617 ] } },
{ "type": "Feature", "properties": { "OBJECTID *": 50, "Shape": "Point", "longitude": -90.242342, "latitude": 38.580746, "Agency": "Dutchtown Main Streets", "Counsel": "LSEM", "Address": "3405 Meramec", "Address (Matching)": "3405 Meramec", "State": "Missouri", "City": "St. Louis", "Status of Case": "Pre-Lawsuit", "Back Taxes and Fees": "Classified as vacant by STL. ", "Violations as of March 2026": "Most recent: 3/17/2026 (Inspection)", "Narrative": "Pre lawsuit notice sent. Affordable housing rental developed by Lutheran Development Group. Under construction.", "Notes": "Affordable Housing Rental", "Type/Units": "Single-Family", "Developer": "LDG", "Opposing Contacts": "<Null>", "Status": "Closed", "Occupancy Status": "Under Construction", "DMS Data Parcel": "Yes", "Owner": "<Null>", "Parcel": 50595 }, "geometry": { "type": "Point", "coordinates": [ -90.24234, 38.58075 ] } },
{ "type": "Feature", "properties": { "OBJECTID *": 51, "Shape": "Point", "longitude": -90.235492, "latitude": 38.584248, "Agency": "Dutchtown Main Streets", "Counsel": "LSEM - Jim", "Address": "3936 Pennsylvania", "Address (Matching)": "3936 Pennsylvania", "State": "Missouri", "City": "St. Louis", "Status of Case": "Lawsuit Filed - Consent Agreement", "Back Taxes and Fees": "Classified as vacant by STL. ", "Violations as of March 2026": "Most recent: 6/23/2023 (CSB)", "Narrative": "Lawsuit filed. Consent agreement reached with Neighborhood Properties. Market rate rehab by Trevor Burbank. Under construction.", "Notes": "Market Rate Rehab", "Type/Units": "Single-Family", "Developer": "Trevor Burbank - Confirmed Interest, provided renovation plan", "Opposing Contacts": "Sandberg Attorney is Keith Price, withdrawn", "Status": "Closed", "Occupancy Status": "Under Construction", "DMS Data Parcel": "No", "Owner": "<Null>", "Parcel": 107519 }, "geometry": { "type": "Point", "coordinates": [ -90.23549, 38.58425 ] } },
{ "type": "Feature", "properties": { "OBJECTID *": 52, "Shape": "Point", "longitude": -90.239625, "latitude": 38.580954, "Agency": "Dutchtown Main Streets", "Counsel": "SM - Nate", "Address": "4142 Compton (MP)", "Address (Matching)": "4142 Compton", "State": "Missouri", "City": "St. Louis", "Status of Case": "Pre-Lawsuit", "Back Taxes and Fees": "Classified as vacant by STL. 1", "Violations as of March 2026": "Most recent: 4/20/2026 (Violation)", "Narrative": "Fire damaged property. Demo and donation plan developed but city would not demo. Sold to private owner ahead of litigation case threat. Under construction.", "Notes": "Sold ahead of demolition and rehabbed for market rate.", "Type/Units": "Single-Family", "Developer": "<Null>", "Opposing Contacts": "<Null>", "Status": "Closed", "Occupancy Status": "Occupied", "DMS Data Parcel": "No", "Owner": "<Null>", "Parcel": 24400 }, "geometry": { "type": "Point", "coordinates": [ -90.23963, 38.58095 ] } },
{ "type": "Feature", "properties": { "OBJECTID *": 53, "Shape": "Point", "longitude": -90.244768, "latitude": 38.584192, "Agency": "Dutchtown Main Streets", "Counsel": "RDM - Travis", "Address": "4014 South Grand", "Address (Matching)": "4014 South Grand", "State": "Missouri", "City": "St. Louis", "Status of Case": "Lawsuit Filed - Consent Agreement", "Back Taxes and Fees": "Classified as vacant by STL. 4", "Violations as of March 2026": "Most recent: 3/9/2026 (Violation)", "Narrative": "Under lawsuit.  Settlement entered into with owner and working on quarterly reporting. Owner unable to finish due to health issues.  Looking to sell to Tower Grove CDC to finish.  Sold to Tower Grove CDC and under construction.\nUPDATE 4/21/2026: TGCDC (Sean Spencer) reports exterior cleanup complete, sewer line replaced to alley, contractor now moving inside. Completion expected by end of 2026.", "Notes": "SETTLED.  QUARTERLY PROGRESS REPORTS.\n\nDemand sent, can file 2.12.23, draft petition ready to file, some liens, in default, Travis drafting Motion.  Default entered 11/8/23 for 60 days entry.\n\n In settlement negotiations with owner who is attempting to rehab for his daughter.  Has 12 month timeline or $15k penalty.  Waiting on consent decree execution to file with court.\n\nMr. Duran is unable to complete, looking for sale to Tower Grove CDC.  Sold to Tower Grove CDC.\n4/21/2026 - Sean Spencer (TGCDC): cleanup done, exterior sewer line replaced, work moving inside. Target completion end of 2026.", "Type/Units": "Single-Family", "Developer": "Tower Grove", "Opposing Contacts": "RETAINED COUNSEL", "Status": "Closed", "Occupancy Status": "Under Construction", "DMS Data Parcel": "Yes", "Owner": "<Null>", "Parcel": 116275 }, "geometry": { "type": "Point", "coordinates": [ -90.24477, 38.58419 ] } },
{ "type": "Feature", "properties": { "OBJECTID *": 54, "Shape": "Point", "longitude": -90.241161, "latitude": 38.579719, "Agency": "Dutchtown Main Streets", "Counsel": "LSEM - Anna", "Address": "4228 Virginia Ave", "Address (Matching)": "4228 Virginia ", "State": "Missouri", "City": "St. Louis", "Status of Case": "Lawsuit Filed - Case Dismissed, Abated", "Back Taxes and Fees": "Classified as vacant by STL. 2", "Violations as of March 2026": "Most recent: 1/13/2026 (Inspection)", "Narrative": "Under lawsuit.  Defendant has attorney entered.  Owner has been working slowly on this property and suggests will go to market by the end of 2025.\nUPDATE April 2026: City occupancy inspection approved. Property listed for sale. Case dismissed as successful abatement.", "Notes": "Demand letter mailed, end of March filing, filing later in May.  Filed 6/2/23, in process of being served.  Resent notice and served with amended petition. Petition served.\n\n In active settlement negotiations for sale or donation.  Property owner has stated they are willing to do rehab within six months, but is not engaging in settlement process to confirm so we are serving discovery and pushing forward with case.  Partner developer is SJHI.  For sale affordable homeownership.\n\nInspection demonstrated significant work performed.  Likely going to rental in September.\n\nStill working on interior.  Recent inspection with JDB in April, going back in June.  Serving Discovery.\n\nWork almost completed in October.  Says he will be listing by end of year.\n4/21/2026 - Formal closing letter received from Demetria Hunter (LSEM) 4/20/26.", "Type/Units": "Single-Family", "Developer": "Owner abating, for sale market rate", "Opposing Contacts": "Petition is being amended, Jay Burns filed application for change of venue, Motion for Entry, Trial Date for the Fall (done in October)", "Status": "Closed", "Occupancy Status": "Rehabbed, For Sale", "DMS Data Parcel": "Yes", "Owner": "<Null>", "Parcel": 81173 }, "geometry": { "type": "Point", "coordinates": [ -90.24116, 38.57972 ] } },
{ "type": "Feature", "properties": { "OBJECTID *": 55, "Shape": "Point", "longitude": -90.243816, "latitude": 38.577457, "Agency": "Dutchtown Main Streets", "Counsel": "LSEM", "Address": "4400 Louisiana", "Address (Matching)": "4400 Louisiana", "State": "Missouri", "City": "St. Louis", "Status of Case": "Pre-Lawsuit", "Back Taxes and Fees": "Classified as vacant by STL. ", "Violations as of March 2026": "Most recent: 4/8/2024 (Violation)", "Narrative": "Pre lawsuit notice sent. Affordable housing rental developed by Lutheran Development Group. Under construction.", "Notes": "Affordable Housing Rental", "Type/Units": "Single-Family", "Developer": "<Null>", "Opposing Contacts": "<Null>", "Status": "Closed", "Occupancy Status": "Under Construction", "DMS Data Parcel": "No", "Owner": "<Null>", "Parcel": 42143 }, "geometry": { "type": "Point", "coordinates": [ -90.24382, 38.57746 ] } },
{ "type": "Feature", "properties": { "OBJECTID *": 56, "Shape": "Point", "longitude": -90.245016, "latitude": 38.576027, "Agency": "Dutchtown Main Streets", "Counsel": "<Null>", "Address": "4524 Louisiana", "Address (Matching)": "4524 Louisiana", "State": "Missouri", "City": "St. Louis", "Status of Case": "Pre-Lawsuit", "Back Taxes and Fees": null, "Violations as of March 2026": "<Null>", "Narrative": "<Null>", "Notes": "Affordable Housing Rental", "Type/Units": "Single-Family", "Developer": "<Null>", "Opposing Contacts": "<Null>", "Status": "Closed", "Occupancy Status": "Under Construction", "DMS Data Parcel": "No", "Owner": "<Null>", "Parcel": 58699 }, "geometry": { "type": "Point", "coordinates": [ -90.24502, 38.57603 ] } },
{ "type": "Feature", "properties": { "OBJECTID *": 57, "Shape": "Point", "longitude": -90.243548, "latitude": 38.572502, "Agency": "Dutchtown Main Streets", "Counsel": "<Null>", "Address": "4632 Virginia", "Address (Matching)": "4632 Virginia", "State": "Missouri", "City": "St. Louis", "Status of Case": "Pre-Lawsuit", "Back Taxes and Fees": "Classified as vacant by STL. ", "Violations as of March 2026": "Most recent: 4/6/2023 (Violation)", "Narrative": "Pre lawsuit notice sent. Affordable housing rental developed by Lutheran Development Group. Under construction.", "Notes": "Affordable Housing Rental", "Type/Units": "Single-Family", "Developer": "<Null>", "Opposing Contacts": "<Null>", "Status": "Closed", "Occupancy Status": "Under Construction", "DMS Data Parcel": "Yes", "Owner": "<Null>", "Parcel": 42115 }, "geometry": { "type": "Point", "coordinates": [ -90.24355, 38.5725 ] } },
{ "type": "Feature", "properties": { "OBJECTID *": 58, "Shape": "Point", "longitude": -90.243913, "latitude": 38.571557, "Agency": "Dutchtown Main Streets", "Counsel": "LSEM - Robin", "Address": "4705 Virginia Ave", "Address (Matching)": "4705 Virginia", "State": "Missouri", "City": "St. Louis", "Status of Case": "Lawsuit Filed", "Back Taxes and Fees": null, "Violations as of March 2026": "<Null>", "Narrative": "Lawsuit filed against Done Right Realty LLC. Affordable homeownership developed by St. Joseph Housing Initiative. Under construction.", "Notes": "Affordable Housing Homeownership", "Type/Units": "Single-Family", "Developer": "SJHI", "Opposing Contacts": "<Null>", "Status": "Closed", "Occupancy Status": "Completed Construction - For Sale", "DMS Data Parcel": "Yes", "Owner": "<Null>", "Parcel": 59404 }, "geometry": { "type": "Point", "coordinates": [ -90.24391, 38.57156 ] } },
{ "type": "Feature", "properties": { "OBJECTID *": 59, "Shape": "Point", "longitude": -90.243981, "latitude": 38.57134, "Agency": "Dutchtown Main Streets", "Counsel": "LSEM", "Address": "4711 Virginia", "Address (Matching)": "4711 Virginia", "State": "Missouri", "City": "St. Louis", "Status of Case": "Pre-Lawsuit", "Back Taxes and Fees": "Classified as vacant by STL. ", "Violations as of March 2026": "Most recent: 5/27/2024 (Violation)", "Narrative": "Pre lawsuit notice sent. Affordable housing rental developed by Lutheran Development Group. Under construction.", "Notes": "Affordable Housing Rental", "Type/Units": "Single-Family", "Developer": "<Null>", "Opposing Contacts": "<Null>", "Status": "Closed", "Occupancy Status": "Under Construction", "DMS Data Parcel": "Yes", "Owner": "<Null>", "Parcel": 110672 }, "geometry": { "type": "Point", "coordinates": [ -90.24398, 38.57134 ] } },
{ "type": "Feature", "properties": { "OBJECTID *": 60, "Shape": "Point", "longitude": -90.244004, "latitude": 38.571267, "Agency": "Dutchtown Main Streets", "Counsel": "LSEM", "Address": "4713 Virginia", "Address (Matching)": "4713 Virginia", "State": "Missouri", "City": "St. Louis", "Status of Case": "Pre-Lawsuit", "Back Taxes and Fees": null, "Violations as of March 2026": "<Null>", "Narrative": "Pre lawsuit notice sent. Listed at $105k and went off market after phone call. Sold to Jeff Steinmann for market rate rehab. Under construction.", "Notes": "Market Rate Rehab\n\nhttps://www.forbes.com/sites/amydobson/2021/11/19/upup-which-aims-to-build-wealth-for-renters-surpasses-300-million-with-latest-funding-raise/?sh=35d832fe24da\n\nListed 105k; off market after phone call\n\nUp and Up Sold to Jeff Steinmann", "Type/Units": "Single-Family", "Developer": "<Null>", "Opposing Contacts": "<Null>", "Status": "Closed", "Occupancy Status": "Occupied", "DMS Data Parcel": "Yes", "Owner": "<Null>", "Parcel": 107526 }, "geometry": { "type": "Point", "coordinates": [ -90.244, 38.57127 ] } },
{ "type": "Feature", "properties": { "OBJECTID *": 61, "Shape": "Point", "longitude": -90.245352, "latitude": 38.567226, "Agency": "Dutchtown Main Streets", "Counsel": "<Null>", "Address": "5227 Virginia", "Address (Matching)": "5227 Virginia", "State": "Missouri", "City": "St. Louis", "Status of Case": "Pre-Lawsuit", "Back Taxes and Fees": null, "Violations as of March 2026": "<Null>", "Narrative": "Pre lawsuit notice sent. Affordable housing rental developed by Lutheran Development Group. Under construction.", "Notes": "Affordable Housing Rental", "Type/Units": "Single-Family", "Developer": "<Null>", "Opposing Contacts": "<Null>", "Status": "Closed", "Occupancy Status": "Under Construction", "DMS Data Parcel": "Yes", "Owner": "<Null>", "Parcel": 124330 }, "geometry": { "type": "Point", "coordinates": [ -90.24535, 38.56723 ] } },
{ "type": "Feature", "properties": { "OBJECTID *": 62, "Shape": "Point", "longitude": -90.251321, "latitude": 38.572234, "Agency": "Dutchtown Main Streets", "Counsel": "LSEM - Jim", "Address": "5027 S. Grand (FC)", "Address (Matching)": "5027 S. Grand ", "State": "Missouri", "City": "St. Louis", "Status of Case": "Lawsuit Filed", "Back Taxes and Fees": "Classified as vacant by STL. ", "Violations as of March 2026": "Most recent: 2/18/2026 (Inspection)", "Narrative": "Lawsuit filed against Neighborhood Properties. Market rate rehab by Justin Ellison. Under construction.", "Notes": "Market Rate Rehab", "Type/Units": "Single-Family", "Developer": "Justin Ellison", "Opposing Contacts": "<Null>", "Status": "Closed", "Occupancy Status": "Under Construction", "DMS Data Parcel": "Yes", "Owner": "<Null>", "Parcel": 89995 }, "geometry": { "type": "Point", "coordinates": [ -90.25132, 38.57223 ] } },
{ "type": "Feature", "properties": { "OBJECTID *": 63, "Shape": "Point", "longitude": -90.251031, "latitude": 38.581266, "Agency": "Dutchtown Main Streets", "Counsel": "<Null>", "Address": "3839 Osceola", "Address (Matching)": "3839 Osceola", "State": "Missouri", "City": "St. Louis", "Status of Case": "<Null>", "Back Taxes and Fees": "Classified as vacant by STL. ", "Violations as of March 2026": "Most recent: 8/17/2025 (CSB)", "Narrative": "<Null>", "Notes": "<Null>", "Type/Units": "Single-Family", "Developer": "<Null>", "Opposing Contacts": "<Null>", "Status": "Target", "Occupancy Status": "<Null>", "DMS Data Parcel": "No", "Owner": "<Null>", "Parcel": 34812 }, "geometry": { "type": "Point", "coordinates": [ -90.25103, 38.58127 ] } },
{ "type": "Feature", "properties": { "OBJECTID *": 64, "Shape": "Point", "longitude": -90.240042, "latitude": 38.584844, "Agency": "<Null>", "Counsel": "<Null>", "Address": "3936 Virginia Ave", "Address (Matching)": "3936 Virginia", "State": "Missouri", "City": "St. Louis", "Status of Case": "<Null>", "Back Taxes and Fees": null, "Violations as of March 2026": "<Null>", "Narrative": "<Null>", "Notes": "<Null>", "Type/Units": "Single-Family", "Developer": "<Null>", "Opposing Contacts": "<Null>", "Status": "Target", "Occupancy Status": "<Null>", "DMS Data Parcel": "<Null>", "Owner": "<Null>", "Parcel": 42639 }, "geometry": { "type": "Point", "coordinates": [ -90.24004, 38.58484 ] } },
{ "type": "Feature", "properties": { "OBJECTID *": 65, "Shape": "Point", "longitude": -90.236578, "latitude": 38.584709, "Agency": "Dutchtown Main Streets\t", "Counsel": "LSEM - RW", "Address": "3926 Minnesota (MP)", "Address (Matching)": "3926 Minnesota ", "State": "Missouri", "City": "St. Louis", "Status of Case": "Pre-Lawsuit", "Back Taxes and Fees": "Classified as vacant by STL. 2", "Violations as of March 2026": "Most recent: 3/10/2026 (CSB)", "Narrative": "<Null>", "Notes": "3/23/26 - New case recommended by Rachel for Diego. Address to be confirmed.", "Type/Units": "<Null>", "Developer": "<Null>", "Opposing Contacts": "<Null>", "Status": "Active", "Occupancy Status": "<Null>", "DMS Data Parcel": "<Null>", "Owner": "<Null>", "Parcel": 20274 }, "geometry": { "type": "Point", "coordinates": [ -90.23658, 38.58471 ] } },
{ "type": "Feature", "properties": { "OBJECTID *": 66, "Shape": "Point", "longitude": -90.237067, "latitude": 38.582254, "Agency": "Dutchtown Main Streets", "Counsel": "Lewis Rice", "Address": "4050 Minnesota (MP)", "Address (Matching)": "4050 Minnesota", "State": "Missouri", "City": "St. Louis", "Status of Case": "Pre-Lawsuit", "Back Taxes and Fees": "Classified as vacant by STL. ", "Violations as of March 2026": "Most recent: 5/6/2026 (Violation)", "Narrative": "<Null>", "Notes": "3/23/26 - Creating parties in interest for Lewis Rice conflicts check.", "Type/Units": "<Null>", "Developer": "<Null>", "Opposing Contacts": "Client seeking assistance letter with conflicts.", "Status": "Active", "Occupancy Status": "<Null>", "DMS Data Parcel": "No", "Owner": "<Null>", "Parcel": 121848 }, "geometry": { "type": "Point", "coordinates": [ -90.23707, 38.58225 ] } },
{ "type": "Feature", "properties": { "OBJECTID *": 67, "Shape": "Point", "longitude": -90.241296, "latitude": 38.579313, "Agency": "Tower Grove CDC", "Counsel": "LSEM - Rachel", "Address": "4242-44 Virginia (STL$)", "Address (Matching)": "4242 Virginia", "State": "Missouri", "City": "St. Louis", "Status of Case": "Pre-Lawsuit", "Back Taxes and Fees": null, "Violations as of March 2026": "<Null>", "Narrative": "<Null>", "Notes": "Virginia Mansion, permits pulled 2023\n3/23/26 - Nate will reach out to LLC ownership.\n4/20-21/2026 - Rachel Waterman (LSEM) proposed opening case with Tower Grove CDC as client and plaintiff. Nicholas Armstrong confirmed in favor 4/21/26. Await next steps from Rachel/Lewis Rice.", "Type/Units": "Single-Family", "Developer": "<Null>", "Opposing Contacts": "<Null>", "Status": "Active", "Occupancy Status": "<Null>", "DMS Data Parcel": "Yes", "Owner": "<Null>", "Parcel": 77693 }, "geometry": { "type": "Point", "coordinates": [ -90.2413, 38.57931 ] } },
{ "type": "Feature", "properties": { "OBJECTID *": 68, "Shape": "Point", "longitude": -90.240573, "latitude": 38.576973, "Agency": "Dutchtown Main Streets", "Counsel": "LSEM", "Address": "4359 S COMPTON AV", "Address (Matching)": "4359 S COMPTON ", "State": "Missouri", "City": "St. Louis", "Status of Case": "Pre-Lawsuit", "Back Taxes and Fees": "Classified as vacant by STL. 1", "Violations as of March 2026": "Most recent: 3/16/2026 (Violation)", "Narrative": "<Null>", "Notes": "3/23/26 - California LLC receiving notice letter given recent vacancy status. CSB sent. Friendly letter to be sent to registered agent today. Let LSEM know if other associated addresses found.", "Type/Units": "<Null>", "Developer": "<Null>", "Opposing Contacts": "<Null>", "Status": "Active", "Occupancy Status": "<Null>", "DMS Data Parcel": "<Null>", "Owner": "<Null>", "Parcel": 59414 }, "geometry": { "type": "Point", "coordinates": [ -90.24057, 38.57697 ] } },
{ "type": "Feature", "properties": { "OBJECTID *": 69, "Shape": "Point", "longitude": -90.243091, "latitude": 38.574017, "Agency": "Dutchtown Main Streets", "Counsel": "SM - NAL", "Address": "4547 Virginia", "Address (Matching)": "4547 Virginia", "State": "Missouri", "City": "St. Louis", "Status of Case": "Pre-Lawsuit", "Back Taxes and Fees": "Classified as vacant by STL. 5", "Violations as of March 2026": "Most recent: 7/17/2025 (CSB)", "Narrative": "<Null>", "Notes": "Back Wall is Missing, CSB notified shoudl update 3/23/26\n3/23/26 - Building division structurally condemning today, should be ripe. Violation letter downloaded into file. Owner to have until end of month to reply to 3/11 neighborhood letter. Nate taking this case.\n4/21/2026 - Lewis Rice opening file and sending materials. Upon conflicts clearance and retainer receipt, Nate will draft notice letter to owner (Kathleen Cooper) at mailing address AND property address.", "Type/Units": "<Null>", "Developer": "<Null>", "Opposing Contacts": "<Null>", "Status": "Active", "Occupancy Status": "<Null>", "DMS Data Parcel": "Yes", "Owner": "<Null>", "Parcel": 14923 }, "geometry": { "type": "Point", "coordinates": [ -90.24309, 38.57402 ] } },
{ "type": "Feature", "properties": { "OBJECTID *": 70, "Shape": "Point", "longitude": -90.237348, "latitude": 38.581195, "Agency": "Dutchtown Main Streets", "Counsel": "Lewis Rice", "Address": "4123 Minnesota (MP)", "Address (Matching)": "4123 Minnesota ", "State": "Missouri", "City": "St. Louis", "Status of Case": "<Null>", "Back Taxes and Fees": "Classified as vacant by STL. 2", "Violations as of March 2026": "Most recent: 2/24/2026 (CSB)", "Narrative": "<Null>", "Notes": "<Null>", "Type/Units": "<Null>", "Developer": "<Null>", "Opposing Contacts": "<Null>", "Status": "Active", "Occupancy Status": "<Null>", "DMS Data Parcel": "No", "Owner": "<Null>", "Parcel": 4250 }, "geometry": { "type": "Point", "coordinates": [ -90.23735, 38.5812 ] } },
{ "type": "Feature", "properties": { "OBJECTID *": 71, "Shape": "Point", "longitude": -90.244351, "latitude": 38.581959, "Agency": "Dutchtown Main Streets", "Counsel": "LSEM - Anna", "Address": "4126 S GRAND BLVD", "Address (Matching)": "4126 S GRAND ", "State": "Missouri", "City": "St. Louis", "Status of Case": "<Null>", "Back Taxes and Fees": "Classified as vacant by STL.", "Violations as of March 2026": "Most recent: 7/12/2025 (Inspection)", "Narrative": "<Null>", "Notes": "<Null>", "Type/Units": "<Null>", "Developer": "<Null>", "Opposing Contacts": "<Null>", "Status": "Active", "Occupancy Status": "<Null>", "DMS Data Parcel": "Yes", "Owner": "<Null>", "Parcel": 99544 }, "geometry": { "type": "Point", "coordinates": [ -90.24435, 38.58196 ] } },
{ "type": "Feature", "properties": { "OBJECTID *": 72, "Shape": "Point", "longitude": -90.229842, "latitude": 38.586518, "Agency": "Dutchtown Main Streets", "Counsel": "<Null>", "Address": "2715 Chippewa (FC)", "Address (Matching)": "2715 Chippewa ", "State": "Missouri", "City": "St. Louis", "Status of Case": "Pre-Lawsuit", "Back Taxes and Fees": "Classified as vacant by STL. ", "Violations as of March 2026": "Most recent: 4/27/2026 (Violation)", "Narrative": "<Null>", "Notes": "<Null>", "Type/Units": "<Null>", "Developer": "<Null>", "Opposing Contacts": "<Null>", "Status": "Target", "Occupancy Status": "<Null>", "DMS Data Parcel": "No", "Owner": "<Null>", "Parcel": 26231 }, "geometry": { "type": "Point", "coordinates": [ -90.22984, 38.58652 ] } },
{ "type": "Feature", "properties": { "OBJECTID *": 73, "Shape": "Point", "longitude": -90.237631, "latitude": 38.58038, "Agency": "Dutchtown Main Streets", "Counsel": "<Null>", "Address": "3101-03 Meramec St", "Address (Matching)": "3103 Meramec ", "State": "Missouri", "City": "St. Louis", "Status of Case": "Pre-Lawsuit", "Back Taxes and Fees": "Classified as vacant by STL. ", "Violations as of March 2026": "Most recent: 3/2/2026 (Violation)", "Narrative": "<Null>", "Notes": "Renovating with historic tax credits.  Has plans.  New contractor is verifying board ups every two weeks.", "Type/Units": "<Null>", "Developer": "<Null>", "Opposing Contacts": "<Null>", "Status": "Closed", "Occupancy Status": "<Null>", "DMS Data Parcel": "Yes", "Owner": "<Null>", "Parcel": 14404 }, "geometry": { "type": "Point", "coordinates": [ -90.23763, 38.58038 ] } },
{ "type": "Feature", "properties": { "OBJECTID *": 74, "Shape": "Point", "longitude": -90.251797, "latitude": 38.571668, "Agency": "Dutchtown Main Streets", "Counsel": "LSEM- Anna", "Address": "5053 S GRAND BLVD", "Address (Matching)": "5053 S GRAND ", "State": "Missouri", "City": "St. Louis", "Status of Case": "<Null>", "Back Taxes and Fees": "Classified as vacant by STL. 4", "Violations as of March 2026": "Most recent: 11/10/2025 (CSB)", "Narrative": "<Null>", "Notes": "<Null>", "Type/Units": "<Null>", "Developer": "<Null>", "Opposing Contacts": "<Null>", "Status": "Active", "Occupancy Status": "<Null>", "DMS Data Parcel": "<Null>", "Owner": "<Null>", "Parcel": 95740 }, "geometry": { "type": "Point", "coordinates": [ -90.2518, 38.57167 ] } },
{ "type": "Feature", "properties": { "OBJECTID *": 75, "Shape": "Point", "longitude": -90.241454, "latitude": 38.580665, "Agency": "Dutchtown Main Streets", "Counsel": "<Null>", "Address": "3311 Meramec", "Address (Matching)": "3311 Meramec", "State": "Missouri", "City": "St. Louis", "Status of Case": null, "Back Taxes and Fees": null, "Violations as of March 2026": "<Null>", "Narrative": "No lawsuit.  Commercial space renovated for Southern Bank community lending office.", "Notes": "Flora Building second space", "Type/Units": "<Null>", "Developer": "<Null>", "Opposing Contacts": "<Null>", "Status": "Closed", "Occupancy Status": "Occupied", "DMS Data Parcel": "Yes", "Owner": "<Null>", "Parcel": 14680 }, "geometry": { "type": "Point", "coordinates": [ -90.24145, 38.58067 ] } },
{ "type": "Feature", "properties": { "OBJECTID *": 76, "Shape": "Point", "longitude": -90.241802, "latitude": 38.580679, "Agency": "Dutchtown Main Streets", "Counsel": "<Null>", "Address": "3321 Meramec", "Address (Matching)": "3321 Meramec", "State": "Missouri", "City": "St. Louis", "Status of Case": "Pre-Lawsuit", "Back Taxes and Fees": null, "Violations as of March 2026": "<Null>", "Narrative": "Notice sent.  Property owner is rehabbing for market rate.", "Notes": "Neighborhood Letter Sent\n\nRenovating with historic tax credits.  Has plans.  New contractor is verifying board ups every two weeks.\n\n", "Type/Units": "<Null>", "Developer": "<Null>", "Opposing Contacts": "mpo@ocgproperties.com; tgo@ocgproperties.com\n\nMichael Thomas - Rubix Construction Services - Mike is our main contractor who is going to be doing our renovations at 3321 and 3101 Meramec as well as 2857 Texas - rubixconstructionstl@gmail.com / phone # 314-943-3695", "Status": "Closed", "Occupancy Status": "Under Construction", "DMS Data Parcel": "Yes", "Owner": "<Null>", "Parcel": 19342 }, "geometry": { "type": "Point", "coordinates": [ -90.2418, 38.58068 ] } },
{ "type": "Feature", "properties": { "OBJECTID *": 77, "Shape": "Point", "longitude": -90.241058, "latitude": 38.584245, "Agency": "Dutchtown Main Streets", "Counsel": "Lewis Rice", "Address": "3321 Osage (MP)", "Address (Matching)": "3321 Osage ", "State": "Missouri", "City": "St. Louis", "Status of Case": "Pre-Lawsuit", "Back Taxes and Fees": null, "Violations as of March 2026": "<Null>", "Narrative": "Pre lawsuit notice sent. Owner abated and property is now renting with February 2025 Occupancy Permit confirmed by city.", "Notes": "Occupancy following notice letter.", "Type/Units": "<Null>", "Developer": "<Null>", "Opposing Contacts": "<Null>", "Status": "Closed", "Occupancy Status": "Occupied", "DMS Data Parcel": "No", "Owner": "<Null>", "Parcel": 123469 }, "geometry": { "type": "Point", "coordinates": [ -90.24106, 38.58425 ] } },
{ "type": "Feature", "properties": { "OBJECTID *": 78, "Shape": "Point", "longitude": -90.247477, "latitude": 38.581846, "Agency": "Dutchtown Main Streets", "Counsel": "<Null>", "Address": "4215 Dewey", "Address (Matching)": "4215 Dewey", "State": "Missouri", "City": "St. Louis", "Status of Case": "Pre-Lawsuit", "Back Taxes and Fees": null, "Violations as of March 2026": "<Null>", "Narrative": "Notice sent.  Demolition.", "Notes": "No bank lien.  Back taxes and MSD.  Zero value affidavit provided to probate court.\n\nErik is passing, likely needs to be a demolition.  Zero value case.", "Type/Units": "<Null>", "Developer": "<Null>", "Opposing Contacts": "<Null>", "Status": "Closed", "Occupancy Status": "Demolition - Vacant Lot", "DMS Data Parcel": "No", "Owner": "<Null>", "Parcel": 95402 }, "geometry": { "type": "Point", "coordinates": [ -90.24748, 38.58185 ] } },
{ "type": "Feature", "properties": { "OBJECTID *": 79, "Shape": "Point", "longitude": -90.241084, "latitude": 38.579937, "Agency": "Dutchtown Main Streets", "Counsel": "SM - Nate", "Address": "4220 Virginia Ave", "Address (Matching)": "4220 Virginia ", "State": "Missouri", "City": "St. Louis", "Status of Case": "Pre-Lawsuit", "Back Taxes and Fees": "Classified as vacant by STL. ", "Violations as of March 2026": "Most recent: 3/19/2026 (Violation)", "Narrative": "Prelawsuit notice.  Purchased by local Dutchtown rehabber Erik lui following notice for rehab.", "Notes": "Back porch falling over", "Type/Units": "<Null>", "Developer": "Erik Lui", "Opposing Contacts": "<Null>", "Status": "Closed", "Occupancy Status": "Under Construction", "DMS Data Parcel": "Yes", "Owner": "<Null>", "Parcel": 81795 }, "geometry": { "type": "Point", "coordinates": [ -90.24108, 38.57994 ] } },
{ "type": "Feature", "properties": { "OBJECTID *": 80, "Shape": "Point", "longitude": -90.242017, "latitude": 38.577446, "Agency": "Dutchtown Main Streets", "Counsel": "<Null>", "Address": "4315-17 Virginia Ave", "Address (Matching)": "4315 Virginia ", "State": "Missouri", "City": "St. Louis", "Status of Case": "Pre-Lawsuit", "Back Taxes and Fees": null, "Violations as of March 2026": "<Null>", "Narrative": "No lawsuit, Demolition.", "Notes": "Private demolition.", "Type/Units": "<Null>", "Developer": "<Null>", "Opposing Contacts": "<Null>", "Status": "Closed", "Occupancy Status": "Demolition - Vacant Lot", "DMS Data Parcel": "Yes", "Owner": "<Null>", "Parcel": 59431 }, "geometry": { "type": "Point", "coordinates": [ -90.24202, 38.57745 ] } },
{ "type": "Feature", "properties": { "OBJECTID *": 81, "Shape": "Point", "longitude": -90.243118, "latitude": 38.573752, "Agency": "Dutchtown Main Streets", "Counsel": "SM - Nate", "Address": "4552 Virginia", "Address (Matching)": "4552 Virginia", "State": "Missouri", "City": "St. Louis", "Status of Case": "Pre-Lawsuit", "Back Taxes and Fees": "Classified as vacant by STL. 3", "Violations as of March 2026": "Most recent: 4/27/2026 (Violation)", "Narrative": "Prelawsuit Notice.  Purchased by Rehabber for two family conversion from four market rental.", "Notes": "Multi-Family Recent Fire", "Type/Units": "Multi-Family", "Developer": "Diego Benavente", "Opposing Contacts": "<Null>", "Status": "Closed", "Occupancy Status": "Under Construction", "DMS Data Parcel": "Yes", "Owner": "<Null>", "Parcel": 12900 }, "geometry": { "type": "Point", "coordinates": [ -90.24312, 38.57375 ] } },
{ "type": "Feature", "properties": { "OBJECTID *": 82, "Shape": "Point", "longitude": -90.243567, "latitude": 38.572621, "Agency": "Dutchtown Main Streets", "Counsel": "LSEM - Robin", "Address": "4631 Virginia", "Address (Matching)": "4631 Virginia", "State": "Missouri", "City": "St. Louis", "Status of Case": "Pre-Lawsuit", "Back Taxes and Fees": null, "Violations as of March 2026": "<Null>", "Narrative": "Pre lawsuit. Title issues resolved through Legal Services. Sold to St. Joseph Housing Initiative for 80% AMI homeownership. Under construction.", "Notes": "SJHI Acquisiton", "Type/Units": "<Null>", "Developer": "SJHI", "Opposing Contacts": "<Null>", "Status": "Closed", "Occupancy Status": "Under Construction", "DMS Data Parcel": "Yes", "Owner": "<Null>", "Parcel": 125514 }, "geometry": { "type": "Point", "coordinates": [ -90.24357, 38.57262 ] } },
{ "type": "Feature", "properties": { "OBJECTID *": 83, "Shape": "Point", "longitude": -90.243956, "latitude": 38.571419, "Agency": "Dutchtown Main Streets", "Counsel": "<Null>", "Address": "4709 Virginia", "Address (Matching)": "4709 Virginia", "State": "Missouri", "City": "St. Louis", "Status of Case": "Pre-Lawsuit", "Back Taxes and Fees": null, "Violations as of March 2026": "<Null>", "Narrative": "Pre lawsuit notice sent. Sold to owner occupant. Now occupied.", "Notes": "Market Rate Rehab", "Type/Units": "<Null>", "Developer": "<Null>", "Opposing Contacts": "<Null>", "Status": "Closed", "Occupancy Status": "Occupied", "DMS Data Parcel": "Yes", "Owner": "<Null>", "Parcel": 110169 }, "geometry": { "type": "Point", "coordinates": [ -90.24396, 38.57142 ] } },
{ "type": "Feature", "properties": { "OBJECTID *": 84, "Shape": "Point", "longitude": -90.244304, "latitude": 38.570366, "Agency": "Dutchtown Main Streets", "Counsel": "<Null>", "Address": "4747 VIRGINIA AV", "Address (Matching)": "4747 VIRGINIA ", "State": "Missouri", "City": "St. Louis", "Status of Case": "<Null>", "Back Taxes and Fees": "Classified as vacant by STL.", "Violations as of March 2026": "Most recent: 8/25/2015 (CSB)", "Narrative": "<Null>", "Notes": "<Null>", "Type/Units": "<Null>", "Developer": "<Null>", "Opposing Contacts": "<Null>", "Status": "Closed", "Occupancy Status": "<Null>", "DMS Data Parcel": "<Null>", "Owner": "<Null>", "Parcel": 87623 }, "geometry": { "type": "Point", "coordinates": [ -90.2443, 38.57037 ] } },
{ "type": "Feature", "properties": { "OBJECTID *": 85, "Shape": "Point", "longitude": -90.233567, "latitude": 38.579594, "Agency": "Dutchtown Main Streets", "Counsel": "<Null>", "Address": "2812 Meramec St (ME)", "Address (Matching)": "2812 Meramec ", "State": "Missouri", "City": "St. Louis", "Status of Case": "<Null>", "Back Taxes and Fees": "Classified as vacant by STL. ", "Violations as of March 2026": "Most recent: 8/12/2025 (CSB)", "Narrative": "<Null>", "Notes": "<Null>", "Type/Units": "<Null>", "Developer": "<Null>", "Opposing Contacts": "<Null>", "Status": "Target", "Occupancy Status": "<Null>", "DMS Data Parcel": "Yes", "Owner": "<Null>", "Parcel": 77953 }, "geometry": { "type": "Point", "coordinates": [ -90.23357, 38.57959 ] } },
{ "type": "Feature", "properties": { "OBJECTID *": 86, "Shape": "Point", "longitude": -90.233688, "latitude": 38.579665, "Agency": "Dutchtown Main Streets", "Counsel": "<Null>", "Address": "2817 Meramec (ME)", "Address (Matching)": "2817 Meramec", "State": "Missouri", "City": "St. Louis", "Status of Case": "<Null>", "Back Taxes and Fees": "Classified as vacant by STL. ", "Violations as of March 2026": "Most recent: 8/12/2025 (Inspection)", "Narrative": "<Null>", "Notes": "<Null>", "Type/Units": "<Null>", "Developer": "<Null>", "Opposing Contacts": "<Null>", "Status": "Target", "Occupancy Status": "<Null>", "DMS Data Parcel": "Yes", "Owner": "<Null>", "Parcel": 108030 }, "geometry": { "type": "Point", "coordinates": [ -90.23369, 38.57966 ] } },
{ "type": "Feature", "properties": { "OBJECTID *": 87, "Shape": "Point", "longitude": -90.235409, "latitude": 38.579884, "Agency": "<Null>", "Counsel": "<Null>", "Address": "2901 MERAMEC ST", "Address (Matching)": "2901 MERAMEC", "State": "Missouri", "City": "St. Louis", "Status of Case": "<Null>", "Back Taxes and Fees": "Classified as vacant by STL.", "Violations as of March 2026": "Most recent: 7/17/2025 (CSB)", "Narrative": "<Null>", "Notes": "<Null>", "Type/Units": "<Null>", "Developer": "<Null>", "Opposing Contacts": "<Null>", "Status": "Target", "Occupancy Status": "<Null>", "DMS Data Parcel": "<Null>", "Owner": "<Null>", "Parcel": 77019 }, "geometry": { "type": "Point", "coordinates": [ -90.23541, 38.57988 ] } },
{ "type": "Feature", "properties": { "OBJECTID *": 88, "Shape": "Point", "longitude": -90.235409, "latitude": 38.579884, "Agency": "<Null>", "Counsel": "<Null>", "Address": "2901 MERAMEC ST", "Address (Matching)": "2901 MERAMEC", "State": "Missouri", "City": "St. Louis", "Status of Case": "<Null>", "Back Taxes and Fees": "Classified as vacant by STL.", "Violations as of March 2026": "Most recent: 7/17/2025 (CSB)", "Narrative": "<Null>", "Notes": "<Null>", "Type/Units": "<Null>", "Developer": "<Null>", "Opposing Contacts": "<Null>", "Status": "Target", "Occupancy Status": "<Null>", "DMS Data Parcel": "<Null>", "Owner": "<Null>", "Parcel": 77019 }, "geometry": { "type": "Point", "coordinates": [ -90.23541, 38.57988 ] } },
{ "type": "Feature", "properties": { "OBJECTID *": 89, "Shape": "Point", "longitude": -90.235508, "latitude": 38.579897, "Agency": "<Null>", "Counsel": "<Null>", "Address": "2905 MERAMEC ST", "Address (Matching)": "2905 MERAMEC", "State": "Missouri", "City": "St. Louis", "Status of Case": "<Null>", "Back Taxes and Fees": "Classified as vacant by STL.", "Violations as of March 2026": "Most recent: 2/28/2020 (CSB)", "Narrative": "<Null>", "Notes": "<Null>", "Type/Units": "<Null>", "Developer": "<Null>", "Opposing Contacts": "<Null>", "Status": "Target", "Occupancy Status": "<Null>", "DMS Data Parcel": "<Null>", "Owner": "<Null>", "Parcel": 76313 }, "geometry": { "type": "Point", "coordinates": [ -90.23551, 38.5799 ] } },
{ "type": "Feature", "properties": { "OBJECTID *": 90, "Shape": "Point", "longitude": -90.235508, "latitude": 38.579897, "Agency": "<Null>", "Counsel": "<Null>", "Address": "2905 MERAMEC ST", "Address (Matching)": "2905 MERAMEC", "State": "Missouri", "City": "St. Louis", "Status of Case": "<Null>", "Back Taxes and Fees": "Classified as vacant by STL.", "Violations as of March 2026": "Most recent: 2/28/2020 (CSB)", "Narrative": "<Null>", "Notes": "<Null>", "Type/Units": "<Null>", "Developer": "<Null>", "Opposing Contacts": "<Null>", "Status": "Target", "Occupancy Status": "<Null>", "DMS Data Parcel": "<Null>", "Owner": "<Null>", "Parcel": 76313 }, "geometry": { "type": "Point", "coordinates": [ -90.23551, 38.5799 ] } },
{ "type": "Feature", "properties": { "OBJECTID *": 91, "Shape": "Point", "longitude": -90.235502, "latitude": 38.585096, "Agency": "<Null>", "Counsel": "<Null>", "Address": "3002 Keokuk", "Address (Matching)": "3002 Keokuk", "State": "Missouri", "City": "St. Louis", "Status of Case": "<Null>", "Back Taxes and Fees": null, "Violations as of March 2026": "<Null>", "Narrative": "<Null>", "Notes": "<Null>", "Type/Units": "<Null>", "Developer": "<Null>", "Opposing Contacts": "<Null>", "Status": "Target", "Occupancy Status": "<Null>", "DMS Data Parcel": "<Null>", "Owner": "<Null>", "Parcel": 41464 }, "geometry": { "type": "Point", "coordinates": [ -90.2355, 38.5851 ] } },
{ "type": "Feature", "properties": { "OBJECTID *": 92, "Shape": "Point", "longitude": -90.236384, "latitude": 38.581815, "Agency": "Dutchtown Main Streets", "Counsel": "<Null>", "Address": "3007 Gasconade St", "Address (Matching)": "3007 Gasconade", "State": "Missouri", "City": "St. Louis", "Status of Case": "<Null>", "Back Taxes and Fees": "<Null>", "Violations as of March 2026": "<Null>", "Narrative": "<Null>", "Notes": "<Null>", "Type/Units": "<Null>", "Developer": "<Null>", "Opposing Contacts": "<Null>", "Status": "Target", "Occupancy Status": "<Null>", "DMS Data Parcel": "No", "Owner": "<Null>", "Parcel": 24392 }, "geometry": { "type": "Point", "coordinates": [ -90.23638, 38.58181 ] } },
{ "type": "Feature", "properties": { "OBJECTID *": 93, "Shape": "Point", "longitude": -90.234603, "latitude": 38.590784, "Agency": "Dutchtown Main Streets", "Counsel": "<Null>", "Address": "3009 Miami", "Address (Matching)": "3009 Miami", "State": "Missouri", "City": "St. Louis", "Status of Case": "<Null>", "Back Taxes and Fees": null, "Violations as of March 2026": "<Null>", "Narrative": "<Null>", "Notes": "<Null>", "Type/Units": "<Null>", "Developer": "<Null>", "Opposing Contacts": "<Null>", "Status": "Target", "Occupancy Status": "<Null>", "DMS Data Parcel": "No", "Owner": "<Null>", "Parcel": 124836 }, "geometry": { "type": "Point", "coordinates": [ -90.2346, 38.59078 ] } },
{ "type": "Feature", "properties": { "OBJECTID *": 94, "Shape": "Point", "longitude": -90.236627, "latitude": 38.585456, "Agency": "Dutchtown Main Streets", "Counsel": "<Null>", "Address": "3100 Keokuk (MP)", "Address (Matching)": "3100 Keokuk", "State": "Missouri", "City": "St. Louis", "Status of Case": "<Null>", "Back Taxes and Fees": "Classified as vacant by STL. ", "Violations as of March 2026": "Most recent: 2/5/2024 (Violation)", "Narrative": "<Null>", "Notes": "<Null>", "Type/Units": "<Null>", "Developer": "LDG", "Opposing Contacts": "<Null>", "Status": "Target", "Occupancy Status": "<Null>", "DMS Data Parcel": "No", "Owner": "<Null>", "Parcel": 96651 }, "geometry": { "type": "Point", "coordinates": [ -90.23663, 38.58546 ] } },
{ "type": "Feature", "properties": { "OBJECTID *": 95, "Shape": "Point", "longitude": -90.237875, "latitude": 38.580189, "Agency": "Dutchtown Main Streets", "Counsel": "<Null>", "Address": "3107 Meramec", "Address (Matching)": "3107 Meramec", "State": "Missouri", "City": "St. Louis", "Status of Case": "<Null>", "Back Taxes and Fees": "Classified as vacant by STL. ", "Violations as of March 2026": "Most recent: 6/22/2021 (CSB)", "Narrative": "<Null>", "Notes": "<Null>", "Type/Units": "<Null>", "Developer": "<Null>", "Opposing Contacts": "<Null>", "Status": "Target", "Occupancy Status": "<Null>", "DMS Data Parcel": "Yes", "Owner": "<Null>", "Parcel": 19506 }, "geometry": { "type": "Point", "coordinates": [ -90.23788, 38.58019 ] } },
{ "type": "Feature", "properties": { "OBJECTID *": 96, "Shape": "Point", "longitude": -90.237137, "latitude": 38.585524, "Agency": "Dutchtown Main Streets", "Counsel": "<Null>", "Address": "3116 Keokuk (KP)", "Address (Matching)": "3116 Keokuk ", "State": "Missouri", "City": "St. Louis", "Status of Case": "<Null>", "Back Taxes and Fees": null, "Violations as of March 2026": "<Null>", "Narrative": "<Null>", "Notes": "<Null>", "Type/Units": "<Null>", "Developer": "<Null>", "Opposing Contacts": "<Null>", "Status": "Target", "Occupancy Status": "<Null>", "DMS Data Parcel": "No", "Owner": "<Null>", "Parcel": 93972 }, "geometry": { "type": "Point", "coordinates": [ -90.23714, 38.58552 ] } },
{ "type": "Feature", "properties": { "OBJECTID *": 97, "Shape": "Point", "longitude": -90.237245, "latitude": 38.585538, "Agency": "Dutchtown Main Streets", "Counsel": "<Null>", "Address": "3120 Keokuk (MP)", "Address (Matching)": "3120 Keokuk ", "State": "Missouri", "City": "St. Louis", "Status of Case": "<Null>", "Back Taxes and Fees": "Classified as vacant by STL. 3", "Violations as of March 2026": "Most recent: 4/10/2026 (Violation)", "Narrative": "<Null>", "Notes": "<Null>", "Type/Units": "<Null>", "Developer": "LDG", "Opposing Contacts": "<Null>", "Status": "Target", "Occupancy Status": "<Null>", "DMS Data Parcel": "No", "Owner": "<Null>", "Parcel": 93971 }, "geometry": { "type": "Point", "coordinates": [ -90.23725, 38.58554 ] } },
{ "type": "Feature", "properties": { "OBJECTID *": 98, "Shape": "Point", "longitude": -90.237068, "latitude": 38.587343, "Agency": "Dutchtown Main Streets", "Counsel": "<Null>", "Address": "3124 Chippewa", "Address (Matching)": "3124 Chippewa", "State": "Missouri", "City": "St. Louis", "Status of Case": "<Null>", "Back Taxes and Fees": "Classified as vacant by STL. ", "Violations as of March 2026": "Most recent: 9/30/2025 (Inspection)", "Narrative": "<Null>", "Notes": "4-Fam, LDG Target", "Type/Units": "4-Family", "Developer": "LDG?, Quentin Crayton?", "Opposing Contacts": "<Null>", "Status": "Target", "Occupancy Status": "<Null>", "DMS Data Parcel": "No", "Owner": "<Null>", "Parcel": 104759 }, "geometry": { "type": "Point", "coordinates": [ -90.23707, 38.58734 ] } },
{ "type": "Feature", "properties": { "OBJECTID *": 99, "Shape": "Point", "longitude": -90.23922, "latitude": 38.580336, "Agency": "Dutchtown Main Streets", "Counsel": "<Null>", "Address": "3141 Meramec", "Address (Matching)": "3141 Meramec", "State": "Missouri", "City": "St. Louis", "Status of Case": "<Null>", "Back Taxes and Fees": "Classified as vacant by STL. ", "Violations as of March 2026": "Most recent: 8/4/2025 (Inspection)", "Narrative": "<Null>", "Notes": "Under K w/ Trevor Burbank", "Type/Units": "<Null>", "Developer": "<Null>", "Opposing Contacts": "<Null>", "Status": "Target", "Occupancy Status": "<Null>", "DMS Data Parcel": "Yes", "Owner": "<Null>", "Parcel": 63857 }, "geometry": { "type": "Point", "coordinates": [ -90.23922, 38.58034 ] } },
{ "type": "Feature", "properties": { "OBJECTID *": 100, "Shape": "Point", "longitude": -90.238052, "latitude": 38.587484, "Agency": "Dutchtown Main Streets", "Counsel": "<Null>", "Address": "3148 Chippewa", "Address (Matching)": "3148 Chippewa", "State": "Missouri", "City": "St. Louis", "Status of Case": "<Null>", "Back Taxes and Fees": "Classified as vacant by STL. 1", "Violations as of March 2026": "Most recent: 2/25/2026 (Inspection)", "Narrative": "<Null>", "Notes": "4-Fam, LDG Target", "Type/Units": "4-Family", "Developer": "LDG?", "Opposing Contacts": "<Null>", "Status": "Target", "Occupancy Status": "<Null>", "DMS Data Parcel": "No", "Owner": "<Null>", "Parcel": 60785 }, "geometry": { "type": "Point", "coordinates": [ -90.23805, 38.58748 ] } },
{ "type": "Feature", "properties": { "OBJECTID *": 101, "Shape": "Point", "longitude": -90.23918, "latitude": 38.580331, "Agency": "<Null>", "Counsel": "<Null>", "Address": "3155 MERAMEC ST", "Address (Matching)": "3155 MERAMEC", "State": "Missouri", "City": "St. Louis", "Status of Case": "<Null>", "Back Taxes and Fees": "Classified as vacant by STL.", "Violations as of March 2026": "Most recent: 3/3/2026 (CSB)", "Narrative": "<Null>", "Notes": "<Null>", "Type/Units": "<Null>", "Developer": "<Null>", "Opposing Contacts": "<Null>", "Status": "Target", "Occupancy Status": "<Null>", "DMS Data Parcel": "<Null>", "Owner": "<Null>", "Parcel": 63857 }, "geometry": { "type": "Point", "coordinates": [ -90.23918, 38.58033 ] } },
{ "type": "Feature", "properties": { "OBJECTID *": 102, "Shape": "Point", "longitude": -90.23918, "latitude": 38.580331, "Agency": "<Null>", "Counsel": "<Null>", "Address": "3155 MERAMEC ST", "Address (Matching)": "3155 MERAMEC", "State": "Missouri", "City": "St. Louis", "Status of Case": "<Null>", "Back Taxes and Fees": "Classified as vacant by STL.", "Violations as of March 2026": "Most recent: 3/3/2026 (CSB)", "Narrative": "<Null>", "Notes": "<Null>", "Type/Units": "<Null>", "Developer": "<Null>", "Opposing Contacts": "<Null>", "Status": "Target", "Occupancy Status": "<Null>", "DMS Data Parcel": "<Null>", "Owner": "<Null>", "Parcel": 63857 }, "geometry": { "type": "Point", "coordinates": [ -90.23918, 38.58033 ] } },
{ "type": "Feature", "properties": { "OBJECTID *": 103, "Shape": "Point", "longitude": -90.241783, "latitude": 38.56759, "Agency": "Dutchtown Main Streets", "Counsel": "<Null>", "Address": "320-38 Hill St (KP)", "Address (Matching)": "320 Hill  ", "State": "Missouri", "City": "St. Louis", "Status of Case": "<Null>", "Back Taxes and Fees": null, "Violations as of March 2026": "<Null>", "Narrative": "<Null>", "Notes": "<Null>", "Type/Units": "<Null>", "Developer": "<Null>", "Opposing Contacts": "<Null>", "Status": "Target", "Occupancy Status": "<Null>", "DMS Data Parcel": "No", "Owner": "<Null>", "Parcel": 23729 }, "geometry": { "type": "Point", "coordinates": [ -90.24178, 38.56759 ] } },
{ "type": "Feature", "properties": { "OBJECTID *": 104, "Shape": "Point", "longitude": -90.239559, "latitude": 38.585837, "Agency": "Dutchtown Main Streets", "Counsel": "<Null>", "Address": "3218 Keokuk", "Address (Matching)": "3218 Keokuk", "State": "Missouri", "City": "St. Louis", "Status of Case": "<Null>", "Back Taxes and Fees": "Classified as vacant by STL. ", "Violations as of March 2026": "Most recent: 4/21/2023 (Violation)", "Narrative": "<Null>", "Notes": "4-Fam, LDG Target", "Type/Units": "4-Family", "Developer": "LDG?", "Opposing Contacts": "<Null>", "Status": "Target", "Occupancy Status": "<Null>", "DMS Data Parcel": "No", "Owner": "<Null>", "Parcel": 60579 }, "geometry": { "type": "Point", "coordinates": [ -90.23956, 38.58584 ] } },
{ "type": "Feature", "properties": { "OBJECTID *": 105, "Shape": "Point", "longitude": -90.240666, "latitude": 38.580536, "Agency": "Dutchtown Main Streets", "Counsel": "<Null>", "Address": "3221 Meramec St", "Address (Matching)": "3221 Meramec ", "State": "Missouri", "City": "St. Louis", "Status of Case": "<Null>", "Back Taxes and Fees": null, "Violations as of March 2026": "<Null>", "Narrative": "<Null>", "Notes": "<Null>", "Type/Units": "<Null>", "Developer": "<Null>", "Opposing Contacts": "<Null>", "Status": "Target", "Occupancy Status": "<Null>", "DMS Data Parcel": "Yes", "Owner": "<Null>", "Parcel": 100691 }, "geometry": { "type": "Point", "coordinates": [ -90.24067, 38.58054 ] } },
{ "type": "Feature", "properties": { "OBJECTID *": 106, "Shape": "Point", "longitude": -90.238613, "latitude": 38.591237, "Agency": "Dutchtown Main Streets", "Counsel": "<Null>", "Address": "3224 Miami (FC)", "Address (Matching)": "3224 Miami ", "State": "Missouri", "City": "St. Louis", "Status of Case": "<Null>", "Back Taxes and Fees": "Classified as vacant by STL. 3", "Violations as of March 2026": "Most recent: 7/15/2024 (CSB)", "Narrative": "<Null>", "Notes": "<Null>", "Type/Units": "<Null>", "Developer": "<Null>", "Opposing Contacts": "<Null>", "Status": "Target", "Occupancy Status": "<Null>", "DMS Data Parcel": "No", "Owner": "<Null>", "Parcel": 94241 }, "geometry": { "type": "Point", "coordinates": [ -90.23861, 38.59124 ] } },
{ "type": "Feature", "properties": { "OBJECTID *": 107, "Shape": "Point", "longitude": -90.243943, "latitude": 38.569938, "Agency": "Dutchtown Main Streets", "Counsel": "<Null>", "Address": "3251 Delor", "Address (Matching)": "3251 Delor", "State": "Missouri", "City": "St. Louis", "Status of Case": "<Null>", "Back Taxes and Fees": null, "Violations as of March 2026": "<Null>", "Narrative": "<Null>", "Notes": "<Null>", "Type/Units": "<Null>", "Developer": "<Null>", "Opposing Contacts": "<Null>", "Status": "Target", "Occupancy Status": "<Null>", "DMS Data Parcel": "No", "Owner": "<Null>", "Parcel": 62559 }, "geometry": { "type": "Point", "coordinates": [ -90.24394, 38.56994 ] } },
{ "type": "Feature", "properties": { "OBJECTID *": 108, "Shape": "Point", "longitude": -90.240767, "latitude": 38.580548, "Agency": "Dutchtown Main Streets", "Counsel": "<Null>", "Address": "3225 Meramec", "Address (Matching)": "3225 Meramec", "State": "Missouri", "City": "St. Louis", "Status of Case": "<Null>", "Back Taxes and Fees": null, "Violations as of March 2026": "<Null>", "Narrative": "<Null>", "Notes": "Dad's Cookies", "Type/Units": "<Null>", "Developer": "<Null>", "Opposing Contacts": "<Null>", "Status": "Target", "Occupancy Status": "<Null>", "DMS Data Parcel": "Yes", "Owner": "<Null>", "Parcel": 101371 }, "geometry": { "type": "Point", "coordinates": [ -90.24077, 38.58055 ] } },
{ "type": "Feature", "properties": { "OBJECTID *": 109, "Shape": "Point", "longitude": -90.239527, "latitude": 38.58956, "Agency": "Dutchtown Main Streets", "Counsel": "<Null>", "Address": "3309 WInnebago (FC)", "Address (Matching)": "3309 WInnebago ", "State": "Missouri", "City": "St. Louis", "Status of Case": "<Null>", "Back Taxes and Fees": "Classified as vacant by STL. 3", "Violations as of March 2026": "Most recent: 3/30/2026 (Violation)", "Narrative": "<Null>", "Notes": "<Null>", "Type/Units": "<Null>", "Developer": "<Null>", "Opposing Contacts": "<Null>", "Status": "Target", "Occupancy Status": "<Null>", "DMS Data Parcel": "No", "Owner": "<Null>", "Parcel": 64868 }, "geometry": { "type": "Point", "coordinates": [ -90.23953, 38.58956 ] } },
{ "type": "Feature", "properties": { "OBJECTID *": 110, "Shape": "Point", "longitude": -90.241904, "latitude": 38.580692, "Agency": "Dutchtown Main Streets", "Counsel": "<Null>", "Address": "3323-25 Meramec (KP)", "Address (Matching)": "3323 Meramec ", "State": "Missouri", "City": "St. Louis", "Status of Case": "<Null>", "Back Taxes and Fees": "Classified as vacant by STL. ", "Violations as of March 2026": "Most recent: 6/2/2025 (Inspection)", "Narrative": "<Null>", "Notes": "<Null>", "Type/Units": "<Null>", "Developer": "<Null>", "Opposing Contacts": "<Null>", "Status": "Target", "Occupancy Status": "<Null>", "DMS Data Parcel": "Yes", "Owner": "<Null>", "Parcel": 20971 }, "geometry": { "type": "Point", "coordinates": [ -90.2419, 38.58069 ] } },
{ "type": "Feature", "properties": { "OBJECTID *": 111, "Shape": "Point", "longitude": -90.241719, "latitude": 38.580668, "Agency": "Dutchtown Main Streets", "Counsel": "<Null>", "Address": "3319 Meramec", "Address (Matching)": "3319 Meramec", "State": "Missouri", "City": "St. Louis", "Status of Case": "<Null>", "Back Taxes and Fees": "Classified as vacant by STL. ", "Violations as of March 2026": "Most recent: 6/10/2025 (CSB)", "Narrative": "Notice sent.  Property owner is rehabbing for market rate.", "Notes": "Vacant Lot, no development size", "Type/Units": "Lot", "Developer": "OCG Capital", "Opposing Contacts": "<Null>", "Status": "Target", "Occupancy Status": "Under Construction", "DMS Data Parcel": "Yes", "Owner": "<Null>", "Parcel": 20970 }, "geometry": { "type": "Point", "coordinates": [ -90.24172, 38.58067 ] } },
{ "type": "Feature", "properties": { "OBJECTID *": 112, "Shape": "Point", "longitude": -90.2426, "latitude": 38.580778, "Agency": "<Null>", "Counsel": "<Null>", "Address": "3411 MERAMEC ST", "Address (Matching)": "3411 MERAMEC ", "State": "Missouri", "City": "St. Louis", "Status of Case": "<Null>", "Back Taxes and Fees": "Classified as vacant by STL.", "Violations as of March 2026": "Most recent: 7/17/2023 (Violation)", "Narrative": "<Null>", "Notes": "<Null>", "Type/Units": "<Null>", "Developer": "<Null>", "Opposing Contacts": "<Null>", "Status": "Target", "Occupancy Status": "<Null>", "DMS Data Parcel": "<Null>", "Owner": "<Null>", "Parcel": 54118 }, "geometry": { "type": "Point", "coordinates": [ -90.2426, 38.58078 ] } },
{ "type": "Feature", "properties": { "OBJECTID *": 113, "Shape": "Point", "longitude": -90.2426, "latitude": 38.580778, "Agency": "<Null>", "Counsel": "<Null>", "Address": "3411 MERAMEC ST", "Address (Matching)": "3411 MERAMEC ", "State": "Missouri", "City": "St. Louis", "Status of Case": "<Null>", "Back Taxes and Fees": "Classified as vacant by STL.", "Violations as of March 2026": "Most recent: 7/17/2023 (Violation)", "Narrative": "<Null>", "Notes": "<Null>", "Type/Units": "<Null>", "Developer": "<Null>", "Opposing Contacts": "<Null>", "Status": "Target", "Occupancy Status": "<Null>", "DMS Data Parcel": "<Null>", "Owner": "<Null>", "Parcel": 54118 }, "geometry": { "type": "Point", "coordinates": [ -90.2426, 38.58078 ] } },
{ "type": "Feature", "properties": { "OBJECTID *": 114, "Shape": "Point", "longitude": -90.242973, "latitude": 38.582594, "Agency": "Dutchtown Main Streets", "Counsel": "<Null>", "Address": "3430 Gasconade (MP)", "Address (Matching)": "3430 Gasconade ", "State": "Missouri", "City": "St. Louis", "Status of Case": "<Null>", "Back Taxes and Fees": "Classified as vacant by STL. 3", "Violations as of March 2026": "Most recent: 4/14/2026 (Violation)", "Narrative": "<Null>", "Notes": "<Null>", "Type/Units": "<Null>", "Developer": "SJHI", "Opposing Contacts": "<Null>", "Status": "Target", "Occupancy Status": "<Null>", "DMS Data Parcel": "<Null>", "Owner": "<Null>", "Parcel": 77685 }, "geometry": { "type": "Point", "coordinates": [ -90.24297, 38.58259 ] } },
{ "type": "Feature", "properties": { "OBJECTID *": 115, "Shape": "Point", "longitude": -90.242895, "latitude": 38.583493, "Agency": "Dutchtown Main Streets", "Counsel": "<Null>", "Address": "3434 Montana", "Address (Matching)": "3434 Montana", "State": "Missouri", "City": "St. Louis", "Status of Case": "<Null>", "Back Taxes and Fees": null, "Violations as of March 2026": "<Null>", "Narrative": "<Null>", "Notes": "<Null>", "Type/Units": "<Null>", "Developer": "<Null>", "Opposing Contacts": "<Null>", "Status": "Target", "Occupancy Status": "<Null>", "DMS Data Parcel": "No", "Owner": "<Null>", "Parcel": 13788 }, "geometry": { "type": "Point", "coordinates": [ -90.2429, 38.58349 ] } },
{ "type": "Feature", "properties": { "OBJECTID *": 116, "Shape": "Point", "longitude": -90.242836, "latitude": 38.587173, "Agency": "Dutchtown Main Streets", "Counsel": "<Null>", "Address": "3454 Dunnica (FC)", "Address (Matching)": "3454 Dunnica ", "State": "Missouri", "City": "St. Louis", "Status of Case": "Pre-Lawsuit", "Back Taxes and Fees": null, "Violations as of March 2026": "<Null>", "Narrative": "<Null>", "Notes": "<Null>", "Type/Units": "<Null>", "Developer": "<Null>", "Opposing Contacts": "<Null>", "Status": "Target", "Occupancy Status": "<Null>", "DMS Data Parcel": "No", "Owner": "<Null>", "Parcel": 51669 }, "geometry": { "type": "Point", "coordinates": [ -90.24284, 38.58717 ] } },
{ "type": "Feature", "properties": { "OBJECTID *": 117, "Shape": "Point", "longitude": -90.2423, "latitude": 38.59176, "Agency": "Dutchtown Main Streets", "Counsel": "<Null>", "Address": "3501 Miami (FC)", "Address (Matching)": "3501 Miami ", "State": "Missouri", "City": "St. Louis", "Status of Case": "Pre-Lawsuit", "Back Taxes and Fees": null, "Violations as of March 2026": "<Null>", "Narrative": "<Null>", "Notes": "<Null>", "Type/Units": "<Null>", "Developer": "<Null>", "Opposing Contacts": "<Null>", "Status": "Target", "Occupancy Status": "<Null>", "DMS Data Parcel": "No", "Owner": "<Null>", "Parcel": 60342 }, "geometry": { "type": "Point", "coordinates": [ -90.2423, 38.59176 ] } },
{ "type": "Feature", "properties": { "OBJECTID *": 118, "Shape": "Point", "longitude": -90.243515, "latitude": 38.594553, "Agency": "Dutchtown Main Streets", "Counsel": "<Null>", "Address": "3451 S Grand", "Address (Matching)": "3451 S Grand", "State": "Missouri", "City": "St. Louis", "Status of Case": "<Null>", "Back Taxes and Fees": "Classified as vacant by STL. ", "Violations as of March 2026": "Most recent: 4/23/2026 (Violation)", "Narrative": "<Null>", "Notes": "<Null>", "Type/Units": "<Null>", "Developer": "<Null>", "Opposing Contacts": "<Null>", "Status": "Target", "Occupancy Status": "<Null>", "DMS Data Parcel": "No", "Owner": "<Null>", "Parcel": 46853 }, "geometry": { "type": "Point", "coordinates": [ -90.24352, 38.59455 ] } },
{ "type": "Feature", "properties": { "OBJECTID *": 119, "Shape": "Point", "longitude": -90.230601, "latitude": 38.591205, "Agency": "Dutchtown Main Streets", "Counsel": "<Null>", "Address": "3529 California", "Address (Matching)": "3529 California", "State": "Missouri", "City": "St. Louis", "Status of Case": "<Null>", "Back Taxes and Fees": "Classified as vacant by STL. 1", "Violations as of March 2026": "Most recent: 5/6/2026 (Violation)", "Narrative": "<Null>", "Notes": "<Null>", "Type/Units": "<Null>", "Developer": "<Null>", "Opposing Contacts": "<Null>", "Status": "Target", "Occupancy Status": "<Null>", "DMS Data Parcel": "No", "Owner": "<Null>", "Parcel": 14340 }, "geometry": { "type": "Point", "coordinates": [ -90.2306, 38.59121 ] } },
{ "type": "Feature", "properties": { "OBJECTID *": 120, "Shape": "Point", "longitude": -90.242402, "latitude": 38.590556, "Agency": "Dutchtown Main Streets", "Counsel": "<Null>", "Address": "3637 Arkansas", "Address (Matching)": "3637 Arkansas", "State": "Missouri", "City": "St. Louis", "Status of Case": "<Null>", "Back Taxes and Fees": null, "Violations as of March 2026": "<Null>", "Narrative": "<Null>", "Notes": "<Null>", "Type/Units": "<Null>", "Developer": "<Null>", "Opposing Contacts": "<Null>", "Status": "Target", "Occupancy Status": "<Null>", "DMS Data Parcel": "No", "Owner": "<Null>", "Parcel": 115614 }, "geometry": { "type": "Point", "coordinates": [ -90.2424, 38.59056 ] } },
{ "type": "Feature", "properties": { "OBJECTID *": 121, "Shape": "Point", "longitude": -90.23789, "latitude": 38.589943, "Agency": "Dutchtown Main Streets", "Counsel": "<Null>", "Address": "3639 Compton", "Address (Matching)": "3639 Compton", "State": "Missouri", "City": "St. Louis", "Status of Case": "<Null>", "Back Taxes and Fees": null, "Violations as of March 2026": "<Null>", "Narrative": "<Null>", "Notes": "<Null>", "Type/Units": "<Null>", "Developer": "<Null>", "Opposing Contacts": "<Null>", "Status": "Target", "Occupancy Status": "<Null>", "DMS Data Parcel": "No", "Owner": "<Null>", "Parcel": 110345 }, "geometry": { "type": "Point", "coordinates": [ -90.23789, 38.58994 ] } },
{ "type": "Feature", "properties": { "OBJECTID *": 122, "Shape": "Point", "longitude": -90.2367, "latitude": 38.589601, "Agency": "Dutchtown Main Streets", "Counsel": "<Null>", "Address": "3648 Michigan (KP)", "Address (Matching)": "3648 Michigan ", "State": "Missouri", "City": "St. Louis", "Status of Case": "<Null>", "Back Taxes and Fees": "Classified as vacant by STL. ", "Violations as of March 2026": "Most recent: 12/4/2024 (Inspection)", "Narrative": "<Null>", "Notes": "<Null>", "Type/Units": "<Null>", "Developer": "<Null>", "Opposing Contacts": "<Null>", "Status": "Target", "Occupancy Status": "<Null>", "DMS Data Parcel": "No", "Owner": "<Null>", "Parcel": 47072 }, "geometry": { "type": "Point", "coordinates": [ -90.2367, 38.5896 ] } },
{ "type": "Feature", "properties": { "OBJECTID *": 123, "Shape": "Point", "longitude": -90.228858, "latitude": 38.588083, "Agency": "Dutchtown Main Streets", "Counsel": "<Null>", "Address": "3700 Ohio (FC)", "Address (Matching)": "3700 Ohio ", "State": "Missouri", "City": "St. Louis", "Status of Case": "Pre-Lawsuit", "Back Taxes and Fees": "Classified as vacant by STL. ", "Violations as of March 2026": "Most recent: 3/19/2025 (CSB)", "Narrative": "<Null>", "Notes": "<Null>", "Type/Units": "<Null>", "Developer": "<Null>", "Opposing Contacts": "<Null>", "Status": "Target", "Occupancy Status": "<Null>", "DMS Data Parcel": "No", "Owner": "<Null>", "Parcel": 104760 }, "geometry": { "type": "Point", "coordinates": [ -90.22886, 38.58808 ] } },
{ "type": "Feature", "properties": { "OBJECTID *": 124, "Shape": "Point", "longitude": -90.246301, "latitude": 38.581866, "Agency": "Dutchtown Main Streets", "Counsel": "<Null>", "Address": "3702 Meramec", "Address (Matching)": "3702 Meramec", "State": "Missouri", "City": "St. Louis", "Status of Case": "<Null>", "Back Taxes and Fees": null, "Violations as of March 2026": "<Null>", "Narrative": "<Null>", "Notes": "<Null>", "Type/Units": "<Null>", "Developer": "<Null>", "Opposing Contacts": "<Null>", "Status": "Target", "Occupancy Status": "<Null>", "DMS Data Parcel": "Yes", "Owner": "<Null>", "Parcel": 124487 }, "geometry": { "type": "Point", "coordinates": [ -90.2463, 38.58187 ] } },
{ "type": "Feature", "properties": { "OBJECTID *": 125, "Shape": "Point", "longitude": -90.246412, "latitude": 38.581926, "Agency": "Dutchtown Main Streets", "Counsel": "<Null>", "Address": "3706 Meramec (STL$)", "Address (Matching)": "3706 Meramec ", "State": "Missouri", "City": "St. Louis", "Status of Case": "<Null>", "Back Taxes and Fees": null, "Violations as of March 2026": "<Null>", "Narrative": "<Null>", "Notes": "Owner was Fund Delta Saint\nLouis LLC at beginning of\nconstruction. Construction\ncompleted 10/25/23. Ownership\nchanged 11/22/23. \n\nStabilization Amount $55,570", "Type/Units": "<Null>", "Developer": "<Null>", "Opposing Contacts": "12 EMSHEE LANE\nMARTINEZ, CA 94553", "Status": "Target", "Occupancy Status": "<Null>", "DMS Data Parcel": "Yes", "Owner": "<Null>", "Parcel": 124486 }, "geometry": { "type": "Point", "coordinates": [ -90.24641, 38.58193 ] } },
{ "type": "Feature", "properties": { "OBJECTID *": 126, "Shape": "Point", "longitude": -90.234691, "latitude": 38.588431, "Agency": "Dutchtown Main Streets", "Counsel": "<Null>", "Address": "3715 Pennsylvania (FC)", "Address (Matching)": "3715 Pennsylvania ", "State": "Missouri", "City": "St. Louis", "Status of Case": "Pre-Lawsuit", "Back Taxes and Fees": "Classified as vacant by STL. 4", "Violations as of March 2026": "Most recent: 4/20/2026 (Violation)", "Narrative": "<Null>", "Notes": "<Null>", "Type/Units": "<Null>", "Developer": "<Null>", "Opposing Contacts": "<Null>", "Status": "Target", "Occupancy Status": "<Null>", "DMS Data Parcel": "No", "Owner": "<Null>", "Parcel": 50837 }, "geometry": { "type": "Point", "coordinates": [ -90.23469, 38.58843 ] } },
{ "type": "Feature", "properties": { "OBJECTID *": 127, "Shape": "Point", "longitude": -90.226842, "latitude": 38.587121, "Agency": "Dutchtown Main Streets", "Counsel": "<Null>", "Address": "3727 Jefferson (KP)", "Address (Matching)": "3727 Jefferson ", "State": "Missouri", "City": "St. Louis", "Status of Case": "<Null>", "Back Taxes and Fees": null, "Violations as of March 2026": "<Null>", "Narrative": "<Null>", "Notes": "<Null>", "Type/Units": "<Null>", "Developer": "<Null>", "Opposing Contacts": "<Null>", "Status": "Target", "Occupancy Status": "<Null>", "DMS Data Parcel": "No", "Owner": "<Null>", "Parcel": 50346 }, "geometry": { "type": "Point", "coordinates": [ -90.22684, 38.58712 ] } },
{ "type": "Feature", "properties": { "OBJECTID *": 128, "Shape": "Point", "longitude": -90.239347, "latitude": 38.58853, "Agency": "Dutchtown Main Streets", "Counsel": "<Null>", "Address": "3731 Virginia (FC)", "Address (Matching)": "3731 Virginia ", "State": "Missouri", "City": "St. Louis", "Status of Case": "Pre-Lawsuit", "Back Taxes and Fees": "Classified as vacant by STL. ", "Violations as of March 2026": "Most recent: 2/26/2026 (CSB)", "Narrative": "<Null>", "Notes": "Tommy Espenshied ", "Type/Units": "<Null>", "Developer": "<Null>", "Opposing Contacts": "<Null>", "Status": "Target", "Occupancy Status": "<Null>", "DMS Data Parcel": "Yes", "Owner": "<Null>", "Parcel": 48129 }, "geometry": { "type": "Point", "coordinates": [ -90.23935, 38.58853 ] } },
{ "type": "Feature", "properties": { "OBJECTID *": 129, "Shape": "Point", "longitude": -90.235867, "latitude": 38.588037, "Agency": "Dutchtown Main Streets", "Counsel": "<Null>", "Address": "3734 Minnesota (FC)", "Address (Matching)": "3734 Minnesota ", "State": "Missouri", "City": "St. Louis", "Status of Case": "Pre-Lawsuit", "Back Taxes and Fees": "Classified as vacant by STL. 1", "Violations as of March 2026": "Most recent: 12/24/2025 (CSB)", "Narrative": "<Null>", "Notes": "<Null>", "Type/Units": "<Null>", "Developer": "<Null>", "Opposing Contacts": "<Null>", "Status": "Target", "Occupancy Status": "<Null>", "DMS Data Parcel": "No", "Owner": "<Null>", "Parcel": 45463 }, "geometry": { "type": "Point", "coordinates": [ -90.23587, 38.58804 ] } },
{ "type": "Feature", "properties": { "OBJECTID *": 130, "Shape": "Point", "longitude": -90.247258, "latitude": 38.58244, "Agency": "<Null>", "Counsel": "<Null>", "Address": "3737 MERAMEC ST", "Address (Matching)": "3737 MERAMEC", "State": "Missouri", "City": "St. Louis", "Status of Case": "<Null>", "Back Taxes and Fees": "Classified as vacant by STL.", "Violations as of March 2026": "Most recent: 3/3/2023 (Violation)", "Narrative": "<Null>", "Notes": "<Null>", "Type/Units": "<Null>", "Developer": "<Null>", "Opposing Contacts": "<Null>", "Status": "Target", "Occupancy Status": "<Null>", "DMS Data Parcel": "<Null>", "Owner": "<Null>", "Parcel": 107777 }, "geometry": { "type": "Point", "coordinates": [ -90.24726, 38.58244 ] } },
{ "type": "Feature", "properties": { "OBJECTID *": 131, "Shape": "Point", "longitude": -90.247258, "latitude": 38.58244, "Agency": "<Null>", "Counsel": "<Null>", "Address": "3737 MERAMEC ST", "Address (Matching)": "3737 MERAMEC ", "State": "Missouri", "City": "St. Louis", "Status of Case": "<Null>", "Back Taxes and Fees": "Classified as vacant by STL.", "Violations as of March 2026": "Most recent: 3/3/2023 (Violation)", "Narrative": "<Null>", "Notes": "<Null>", "Type/Units": "<Null>", "Developer": "<Null>", "Opposing Contacts": "<Null>", "Status": "Target", "Occupancy Status": "<Null>", "DMS Data Parcel": "<Null>", "Owner": "<Null>", "Parcel": 107777 }, "geometry": { "type": "Point", "coordinates": [ -90.24726, 38.58244 ] } },
{ "type": "Feature", "properties": { "OBJECTID *": 132, "Shape": "Point", "longitude": -90.231716, "latitude": 38.585834, "Agency": "Dutchtown Main Streets", "Counsel": "<Null>", "Address": "3829 California", "Address (Matching)": "3829 California", "State": "Missouri", "City": "St. Louis", "Status of Case": "<Null>", "Back Taxes and Fees": null, "Violations as of March 2026": "<Null>", "Narrative": "<Null>", "Notes": "<Null>", "Type/Units": "<Null>", "Developer": "<Null>", "Opposing Contacts": "<Null>", "Status": "Target", "Occupancy Status": "<Null>", "DMS Data Parcel": "No", "Owner": "<Null>", "Parcel": 77603 }, "geometry": { "type": "Point", "coordinates": [ -90.23172, 38.58583 ] } },
{ "type": "Feature", "properties": { "OBJECTID *": 133, "Shape": "Point", "longitude": -90.239665, "latitude": 38.586737, "Agency": "<Null>", "Counsel": "<Null>", "Address": "3832 VIRGINIA AV", "Address (Matching)": "3832 VIRGINIA ", "State": "Missouri", "City": "St. Louis", "Status of Case": "<Null>", "Back Taxes and Fees": "Classified as vacant by STL.", "Violations as of March 2026": "Most recent: 5/27/2024 (Violation)", "Narrative": "<Null>", "Notes": "<Null>", "Type/Units": "<Null>", "Developer": "<Null>", "Opposing Contacts": "<Null>", "Status": "Target", "Occupancy Status": "<Null>", "DMS Data Parcel": "<Null>", "Owner": "<Null>", "Parcel": 44758 }, "geometry": { "type": "Point", "coordinates": [ -90.23967, 38.58674 ] } },
{ "type": "Feature", "properties": { "OBJECTID *": 134, "Shape": "Point", "longitude": -90.239665, "latitude": 38.586737, "Agency": "<Null>", "Counsel": "<Null>", "Address": "3832 VIRGINIA AV", "Address (Matching)": "3832 VIRGINIA ", "State": "Missouri", "City": "St. Louis", "Status of Case": "<Null>", "Back Taxes and Fees": "Classified as vacant by STL.", "Violations as of March 2026": "Most recent: 5/27/2024 (Violation)", "Narrative": "<Null>", "Notes": "<Null>", "Type/Units": "<Null>", "Developer": "<Null>", "Opposing Contacts": "<Null>", "Status": "Target", "Occupancy Status": "<Null>", "DMS Data Parcel": "<Null>", "Owner": "<Null>", "Parcel": 44758 }, "geometry": { "type": "Point", "coordinates": [ -90.23967, 38.58674 ] } },
{ "type": "Feature", "properties": { "OBJECTID *": 135, "Shape": "Point", "longitude": -90.239727, "latitude": 38.586705, "Agency": "<Null>", "Counsel": "<Null>", "Address": "3833 VIRGINIA AV", "Address (Matching)": "3833 VIRGINIA ", "State": "Missouri", "City": "St. Louis", "Status of Case": "<Null>", "Back Taxes and Fees": "Classified as vacant by STL.", "Violations as of March 2026": "Most recent: 5/7/2026 (Violation)", "Narrative": "<Null>", "Notes": "<Null>", "Type/Units": "<Null>", "Developer": "<Null>", "Opposing Contacts": "<Null>", "Status": "Target", "Occupancy Status": "<Null>", "DMS Data Parcel": "<Null>", "Owner": "<Null>", "Parcel": 16598 }, "geometry": { "type": "Point", "coordinates": [ -90.23973, 38.58671 ] } },
{ "type": "Feature", "properties": { "OBJECTID *": 136, "Shape": "Point", "longitude": -90.239727, "latitude": 38.586705, "Agency": "<Null>", "Counsel": "<Null>", "Address": "3833 VIRGINIA AV", "Address (Matching)": "3833 VIRGINIA ", "State": "Missouri", "City": "St. Louis", "Status of Case": "<Null>", "Back Taxes and Fees": "Classified as vacant by STL.", "Violations as of March 2026": "Most recent: 5/7/2026 (Violation)", "Narrative": "<Null>", "Notes": "<Null>", "Type/Units": "<Null>", "Developer": "<Null>", "Opposing Contacts": "<Null>", "Status": "Target", "Occupancy Status": "<Null>", "DMS Data Parcel": "<Null>", "Owner": "<Null>", "Parcel": 16598 }, "geometry": { "type": "Point", "coordinates": [ -90.23973, 38.58671 ] } },
{ "type": "Feature", "properties": { "OBJECTID *": 137, "Shape": "Point", "longitude": -90.239678, "latitude": 38.586675, "Agency": "<Null>", "Counsel": "<Null>", "Address": "3834 VIRGINIA AV", "Address (Matching)": "3834 VIRGINIA ", "State": "Missouri", "City": "St. Louis", "Status of Case": "<Null>", "Back Taxes and Fees": "Classified as vacant by STL.", "Violations as of March 2026": "Most recent: 10/21/2021 (Inspection)", "Narrative": "<Null>", "Notes": "<Null>", "Type/Units": "<Null>", "Developer": "<Null>", "Opposing Contacts": "<Null>", "Status": "Target", "Occupancy Status": "<Null>", "DMS Data Parcel": "<Null>", "Owner": "<Null>", "Parcel": 47898 }, "geometry": { "type": "Point", "coordinates": [ -90.23968, 38.58667 ] } },
{ "type": "Feature", "properties": { "OBJECTID *": 138, "Shape": "Point", "longitude": -90.239678, "latitude": 38.586675, "Agency": "<Null>", "Counsel": "<Null>", "Address": "3834 VIRGINIA AV", "Address (Matching)": "3834 VIRGINIA ", "State": "Missouri", "City": "St. Louis", "Status of Case": "<Null>", "Back Taxes and Fees": "Classified as vacant by STL.", "Violations as of March 2026": "Most recent: 10/21/2021 (Inspection)", "Narrative": "<Null>", "Notes": "<Null>", "Type/Units": "<Null>", "Developer": "<Null>", "Opposing Contacts": "<Null>", "Status": "Target", "Occupancy Status": "<Null>", "DMS Data Parcel": "<Null>", "Owner": "<Null>", "Parcel": 47898 }, "geometry": { "type": "Point", "coordinates": [ -90.23968, 38.58667 ] } },
{ "type": "Feature", "properties": { "OBJECTID *": 139, "Shape": "Point", "longitude": -90.239773, "latitude": 38.586483, "Agency": "<Null>", "Counsel": "<Null>", "Address": "3841 VIRGINIA AV", "Address (Matching)": "3841 VIRGINIA ", "State": "Missouri", "City": "St. Louis", "Status of Case": "<Null>", "Back Taxes and Fees": "Classified as vacant by STL. 1", "Violations as of March 2026": "Most recent: 4/19/2023 (Inspection)", "Narrative": "<Null>", "Notes": "<Null>", "Type/Units": "<Null>", "Developer": "<Null>", "Opposing Contacts": "<Null>", "Status": "Target", "Occupancy Status": "<Null>", "DMS Data Parcel": "<Null>", "Owner": "<Null>", "Parcel": 14894 }, "geometry": { "type": "Point", "coordinates": [ -90.23977, 38.58648 ] } },
{ "type": "Feature", "properties": { "OBJECTID *": 140, "Shape": "Point", "longitude": -90.239773, "latitude": 38.586483, "Agency": "<Null>", "Counsel": "<Null>", "Address": "3841 VIRGINIA AV", "Address (Matching)": "3841 VIRGINIA ", "State": "Missouri", "City": "St. Louis", "Status of Case": "<Null>", "Back Taxes and Fees": "Classified as vacant by STL. 1", "Violations as of March 2026": "Most recent: 4/19/2023 (Inspection)", "Narrative": "<Null>", "Notes": "<Null>", "Type/Units": "<Null>", "Developer": "<Null>", "Opposing Contacts": "<Null>", "Status": "Target", "Occupancy Status": "<Null>", "DMS Data Parcel": "<Null>", "Owner": "<Null>", "Parcel": 14894 }, "geometry": { "type": "Point", "coordinates": [ -90.23977, 38.58648 ] } },
{ "type": "Feature", "properties": { "OBJECTID *": 141, "Shape": "Point", "longitude": -90.239734, "latitude": 38.586403, "Agency": "<Null>", "Counsel": "<Null>", "Address": "3844 VIRGINIA AV", "Address (Matching)": "3844 VIRGINIA ", "State": "Missouri", "City": "St. Louis", "Status of Case": "<Null>", "Back Taxes and Fees": "Classified as vacant by STL.", "Violations as of March 2026": "Most recent: 1/25/2023 (Inspection)", "Narrative": "<Null>", "Notes": "<Null>", "Type/Units": "<Null>", "Developer": "<Null>", "Opposing Contacts": "<Null>", "Status": "Target", "Occupancy Status": "<Null>", "DMS Data Parcel": "<Null>", "Owner": "<Null>", "Parcel": 44382 }, "geometry": { "type": "Point", "coordinates": [ -90.23973, 38.5864 ] } },
{ "type": "Feature", "properties": { "OBJECTID *": 142, "Shape": "Point", "longitude": -90.239734, "latitude": 38.586403, "Agency": "<Null>", "Counsel": "<Null>", "Address": "3844 VIRGINIA AV", "Address (Matching)": "3844 VIRGINIA ", "State": "Missouri", "City": "St. Louis", "Status of Case": "<Null>", "Back Taxes and Fees": "Classified as vacant by STL.", "Violations as of March 2026": "Most recent: 1/25/2023 (Inspection)", "Narrative": "<Null>", "Notes": "<Null>", "Type/Units": "<Null>", "Developer": "<Null>", "Opposing Contacts": "<Null>", "Status": "Target", "Occupancy Status": "<Null>", "DMS Data Parcel": "<Null>", "Owner": "<Null>", "Parcel": 44382 }, "geometry": { "type": "Point", "coordinates": [ -90.23973, 38.5864 ] } },
{ "type": "Feature", "properties": { "OBJECTID *": 143, "Shape": "Point", "longitude": -90.239803, "latitude": 38.586339, "Agency": "<Null>", "Counsel": "<Null>", "Address": "3847 VIRGINIA AV", "Address (Matching)": "3847 VIRGINIA ", "State": "Missouri", "City": "St. Louis", "Status of Case": "<Null>", "Back Taxes and Fees": "Classified as vacant by STL.", "Violations as of March 2026": "Most recent: 12/4/2025 (CSB)", "Narrative": "<Null>", "Notes": "<Null>", "Type/Units": "<Null>", "Developer": "<Null>", "Opposing Contacts": "<Null>", "Status": "Target", "Occupancy Status": "<Null>", "DMS Data Parcel": "<Null>", "Owner": "<Null>", "Parcel": 23213 }, "geometry": { "type": "Point", "coordinates": [ -90.2398, 38.58634 ] } },
{ "type": "Feature", "properties": { "OBJECTID *": 144, "Shape": "Point", "longitude": -90.239803, "latitude": 38.586339, "Agency": "<Null>", "Counsel": "<Null>", "Address": "3847 VIRGINIA AV", "Address (Matching)": "3847 VIRGINIA ", "State": "Missouri", "City": "St. Louis", "Status of Case": "<Null>", "Back Taxes and Fees": "Classified as vacant by STL.", "Violations as of March 2026": "Most recent: 12/4/2025 (CSB)", "Narrative": "<Null>", "Notes": "<Null>", "Type/Units": "<Null>", "Developer": "<Null>", "Opposing Contacts": "<Null>", "Status": "Target", "Occupancy Status": "<Null>", "DMS Data Parcel": "<Null>", "Owner": "<Null>", "Parcel": 23213 }, "geometry": { "type": "Point", "coordinates": [ -90.2398, 38.58634 ] } },
{ "type": "Feature", "properties": { "OBJECTID *": 145, "Shape": "Point", "longitude": -90.239762, "latitude": 38.586266, "Agency": "<Null>", "Counsel": "<Null>", "Address": "3850 VIRGINIA AV", "Address (Matching)": "3850 VIRGINIA ", "State": "Missouri", "City": "St. Louis", "Status of Case": "<Null>", "Back Taxes and Fees": "Classified as vacant by STL.", "Violations as of March 2026": "Most recent: 7/12/2025 (Inspection)", "Narrative": "<Null>", "Notes": "<Null>", "Type/Units": "<Null>", "Developer": "<Null>", "Opposing Contacts": "<Null>", "Status": "Target", "Occupancy Status": "<Null>", "DMS Data Parcel": "<Null>", "Owner": "<Null>", "Parcel": 43995 }, "geometry": { "type": "Point", "coordinates": [ -90.23976, 38.58627 ] } },
{ "type": "Feature", "properties": { "OBJECTID *": 146, "Shape": "Point", "longitude": -90.239762, "latitude": 38.586266, "Agency": "<Null>", "Counsel": "<Null>", "Address": "3850 VIRGINIA AV", "Address (Matching)": "3850 VIRGINIA ", "State": "Missouri", "City": "St. Louis", "Status of Case": "<Null>", "Back Taxes and Fees": "Classified as vacant by STL.", "Violations as of March 2026": "Most recent: 7/12/2025 (Inspection)", "Narrative": "<Null>", "Notes": "<Null>", "Type/Units": "<Null>", "Developer": "<Null>", "Opposing Contacts": "<Null>", "Status": "Target", "Occupancy Status": "<Null>", "DMS Data Parcel": "<Null>", "Owner": "<Null>", "Parcel": 43995 }, "geometry": { "type": "Point", "coordinates": [ -90.23976, 38.58627 ] } },
{ "type": "Feature", "properties": { "OBJECTID *": 147, "Shape": "Point", "longitude": -90.23978, "latitude": 38.586175, "Agency": "<Null>", "Counsel": "<Null>", "Address": "3852 VIRGINIA AV", "Address (Matching)": "3852 VIRGINIA ", "State": "Missouri", "City": "St. Louis", "Status of Case": "<Null>", "Back Taxes and Fees": "Classified as vacant by STL. 2", "Violations as of March 2026": "Most recent: 4/24/2025 (CSB)", "Narrative": "<Null>", "Notes": "<Null>", "Type/Units": "<Null>", "Developer": "<Null>", "Opposing Contacts": "<Null>", "Status": "Target", "Occupancy Status": "<Null>", "DMS Data Parcel": "<Null>", "Owner": "<Null>", "Parcel": 46020 }, "geometry": { "type": "Point", "coordinates": [ -90.23978, 38.58617 ] } },
{ "type": "Feature", "properties": { "OBJECTID *": 148, "Shape": "Point", "longitude": -90.23978, "latitude": 38.586175, "Agency": "<Null>", "Counsel": "<Null>", "Address": "3852 VIRGINIA AV", "Address (Matching)": "3852 VIRGINIA ", "State": "Missouri", "City": "St. Louis", "Status of Case": "<Null>", "Back Taxes and Fees": "Classified as vacant by STL. 2", "Violations as of March 2026": "Most recent: 4/24/2025 (CSB)", "Narrative": "<Null>", "Notes": "<Null>", "Type/Units": "<Null>", "Developer": "<Null>", "Opposing Contacts": "<Null>", "Status": "Target", "Occupancy Status": "<Null>", "DMS Data Parcel": "<Null>", "Owner": "<Null>", "Parcel": 46020 }, "geometry": { "type": "Point", "coordinates": [ -90.23978, 38.58617 ] } },
{ "type": "Feature", "properties": { "OBJECTID *": 149, "Shape": "Point", "longitude": -90.249971, "latitude": 38.583811, "Agency": "<Null>", "Counsel": "<Null>", "Address": "3854 MERAMEC ST", "Address (Matching)": "3854 MERAMEC", "State": "Missouri", "City": "St. Louis", "Status of Case": "<Null>", "Back Taxes and Fees": "Classified as vacant by STL.", "Violations as of March 2026": "Most recent: 5/7/2024 (CSB)", "Narrative": "<Null>", "Notes": "<Null>", "Type/Units": "<Null>", "Developer": "<Null>", "Opposing Contacts": "<Null>", "Status": "Target", "Occupancy Status": "<Null>", "DMS Data Parcel": "<Null>", "Owner": "<Null>", "Parcel": 102420 }, "geometry": { "type": "Point", "coordinates": [ -90.24997, 38.58381 ] } },
{ "type": "Feature", "properties": { "OBJECTID *": 150, "Shape": "Point", "longitude": -90.249971, "latitude": 38.583811, "Agency": "<Null>", "Counsel": "<Null>", "Address": "3854 MERAMEC ST", "Address (Matching)": "3854 MERAMEC", "State": "Missouri", "City": "St. Louis", "Status of Case": "<Null>", "Back Taxes and Fees": "Classified as vacant by STL.", "Violations as of March 2026": "Most recent: 5/7/2024 (CSB)", "Narrative": "<Null>", "Notes": "<Null>", "Type/Units": "<Null>", "Developer": "<Null>", "Opposing Contacts": "<Null>", "Status": "Target", "Occupancy Status": "<Null>", "DMS Data Parcel": "<Null>", "Owner": "<Null>", "Parcel": 102420 }, "geometry": { "type": "Point", "coordinates": [ -90.24997, 38.58381 ] } },
{ "type": "Feature", "properties": { "OBJECTID *": 151, "Shape": "Point", "longitude": -90.244744, "latitude": 38.586974, "Agency": "<Null>", "Counsel": "<Null>", "Address": "3855 S GRAND BLVD", "Address (Matching)": "3855 S GRAND ", "State": "Missouri", "City": "St. Louis", "Status of Case": "<Null>", "Back Taxes and Fees": "Classified as vacant by STL.", "Violations as of March 2026": "Most recent: 5/7/2025 (CSB)", "Narrative": "<Null>", "Notes": "<Null>", "Type/Units": "<Null>", "Developer": "<Null>", "Opposing Contacts": "<Null>", "Status": "Target", "Occupancy Status": "<Null>", "DMS Data Parcel": "<Null>", "Owner": "<Null>", "Parcel": 76365 }, "geometry": { "type": "Point", "coordinates": [ -90.24474, 38.58697 ] } },
{ "type": "Feature", "properties": { "OBJECTID *": 152, "Shape": "Point", "longitude": -90.244744, "latitude": 38.586974, "Agency": "<Null>", "Counsel": "<Null>", "Address": "3855 S GRAND BLVD", "Address (Matching)": "3855 S GRAND ", "State": "Missouri", "City": "St. Louis", "Status of Case": "<Null>", "Back Taxes and Fees": "Classified as vacant by STL.", "Violations as of March 2026": "Most recent: 5/7/2025 (CSB)", "Narrative": "<Null>", "Notes": "<Null>", "Type/Units": "<Null>", "Developer": "<Null>", "Opposing Contacts": "<Null>", "Status": "Target", "Occupancy Status": "<Null>", "DMS Data Parcel": "<Null>", "Owner": "<Null>", "Parcel": 76365 }, "geometry": { "type": "Point", "coordinates": [ -90.24474, 38.58697 ] } },
{ "type": "Feature", "properties": { "OBJECTID *": 153, "Shape": "Point", "longitude": -90.244896, "latitude": 38.586096, "Agency": "Dutchtown Main Streets", "Counsel": "<Null>", "Address": "3905 S grand", "Address (Matching)": "3905 S grand", "State": "Missouri", "City": "St. Louis", "Status of Case": "<Null>", "Back Taxes and Fees": "Classified as vacant by STL. 3", "Violations as of March 2026": "Most recent: 9/3/2025 (Violation)", "Narrative": "<Null>", "Notes": "Old International Grocer", "Type/Units": "<Null>", "Developer": "<Null>", "Opposing Contacts": "<Null>", "Status": "Target", "Occupancy Status": "<Null>", "DMS Data Parcel": "Yes", "Owner": "<Null>", "Parcel": 14418 }, "geometry": { "type": "Point", "coordinates": [ -90.2449, 38.5861 ] } },
{ "type": "Feature", "properties": { "OBJECTID *": 154, "Shape": "Point", "longitude": -90.241084, "latitude": 38.585571, "Agency": "Dutchtown Main Streets", "Counsel": "<Null>", "Address": "3914 Louisiana (FC)", "Address (Matching)": "3914 Louisiana ", "State": "Missouri", "City": "St. Louis", "Status of Case": "Pre-Lawsuit", "Back Taxes and Fees": null, "Violations as of March 2026": "<Null>", "Narrative": "<Null>", "Notes": "<Null>", "Type/Units": "<Null>", "Developer": "<Null>", "Opposing Contacts": "<Null>", "Status": "Target", "Occupancy Status": "<Null>", "DMS Data Parcel": "No", "Owner": "<Null>", "Parcel": 96089 }, "geometry": { "type": "Point", "coordinates": [ -90.24108, 38.58557 ] } },
{ "type": "Feature", "properties": { "OBJECTID *": 155, "Shape": "Point", "longitude": -90.235371, "latitude": 38.584852, "Agency": "Dutchtown Main Streets", "Counsel": "<Null>", "Address": "3914 Pennsylvania", "Address (Matching)": "3914 Pennsylvania", "State": "Missouri", "City": "St. Louis", "Status of Case": "<Null>", "Back Taxes and Fees": null, "Violations as of March 2026": "<Null>", "Narrative": "<Null>", "Notes": "<Null>", "Type/Units": "<Null>", "Developer": "<Null>", "Opposing Contacts": "<Null>", "Status": "Target", "Occupancy Status": "<Null>", "DMS Data Parcel": "No", "Owner": "<Null>", "Parcel": 121861 }, "geometry": { "type": "Point", "coordinates": [ -90.23537, 38.58485 ] } },
{ "type": "Feature", "properties": { "OBJECTID *": 156, "Shape": "Point", "longitude": -90.236549, "latitude": 38.584856, "Agency": "Dutchtown Main Streets", "Counsel": "<Null>", "Address": "3920 Minnesota (MP)", "Address (Matching)": "3920 Minnesota ", "State": "Missouri", "City": "St. Louis", "Status of Case": "<Null>", "Back Taxes and Fees": null, "Violations as of March 2026": "<Null>", "Narrative": "<Null>", "Notes": "<Null>", "Type/Units": "<Null>", "Developer": "LDG", "Opposing Contacts": "<Null>", "Status": "Target", "Occupancy Status": "<Null>", "DMS Data Parcel": "No", "Owner": "<Null>", "Parcel": 24410 }, "geometry": { "type": "Point", "coordinates": [ -90.23655, 38.58486 ] } },
{ "type": "Feature", "properties": { "OBJECTID *": 157, "Shape": "Point", "longitude": -90.244982, "latitude": 38.585616, "Agency": "<Null>", "Counsel": "<Null>", "Address": "3923 S GRAND BLVD", "Address (Matching)": "3923 S GRAND ", "State": "Missouri", "City": "St. Louis", "Status of Case": "<Null>", "Back Taxes and Fees": "Classified as vacant by STL.", "Violations as of March 2026": "Most recent: 6/29/2025 (CSB)", "Narrative": "<Null>", "Notes": "<Null>", "Type/Units": "<Null>", "Developer": "<Null>", "Opposing Contacts": "<Null>", "Status": "Target", "Occupancy Status": "<Null>", "DMS Data Parcel": "<Null>", "Owner": "<Null>", "Parcel": 23183 }, "geometry": { "type": "Point", "coordinates": [ -90.24498, 38.58562 ] } },
{ "type": "Feature", "properties": { "OBJECTID *": 158, "Shape": "Point", "longitude": -90.240106, "latitude": 38.584801, "Agency": "<Null>", "Counsel": "<Null>", "Address": "3937 VIRGINIA AV", "Address (Matching)": "3937 VIRGINIA ", "State": "Missouri", "City": "St. Louis", "Status of Case": "<Null>", "Back Taxes and Fees": "Classified as vacant by STL.", "Violations as of March 2026": "Most recent: 9/6/2023 (Inspection)", "Narrative": "<Null>", "Notes": "<Null>", "Type/Units": "<Null>", "Developer": "<Null>", "Opposing Contacts": "<Null>", "Status": "Target", "Occupancy Status": "<Null>", "DMS Data Parcel": "<Null>", "Owner": "<Null>", "Parcel": 121850 }, "geometry": { "type": "Point", "coordinates": [ -90.24011, 38.5848 ] } },
{ "type": "Feature", "properties": { "OBJECTID *": 159, "Shape": "Point", "longitude": -90.241161, "latitude": 38.585201, "Agency": "Dutchtown Main Streets", "Counsel": "<Null>", "Address": "3928 Louisiana (MP)", "Address (Matching)": "3928 Louisiana ", "State": "Missouri", "City": "St. Louis", "Status of Case": "<Null>", "Back Taxes and Fees": "Classified as vacant by STL. ", "Violations as of March 2026": "Most recent: 7/20/2025 (Inspection)", "Narrative": "<Null>", "Notes": "<Null>", "Type/Units": "<Null>", "Developer": "<Null>", "Opposing Contacts": "<Null>", "Status": "Target", "Occupancy Status": "<Null>", "DMS Data Parcel": "No", "Owner": "<Null>", "Parcel": 94813 }, "geometry": { "type": "Point", "coordinates": [ -90.24116, 38.5852 ] } },
{ "type": "Feature", "properties": { "OBJECTID *": 160, "Shape": "Point", "longitude": -90.244982, "latitude": 38.585616, "Agency": "<Null>", "Counsel": "<Null>", "Address": "3923 S GRAND BLVD", "Address (Matching)": "3923 S GRAND ", "State": "Missouri", "City": "St. Louis", "Status of Case": "<Null>", "Back Taxes and Fees": "Classified as vacant by STL.", "Violations as of March 2026": "Most recent: 6/29/2025 (CSB)", "Narrative": "<Null>", "Notes": "<Null>", "Type/Units": "<Null>", "Developer": "<Null>", "Opposing Contacts": "<Null>", "Status": "Target", "Occupancy Status": "<Null>", "DMS Data Parcel": "<Null>", "Owner": "<Null>", "Parcel": 23183 }, "geometry": { "type": "Point", "coordinates": [ -90.24498, 38.58562 ] } },
{ "type": "Feature", "properties": { "OBJECTID *": 161, "Shape": "Point", "longitude": -90.240106, "latitude": 38.584801, "Agency": "<Null>", "Counsel": "<Null>", "Address": "3937 VIRGINIA AV", "Address (Matching)": "3937 VIRGINIA ", "State": "Missouri", "City": "St. Louis", "Status of Case": "<Null>", "Back Taxes and Fees": "Classified as vacant by STL.", "Violations as of March 2026": "Most recent: 9/6/2023 (Inspection)", "Narrative": "<Null>", "Notes": "<Null>", "Type/Units": "<Null>", "Developer": "<Null>", "Opposing Contacts": "<Null>", "Status": "Target", "Occupancy Status": "<Null>", "DMS Data Parcel": "<Null>", "Owner": "<Null>", "Parcel": 121850 }, "geometry": { "type": "Point", "coordinates": [ -90.24011, 38.5848 ] } },
{ "type": "Feature", "properties": { "OBJECTID *": 162, "Shape": "Point", "longitude": -90.229901, "latitude": 38.583324, "Agency": "Dutchtown Main Streets", "Counsel": "<Null>", "Address": "3943 Ohio (FC)", "Address (Matching)": "3943 Ohio ", "State": "Missouri", "City": "St. Louis", "Status of Case": "Pre-Lawsuit", "Back Taxes and Fees": null, "Violations as of March 2026": "<Null>", "Narrative": "<Null>", "Notes": "<Null>", "Type/Units": "<Null>", "Developer": "<Null>", "Opposing Contacts": "<Null>", "Status": "Target", "Occupancy Status": "<Null>", "DMS Data Parcel": "No", "Owner": "<Null>", "Parcel": 64798 }, "geometry": { "type": "Point", "coordinates": [ -90.2299, 38.58332 ] } },
{ "type": "Feature", "properties": { "OBJECTID *": 163, "Shape": "Point", "longitude": -90.236715, "latitude": 38.584296, "Agency": "<Null>", "Counsel": "<Null>", "Address": "3939 Minnesota", "Address (Matching)": "3939 Minnesota", "State": "Missouri", "City": "St. Louis", "Status of Case": "<Null>", "Back Taxes and Fees": null, "Violations as of March 2026": "<Null>", "Narrative": "<Null>", "Notes": "<Null>", "Type/Units": "<Null>", "Developer": "<Null>", "Opposing Contacts": "<Null>", "Status": "Target", "Occupancy Status": "<Null>", "DMS Data Parcel": "<Null>", "Owner": "<Null>", "Parcel": 102792 }, "geometry": { "type": "Point", "coordinates": [ -90.23672, 38.5843 ] } },
{ "type": "Feature", "properties": { "OBJECTID *": 164, "Shape": "Point", "longitude": -90.24014, "latitude": 38.584634, "Agency": "Dutchtown Main Streets", "Counsel": "<Null>", "Address": "3943 Virginia (MP)", "Address (Matching)": "3943 Virginia ", "State": "Missouri", "City": "St. Louis", "Status of Case": "<Null>", "Back Taxes and Fees": "Classified as vacant by STL. 2", "Violations as of March 2026": "Most recent: 4/8/2024 (CSB)", "Narrative": "<Null>", "Notes": "Fire", "Type/Units": "<Null>", "Developer": "<Null>", "Opposing Contacts": "<Null>", "Status": "Target", "Occupancy Status": "<Null>", "DMS Data Parcel": "No", "Owner": "<Null>", "Parcel": 123461 }, "geometry": { "type": "Point", "coordinates": [ -90.24014, 38.58463 ] } },
{ "type": "Feature", "properties": { "OBJECTID *": 165, "Shape": "Point", "longitude": -90.253556, "latitude": 38.585692, "Agency": "<Null>", "Counsel": "<Null>", "Address": "3962 MERAMEC ST", "Address (Matching)": "3962 MERAMEC ", "State": "Missouri", "City": "St. Louis", "Status of Case": "<Null>", "Back Taxes and Fees": "Classified as vacant by STL.", "Violations as of March 2026": "Most recent: 3/23/2020 (CSB)", "Narrative": "<Null>", "Notes": "<Null>", "Type/Units": "<Null>", "Developer": "<Null>", "Opposing Contacts": "<Null>", "Status": "Target", "Occupancy Status": "<Null>", "DMS Data Parcel": "<Null>", "Owner": "<Null>", "Parcel": 30007 }, "geometry": { "type": "Point", "coordinates": [ -90.25356, 38.58569 ] } },
{ "type": "Feature", "properties": { "OBJECTID *": 166, "Shape": "Point", "longitude": -90.253473, "latitude": 38.585711, "Agency": "<Null>", "Counsel": "<Null>", "Address": "3973 MERAMEC ST", "Address (Matching)": "3973 MERAMEC ", "State": "Missouri", "City": "St. Louis", "Status of Case": "<Null>", "Back Taxes and Fees": "Classified as vacant by STL.", "Violations as of March 2026": "Most recent: 3/7/2026 (Violation)", "Narrative": "<Null>", "Notes": "<Null>", "Type/Units": "<Null>", "Developer": "<Null>", "Opposing Contacts": "<Null>", "Status": "Target", "Occupancy Status": "<Null>", "DMS Data Parcel": "<Null>", "Owner": "<Null>", "Parcel": 87427 }, "geometry": { "type": "Point", "coordinates": [ -90.25347, 38.58571 ] } },
{ "type": "Feature", "properties": { "OBJECTID *": 167, "Shape": "Point", "longitude": -90.253556, "latitude": 38.585692, "Agency": "<Null>", "Counsel": "<Null>", "Address": "3962 MERAMEC ST", "Address (Matching)": "3962 MERAMEC ", "State": "Missouri", "City": "St. Louis", "Status of Case": "<Null>", "Back Taxes and Fees": "Classified as vacant by STL.", "Violations as of March 2026": "Most recent: 3/23/2020 (CSB)", "Narrative": "<Null>", "Notes": "<Null>", "Type/Units": "<Null>", "Developer": "<Null>", "Opposing Contacts": "<Null>", "Status": "Target", "Occupancy Status": "<Null>", "DMS Data Parcel": "<Null>", "Owner": "<Null>", "Parcel": 30007 }, "geometry": { "type": "Point", "coordinates": [ -90.25356, 38.58569 ] } },
{ "type": "Feature", "properties": { "OBJECTID *": 168, "Shape": "Point", "longitude": -90.253473, "latitude": 38.585711, "Agency": "<Null>", "Counsel": "<Null>", "Address": "3973 MERAMEC ST", "Address (Matching)": "3973 MERAMEC ", "State": "Missouri", "City": "St. Louis", "Status of Case": "<Null>", "Back Taxes and Fees": "Classified as vacant by STL.", "Violations as of March 2026": "Most recent: 3/7/2026 (Violation)", "Narrative": "<Null>", "Notes": "<Null>", "Type/Units": "<Null>", "Developer": "<Null>", "Opposing Contacts": "<Null>", "Status": "Target", "Occupancy Status": "<Null>", "DMS Data Parcel": "<Null>", "Owner": "<Null>", "Parcel": 87427 }, "geometry": { "type": "Point", "coordinates": [ -90.25347, 38.58571 ] } },
{ "type": "Feature", "properties": { "OBJECTID *": 169, "Shape": "Point", "longitude": -90.244803, "latitude": 38.584379, "Agency": "Dutchtown Main Streets", "Counsel": "<Null>", "Address": "4006 S Grand", "Address (Matching)": "4006 S Grand", "State": "Missouri", "City": "St. Louis", "Status of Case": "<Null>", "Back Taxes and Fees": "Classified as vacant by STL. ", "Violations as of March 2026": "Most recent: 1/17/2022 (Inspection)", "Narrative": "<Null>", "Notes": "<Null>", "Type/Units": "<Null>", "Developer": "<Null>", "Opposing Contacts": "<Null>", "Status": "Target", "Occupancy Status": "<Null>", "DMS Data Parcel": "Yes", "Owner": "<Null>", "Parcel": 116276 }, "geometry": { "type": "Point", "coordinates": [ -90.2448, 38.58438 ] } },
{ "type": "Feature", "properties": { "OBJECTID *": 170, "Shape": "Point", "longitude": -90.244787, "latitude": 38.584301, "Agency": "Dutchtown Main Streets", "Counsel": "<Null>", "Address": "4010 S Grand", "Address (Matching)": "4010 S Grand", "State": "Missouri", "City": "St. Louis", "Status of Case": "<Null>", "Back Taxes and Fees": null, "Violations as of March 2026": "<Null>", "Narrative": "<Null>", "Notes": "<Null>", "Type/Units": "<Null>", "Developer": "<Null>", "Opposing Contacts": "<Null>", "Status": "Target", "Occupancy Status": "<Null>", "DMS Data Parcel": "Yes", "Owner": "<Null>", "Parcel": 113272 }, "geometry": { "type": "Point", "coordinates": [ -90.24479, 38.5843 ] } },
{ "type": "Feature", "properties": { "OBJECTID *": 171, "Shape": "Point", "longitude": -90.244751, "latitude": 38.584094, "Agency": "Dutchtown Main Streets", "Counsel": "<Null>", "Address": "4018 S Grand", "Address (Matching)": "4018 S Grand", "State": "Missouri", "City": "St. Louis", "Status of Case": "Pre-Lawsuit", "Back Taxes and Fees": null, "Violations as of March 2026": "<Null>", "Narrative": "<Null>", "Notes": "Tower Grove CDC Interested", "Type/Units": "<Null>", "Developer": "<Null>", "Opposing Contacts": "<Null>", "Status": "Target", "Occupancy Status": "<Null>", "DMS Data Parcel": "Yes", "Owner": "<Null>", "Parcel": 110159 }, "geometry": { "type": "Point", "coordinates": [ -90.24475, 38.58409 ] } },
{ "type": "Feature", "properties": { "OBJECTID *": 172, "Shape": "Point", "longitude": -90.251043, "latitude": 38.585272, "Agency": "Dutchtown Main Streets", "Counsel": "<Null>", "Address": "4019 Hydraulic", "Address (Matching)": "4019 Hydraulic", "State": "Missouri", "City": "St. Louis", "Status of Case": "<Null>", "Back Taxes and Fees": null, "Violations as of March 2026": "<Null>", "Narrative": "<Null>", "Notes": "<Null>", "Type/Units": "<Null>", "Developer": "<Null>", "Opposing Contacts": "<Null>", "Status": "Target", "Occupancy Status": "<Null>", "DMS Data Parcel": "No", "Owner": "<Null>", "Parcel": 30546 }, "geometry": { "type": "Point", "coordinates": [ -90.25104, 38.58527 ] } },
{ "type": "Feature", "properties": { "OBJECTID *": 173, "Shape": "Point", "longitude": -90.254635, "latitude": 38.586327, "Agency": "<Null>", "Counsel": "<Null>", "Address": "4019 MERAMEC ST", "Address (Matching)": "4019 MERAMEC ", "State": "Missouri", "City": "St. Louis", "Status of Case": "<Null>", "Back Taxes and Fees": "Classified as vacant by STL.", "Violations as of March 2026": "Most recent: 3/23/2026 (Violation)", "Narrative": "<Null>", "Notes": "<Null>", "Type/Units": "<Null>", "Developer": "<Null>", "Opposing Contacts": "<Null>", "Status": "Target", "Occupancy Status": "<Null>", "DMS Data Parcel": "<Null>", "Owner": "<Null>", "Parcel": 10898 }, "geometry": { "type": "Point", "coordinates": [ -90.25463, 38.58633 ] } },
{ "type": "Feature", "properties": { "OBJECTID *": 174, "Shape": "Point", "longitude": -90.254635, "latitude": 38.586327, "Agency": "<Null>", "Counsel": "<Null>", "Address": "4019 MERAMEC ST", "Address (Matching)": "4019 MERAMEC ", "State": "Missouri", "City": "St. Louis", "Status of Case": "<Null>", "Back Taxes and Fees": "Classified as vacant by STL.", "Violations as of March 2026": "Most recent: 3/23/2026 (Violation)", "Narrative": "<Null>", "Notes": "<Null>", "Type/Units": "<Null>", "Developer": "<Null>", "Opposing Contacts": "<Null>", "Status": "Target", "Occupancy Status": "<Null>", "DMS Data Parcel": "<Null>", "Owner": "<Null>", "Parcel": 10898 }, "geometry": { "type": "Point", "coordinates": [ -90.25463, 38.58633 ] } },
{ "type": "Feature", "properties": { "OBJECTID *": 175, "Shape": "Point", "longitude": -90.233607, "latitude": 38.582375, "Agency": "Dutchtown Main Streets", "Counsel": "<Null>", "Address": "4027 Oregon (KP)", "Address (Matching)": "4027 Oregon ", "State": "Missouri", "City": "St. Louis", "Status of Case": "<Null>", "Back Taxes and Fees": null, "Violations as of March 2026": "<Null>", "Narrative": "<Null>", "Notes": "<Null>", "Type/Units": "<Null>", "Developer": "<Null>", "Opposing Contacts": "<Null>", "Status": "Target", "Occupancy Status": "<Null>", "DMS Data Parcel": "No", "Owner": "<Null>", "Parcel": 113038 }, "geometry": { "type": "Point", "coordinates": [ -90.23361, 38.58237 ] } },
{ "type": "Feature", "properties": { "OBJECTID *": 176, "Shape": "Point", "longitude": -90.230179, "latitude": 38.581956, "Agency": "Dutchtown Main Streets", "Counsel": "<Null>", "Address": "4029 Ohio (ME)", "Address (Matching)": "4029 Ohio ", "State": "Missouri", "City": "St. Louis", "Status of Case": "<Null>", "Back Taxes and Fees": null, "Violations as of March 2026": "<Null>", "Narrative": "<Null>", "Notes": "<Null>", "Type/Units": "<Null>", "Developer": "<Null>", "Opposing Contacts": "<Null>", "Status": "Target", "Occupancy Status": "<Null>", "DMS Data Parcel": "No", "Owner": "<Null>", "Parcel": 97054 }, "geometry": { "type": "Point", "coordinates": [ -90.23018, 38.58196 ] } },
{ "type": "Feature", "properties": { "OBJECTID *": 177, "Shape": "Point", "longitude": -90.232411, "latitude": 38.582127, "Agency": "Dutchtown Main Streets", "Counsel": "<Null>", "Address": "4032 California (ME)", "Address (Matching)": "4032 California ", "State": "Missouri", "City": "St. Louis", "Status of Case": "<Null>", "Back Taxes and Fees": "Classified as vacant by STL. 2", "Violations as of March 2026": "Most recent: 9/29/2021 (CSB)", "Narrative": "<Null>", "Notes": "<Null>", "Type/Units": "<Null>", "Developer": "<Null>", "Opposing Contacts": "<Null>", "Status": "Target", "Occupancy Status": "<Null>", "DMS Data Parcel": "No", "Owner": "<Null>", "Parcel": 65282 }, "geometry": { "type": "Point", "coordinates": [ -90.23241, 38.58213 ] } },
{ "type": "Feature", "properties": { "OBJECTID *": 178, "Shape": "Point", "longitude": -90.244734, "latitude": 38.583997, "Agency": "Dutchtown Main Streets", "Counsel": "<Null>", "Address": "4022 S Grand", "Address (Matching)": "4022 S Grand", "State": "Missouri", "City": "St. Louis", "Status of Case": "Pre-Lawsuit", "Back Taxes and Fees": null, "Violations as of March 2026": "<Null>", "Narrative": "<Null>", "Notes": "Tower Grove CDC Interested, work happening", "Type/Units": "<Null>", "Developer": "<Null>", "Opposing Contacts": "<Null>", "Status": "Target", "Occupancy Status": "<Null>", "DMS Data Parcel": "No", "Owner": "<Null>", "Parcel": 107529 }, "geometry": { "type": "Point", "coordinates": [ -90.24473, 38.584 ] } },
{ "type": "Feature", "properties": { "OBJECTID *": 179, "Shape": "Point", "longitude": -90.230797, "latitude": 38.581916, "Agency": "Dutchtown Main Streets", "Counsel": "<Null>", "Address": "4032 Iowa (ME)", "Address (Matching)": "4032 Iowa ", "State": "Missouri", "City": "St. Louis", "Status of Case": "<Null>", "Back Taxes and Fees": "<Null>", "Violations as of March 2026": "<Null>", "Narrative": "<Null>", "Notes": "<Null>", "Type/Units": "<Null>", "Developer": "<Null>", "Opposing Contacts": "<Null>", "Status": "Target", "Occupancy Status": "<Null>", "DMS Data Parcel": "No", "Owner": "<Null>", "Parcel": 100712 }, "geometry": { "type": "Point", "coordinates": [ -90.2308, 38.58192 ] } },
{ "type": "Feature", "properties": { "OBJECTID *": 180, "Shape": "Point", "longitude": -90.233553, "latitude": 38.582366, "Agency": "Dutchtown Main Streets", "Counsel": "<Null>", "Address": "4032 Oregon (STL$)", "Address (Matching)": "4032 Oregon ", "State": "Missouri", "City": "St. Louis", "Status of Case": "<Null>", "Back Taxes and Fees": "Classified as vacant by STL. ", "Violations as of March 2026": "Most recent: 8/12/2025 (Inspection)", "Narrative": "<Null>", "Notes": "Stabilization amount $89730", "Type/Units": "<Null>", "Developer": "<Null>", "Opposing Contacts": "2870 PEACHTREE RD STE 707,\nATLANTA, GA 30305", "Status": "Target", "Occupancy Status": "<Null>", "DMS Data Parcel": "No", "Owner": "<Null>", "Parcel": 6449 }, "geometry": { "type": "Point", "coordinates": [ -90.23355, 38.58237 ] } },
{ "type": "Feature", "properties": { "OBJECTID *": 181, "Shape": "Point", "longitude": -90.232426, "latitude": 38.582056, "Agency": "Dutchtown Main Streets", "Counsel": "<Null>", "Address": "4034 California (ME)", "Address (Matching)": "4034 California ", "State": "Missouri", "City": "St. Louis", "Status of Case": "<Null>", "Back Taxes and Fees": "Classified as vacant by STL. ", "Violations as of March 2026": "Most recent: 7/7/2023 (CSB)", "Narrative": "<Null>", "Notes": "<Null>", "Type/Units": "<Null>", "Developer": "<Null>", "Opposing Contacts": "<Null>", "Status": "Target", "Occupancy Status": "<Null>", "DMS Data Parcel": "No", "Owner": "<Null>", "Parcel": 65281 }, "geometry": { "type": "Point", "coordinates": [ -90.23243, 38.58206 ] } },
{ "type": "Feature", "properties": { "OBJECTID *": 182, "Shape": "Point", "longitude": -90.233573, "latitude": 38.582279, "Agency": "Dutchtown Main Streets", "Counsel": "<Null>", "Address": "4034 OREGON AV (STL$)", "Address (Matching)": "4034 OREGON  ", "State": "Missouri", "City": "St. Louis", "Status of Case": "<Null>", "Back Taxes and Fees": "Classified as vacant by STL. 1", "Violations as of March 2026": "Most recent: 10/13/2025 (CSB)", "Narrative": "<Null>", "Notes": "Stabilization amount $94000", "Type/Units": "<Null>", "Developer": "<Null>", "Opposing Contacts": "131 BRILLIANT LANE\nST LOUIS, MO 63125", "Status": "Target", "Occupancy Status": "<Null>", "DMS Data Parcel": "No", "Owner": "<Null>", "Parcel": 3688 }, "geometry": { "type": "Point", "coordinates": [ -90.23357, 38.58228 ] } },
{ "type": "Feature", "properties": { "OBJECTID *": 183, "Shape": "Point", "longitude": -90.232456, "latitude": 38.581904, "Agency": "Dutchtown Main Streets", "Counsel": "<Null>", "Address": "4040 California (ME)", "Address (Matching)": "4040 California ", "State": "Missouri", "City": "St. Louis", "Status of Case": "<Null>", "Back Taxes and Fees": "Classified as vacant by STL. ", "Violations as of March 2026": "Most recent: 11/19/2021 (CSB)", "Narrative": "<Null>", "Notes": "<Null>", "Type/Units": "<Null>", "Developer": "<Null>", "Opposing Contacts": "<Null>", "Status": "Target", "Occupancy Status": "<Null>", "DMS Data Parcel": "No", "Owner": "<Null>", "Parcel": 64612 }, "geometry": { "type": "Point", "coordinates": [ -90.23246, 38.5819 ] } },
{ "type": "Feature", "properties": { "OBJECTID *": 184, "Shape": "Point", "longitude": -90.233632, "latitude": 38.58202, "Agency": "Dutchtown Main Streets", "Counsel": "<Null>", "Address": "4042 OREGON AV (STL$)", "Address (Matching)": "4042 OREGON  ", "State": "Missouri", "City": "St. Louis", "Status of Case": "<Null>", "Back Taxes and Fees": "Classified as vacant by STL. 1", "Violations as of March 2026": "Most recent: 12/9/2024 (Inspection)", "Narrative": "<Null>", "Notes": "Stabilization amount $90,150", "Type/Units": "<Null>", "Developer": "<Null>", "Opposing Contacts": "9800 BRADFORD CT ST LOUIS, MO 63119", "Status": "Target", "Occupancy Status": "<Null>", "DMS Data Parcel": "No", "Owner": "<Null>", "Parcel": 122476 }, "geometry": { "type": "Point", "coordinates": [ -90.23363, 38.58202 ] } },
{ "type": "Feature", "properties": { "OBJECTID *": 185, "Shape": "Point", "longitude": -90.244759, "latitude": 38.58382, "Agency": "<Null>", "Counsel": "<Null>", "Address": "4035 S GRAND BLVD", "Address (Matching)": "4035 S GRAND ", "State": "Missouri", "City": "St. Louis", "Status of Case": "<Null>", "Back Taxes and Fees": "Classified as vacant by STL.", "Violations as of March 2026": "Most recent: 3/12/2026 (Inspection)", "Narrative": "<Null>", "Notes": "<Null>", "Type/Units": "<Null>", "Developer": "<Null>", "Opposing Contacts": "<Null>", "Status": "Target", "Occupancy Status": "<Null>", "DMS Data Parcel": "<Null>", "Owner": "<Null>", "Parcel": 41460 }, "geometry": { "type": "Point", "coordinates": [ -90.24476, 38.58382 ] } },
{ "type": "Feature", "properties": { "OBJECTID *": 186, "Shape": "Point", "longitude": -90.244742, "latitude": 38.583719, "Agency": "Dutchtown Main Streets", "Counsel": "<Null>", "Address": "4041 S Grand", "Address (Matching)": "4041 S Grand", "State": "Missouri", "City": "St. Louis", "Status of Case": "<Null>", "Back Taxes and Fees": "Classified as vacant by STL. ", "Violations as of March 2026": "Most recent: 6/20/2023 (Violation)", "Narrative": "<Null>", "Notes": "<Null>", "Type/Units": "<Null>", "Developer": "<Null>", "Opposing Contacts": "<Null>", "Status": "Target", "Occupancy Status": "<Null>", "DMS Data Parcel": "Yes", "Owner": "<Null>", "Parcel": 42643 }, "geometry": { "type": "Point", "coordinates": [ -90.24474, 38.58372 ] } },
{ "type": "Feature", "properties": { "OBJECTID *": 187, "Shape": "Point", "longitude": -90.232512, "latitude": 38.581647, "Agency": "Dutchtown Main Streets", "Counsel": "<Null>", "Address": "4050 California (ME)", "Address (Matching)": "4050 California ", "State": "Missouri", "City": "St. Louis", "Status of Case": "<Null>", "Back Taxes and Fees": "Classified as vacant by STL. 2", "Violations as of March 2026": "Most recent: 2/2/2026 (CSB)", "Narrative": "<Null>", "Notes": "<Null>", "Type/Units": "<Null>", "Developer": "<Null>", "Opposing Contacts": "<Null>", "Status": "Target", "Occupancy Status": "<Null>", "DMS Data Parcel": "No", "Owner": "<Null>", "Parcel": 58725 }, "geometry": { "type": "Point", "coordinates": [ -90.23251, 38.58165 ] } },
{ "type": "Feature", "properties": { "OBJECTID *": 188, "Shape": "Point", "longitude": -90.232512, "latitude": 38.581647, "Agency": "Dutchtown Main Streets", "Counsel": "<Null>", "Address": "4050 CALIFORNIA AV (STL$)", "Address (Matching)": "4050 CALIFORNIA  ", "State": "Missouri", "City": "St. Louis", "Status of Case": "<Null>", "Back Taxes and Fees": "Classified as vacant by STL. 2", "Violations as of March 2026": "Most recent: 2/2/2026 (CSB)", "Narrative": "<Null>", "Notes": "Stabilization amount $187850", "Type/Units": "<Null>", "Developer": "<Null>", "Opposing Contacts": "265 KETTON DOWNS,\nDULUTH, GA 30097", "Status": "Target", "Occupancy Status": "<Null>", "DMS Data Parcel": "No", "Owner": "<Null>", "Parcel": 58725 }, "geometry": { "type": "Point", "coordinates": [ -90.23251, 38.58165 ] } },
{ "type": "Feature", "properties": { "OBJECTID *": 189, "Shape": "Point", "longitude": -90.232618, "latitude": 38.581434, "Agency": "Dutchtown Main Streets", "Counsel": "<Null>", "Address": "4055 CALIFORNIA AV (STL$)", "Address (Matching)": "4055 CALIFORNIA  ", "State": "Missouri", "City": "St. Louis", "Status of Case": "<Null>", "Back Taxes and Fees": "Classified as vacant by STL. 2", "Violations as of March 2026": "Most recent: 2/10/2025 (Inspection)", "Narrative": "<Null>", "Notes": "Stabilization amount $232,500", "Type/Units": "<Null>", "Developer": "<Null>", "Opposing Contacts": "639 WEST KIRKHAM RD,\nWEBSTER GROVES, MO 63119", "Status": "Target", "Occupancy Status": "<Null>", "DMS Data Parcel": "No", "Owner": "<Null>", "Parcel": 49921 }, "geometry": { "type": "Point", "coordinates": [ -90.23262, 38.58143 ] } },
{ "type": "Feature", "properties": { "OBJECTID *": 190, "Shape": "Point", "longitude": -90.232542, "latitude": 38.581519, "Agency": "Dutchtown Main Streets", "Counsel": "<Null>", "Address": "4056 California (ME)", "Address (Matching)": "4056 California ", "State": "Missouri", "City": "St. Louis", "Status of Case": "<Null>", "Back Taxes and Fees": "Classified as vacant by STL. ", "Violations as of March 2026": "Most recent: 5/29/2024 (Violation)", "Narrative": "<Null>", "Notes": "<Null>", "Type/Units": "<Null>", "Developer": "<Null>", "Opposing Contacts": "<Null>", "Status": "Target", "Occupancy Status": "<Null>", "DMS Data Parcel": "No", "Owner": "<Null>", "Parcel": 60563 }, "geometry": { "type": "Point", "coordinates": [ -90.23254, 38.58152 ] } },
{ "type": "Feature", "properties": { "OBJECTID *": 191, "Shape": "Point", "longitude": -90.256278, "latitude": 38.587191, "Agency": "<Null>", "Counsel": "<Null>", "Address": "4063 MERAMEC ST", "Address (Matching)": "4063 MERAMEC ", "State": "Missouri", "City": "St. Louis", "Status of Case": "<Null>", "Back Taxes and Fees": "Classified as vacant by STL.", "Violations as of March 2026": "Most recent: 9/21/2024 (CSB)", "Narrative": "<Null>", "Notes": "<Null>", "Type/Units": "<Null>", "Developer": "<Null>", "Opposing Contacts": "<Null>", "Status": "Target", "Occupancy Status": "<Null>", "DMS Data Parcel": "<Null>", "Owner": "<Null>", "Parcel": 99864 }, "geometry": { "type": "Point", "coordinates": [ -90.25628, 38.58719 ] } },
{ "type": "Feature", "properties": { "OBJECTID *": 192, "Shape": "Point", "longitude": -90.256278, "latitude": 38.587191, "Agency": "<Null>", "Counsel": "<Null>", "Address": "4063 MERAMEC ST", "Address (Matching)": "4063 MERAMEC ", "State": "Missouri", "City": "St. Louis", "Status of Case": "<Null>", "Back Taxes and Fees": "Classified as vacant by STL.", "Violations as of March 2026": "Most recent: 9/21/2024 (CSB)", "Narrative": "<Null>", "Notes": "<Null>", "Type/Units": "<Null>", "Developer": "<Null>", "Opposing Contacts": "<Null>", "Status": "Target", "Occupancy Status": "<Null>", "DMS Data Parcel": "<Null>", "Owner": "<Null>", "Parcel": 99864 }, "geometry": { "type": "Point", "coordinates": [ -90.25628, 38.58719 ] } },
{ "type": "Feature", "properties": { "OBJECTID *": 193, "Shape": "Point", "longitude": -90.233783, "latitude": 38.58129, "Agency": "Dutchtown Main Streets", "Counsel": "<Null>", "Address": "4102 Oregon (FC)", "Address (Matching)": "4102 Oregon ", "State": "Missouri", "City": "St. Louis", "Status of Case": "Pre-Lawsuit", "Back Taxes and Fees": "Classified as vacant by STL. ", "Violations as of March 2026": "Most recent: 9/26/2025 (CSB)", "Narrative": "<Null>", "Notes": "<Null>", "Type/Units": "<Null>", "Developer": "<Null>", "Opposing Contacts": "<Null>", "Status": "Target", "Occupancy Status": "<Null>", "DMS Data Parcel": "No", "Owner": "<Null>", "Parcel": 92856 }, "geometry": { "type": "Point", "coordinates": [ -90.23378, 38.58129 ] } },
{ "type": "Feature", "properties": { "OBJECTID *": 194, "Shape": "Point", "longitude": -90.240554, "latitude": 38.582133, "Agency": "<Null>", "Counsel": "<Null>", "Address": "4102 VIRGINIA AV", "Address (Matching)": "4102 VIRGINIA ", "State": "Missouri", "City": "St. Louis", "Status of Case": "<Null>", "Back Taxes and Fees": "Classified as vacant by STL.", "Violations as of March 2026": "Most recent: 11/24/2025 (Inspection)", "Narrative": "<Null>", "Notes": "<Null>", "Type/Units": "<Null>", "Developer": "<Null>", "Opposing Contacts": "<Null>", "Status": "Target", "Occupancy Status": "<Null>", "DMS Data Parcel": "<Null>", "Owner": "<Null>", "Parcel": 91899 }, "geometry": { "type": "Point", "coordinates": [ -90.24055, 38.58213 ] } },
{ "type": "Feature", "properties": { "OBJECTID *": 195, "Shape": "Point", "longitude": -90.244424, "latitude": 38.58262, "Agency": "Dutchtown Main Streets", "Counsel": "<Null>", "Address": "4100 S Grand", "Address (Matching)": "4100 S Grand", "State": "Missouri", "City": "St. Louis", "Status of Case": "Pre-Lawsuit", "Back Taxes and Fees": null, "Violations as of March 2026": "<Null>", "Narrative": "<Null>", "Notes": "Tower Grove CDC Interested", "Type/Units": "<Null>", "Developer": "<Null>", "Opposing Contacts": "<Null>", "Status": "Target", "Occupancy Status": "<Null>", "DMS Data Parcel": "Yes", "Owner": "<Null>", "Parcel": 110161 }, "geometry": { "type": "Point", "coordinates": [ -90.24442, 38.58262 ] } },
{ "type": "Feature", "properties": { "OBJECTID *": 196, "Shape": "Point", "longitude": -90.240567, "latitude": 38.582055, "Agency": "<Null>", "Counsel": "<Null>", "Address": "4106 VIRGINIA AV", "Address (Matching)": "4106 VIRGINIA ", "State": "Missouri", "City": "St. Louis", "Status of Case": "<Null>", "Back Taxes and Fees": "Classified as vacant by STL.", "Violations as of March 2026": "Most recent: 9/6/2017 (CSB)", "Narrative": "<Null>", "Notes": "<Null>", "Type/Units": "<Null>", "Developer": "<Null>", "Opposing Contacts": "<Null>", "Status": "Target", "Occupancy Status": "<Null>", "DMS Data Parcel": "<Null>", "Owner": "<Null>", "Parcel": 84464 }, "geometry": { "type": "Point", "coordinates": [ -90.24057, 38.58205 ] } },
{ "type": "Feature", "properties": { "OBJECTID *": 197, "Shape": "Point", "longitude": -90.240567, "latitude": 38.582055, "Agency": "<Null>", "Counsel": "<Null>", "Address": "4106 VIRGINIA AV", "Address (Matching)": "4106 VIRGINIA ", "State": "Missouri", "City": "St. Louis", "Status of Case": "<Null>", "Back Taxes and Fees": "Classified as vacant by STL.", "Violations as of March 2026": "Most recent: 9/6/2017 (CSB)", "Narrative": "<Null>", "Notes": "<Null>", "Type/Units": "<Null>", "Developer": "<Null>", "Opposing Contacts": "<Null>", "Status": "Target", "Occupancy Status": "<Null>", "DMS Data Parcel": "<Null>", "Owner": "<Null>", "Parcel": 84464 }, "geometry": { "type": "Point", "coordinates": [ -90.24057, 38.58205 ] } },
{ "type": "Feature", "properties": { "OBJECTID *": 198, "Shape": "Point", "longitude": -90.23266, "latitude": 38.581001, "Agency": "Dutchtown Main Streets", "Counsel": "<Null>", "Address": "4108 California (ME)", "Address (Matching)": "4108 California ", "State": "Missouri", "City": "St. Louis", "Status of Case": "<Null>", "Back Taxes and Fees": null, "Violations as of March 2026": "<Null>", "Narrative": "<Null>", "Notes": "<Null>", "Type/Units": "<Null>", "Developer": "<Null>", "Opposing Contacts": "<Null>", "Status": "Target", "Occupancy Status": "<Null>", "DMS Data Parcel": "No", "Owner": "<Null>", "Parcel": 62669 }, "geometry": { "type": "Point", "coordinates": [ -90.23266, 38.581 ] } },
{ "type": "Feature", "properties": { "OBJECTID *": 199, "Shape": "Point", "longitude": -90.232675, "latitude": 38.580932, "Agency": "Dutchtown Main Streets", "Counsel": "<Null>", "Address": "4110 California (ME)", "Address (Matching)": "4110 California ", "State": "Missouri", "City": "St. Louis", "Status of Case": "<Null>", "Back Taxes and Fees": null, "Violations as of March 2026": "<Null>", "Narrative": "<Null>", "Notes": "<Null>", "Type/Units": "<Null>", "Developer": "<Null>", "Opposing Contacts": "<Null>", "Status": "Target", "Occupancy Status": "<Null>", "DMS Data Parcel": "No", "Owner": "<Null>", "Parcel": 58579 }, "geometry": { "type": "Point", "coordinates": [ -90.23268, 38.58093 ] } },
{ "type": "Feature", "properties": { "OBJECTID *": 200, "Shape": "Point", "longitude": -90.239496, "latitude": 38.581578, "Agency": "Dutchtown Main Streets", "Counsel": "Lewis Rice", "Address": "4118 Compton (MP)", "Address (Matching)": "4118 Compton ", "State": "Missouri", "City": "St. Louis", "Status of Case": "<Null>", "Back Taxes and Fees": "Classified as vacant by STL. 2", "Violations as of March 2026": "Most recent: 2/17/2026 (Violation)", "Narrative": "<Null>", "Notes": "<Null>", "Type/Units": "<Null>", "Developer": "<Null>", "Opposing Contacts": "<Null>", "Status": "Target", "Occupancy Status": "<Null>", "DMS Data Parcel": "No", "Owner": "<Null>", "Parcel": 41453 }, "geometry": { "type": "Point", "coordinates": [ -90.2395, 38.58158 ] } },
{ "type": "Feature", "properties": { "OBJECTID *": 201, "Shape": "Point", "longitude": -90.237327, "latitude": 38.58129, "Agency": "Dutchtown Main Streets", "Counsel": "Lewis Rice", "Address": "4119 Minnesota (MP)", "Address (Matching)": "4119 Minnesota ", "State": "Missouri", "City": "St. Louis", "Status of Case": "<Null>", "Back Taxes and Fees": "Classified as vacant by STL. ", "Violations as of March 2026": "Most recent: 1/29/2026 (Inspection)", "Narrative": "<Null>", "Notes": "<Null>", "Type/Units": "<Null>", "Developer": "<Null>", "Opposing Contacts": "<Null>", "Status": "Target", "Occupancy Status": "<Null>", "DMS Data Parcel": "No", "Owner": "<Null>", "Parcel": 6083 }, "geometry": { "type": "Point", "coordinates": [ -90.23733, 38.58129 ] } },
{ "type": "Feature", "properties": { "OBJECTID *": 202, "Shape": "Point", "longitude": -90.232932, "latitude": 38.58003, "Agency": "Dutchtown Main Streets", "Counsel": "<Null>", "Address": "4145 California (ME)", "Address (Matching)": "4145 California ", "State": "Missouri", "City": "St. Louis", "Status of Case": "<Null>", "Back Taxes and Fees": "Classified as vacant by STL. ", "Violations as of March 2026": "Most recent: 9/14/2022 (Violation)", "Narrative": "<Null>", "Notes": "<Null>", "Type/Units": "<Null>", "Developer": "<Null>", "Opposing Contacts": "<Null>", "Status": "Target", "Occupancy Status": "<Null>", "DMS Data Parcel": "No", "Owner": "<Null>", "Parcel": 99574 }, "geometry": { "type": "Point", "coordinates": [ -90.23293, 38.58003 ] } },
{ "type": "Feature", "properties": { "OBJECTID *": 203, "Shape": "Point", "longitude": -90.244351, "latitude": 38.581959, "Agency": "<Null>", "Counsel": "<Null>", "Address": "4126 S GRAND BLVD", "Address (Matching)": "4126 S GRAND ", "State": "Missouri", "City": "St. Louis", "Status of Case": "<Null>", "Back Taxes and Fees": "Classified as vacant by STL.", "Violations as of March 2026": "Most recent: 7/12/2025 (Inspection)", "Narrative": "<Null>", "Notes": "<Null>", "Type/Units": "<Null>", "Developer": "<Null>", "Opposing Contacts": "<Null>", "Status": "Target", "Occupancy Status": "<Null>", "DMS Data Parcel": "<Null>", "Owner": "<Null>", "Parcel": 99544 }, "geometry": { "type": "Point", "coordinates": [ -90.24435, 38.58196 ] } },
{ "type": "Feature", "properties": { "OBJECTID *": 204, "Shape": "Point", "longitude": -90.244285, "latitude": 38.581224, "Agency": "<Null>", "Counsel": "<Null>", "Address": "4139 S GRAND BLVD", "Address (Matching)": "4139 S GRAND ", "State": "Missouri", "City": "St. Louis", "Status of Case": "<Null>", "Back Taxes and Fees": "Classified as vacant by STL.", "Violations as of March 2026": "Most recent: 7/29/2025 (CSB)", "Narrative": "<Null>", "Notes": "<Null>", "Type/Units": "<Null>", "Developer": "<Null>", "Opposing Contacts": "<Null>", "Status": "Target", "Occupancy Status": "<Null>", "DMS Data Parcel": "<Null>", "Owner": "<Null>", "Parcel": 124780 }, "geometry": { "type": "Point", "coordinates": [ -90.24429, 38.58122 ] } },
{ "type": "Feature", "properties": { "OBJECTID *": 205, "Shape": "Point", "longitude": -90.244285, "latitude": 38.581224, "Agency": "<Null>", "Counsel": "<Null>", "Address": "4139 S GRAND BLVD", "Address (Matching)": "4139 S GRAND ", "State": "Missouri", "City": "St. Louis", "Status of Case": "<Null>", "Back Taxes and Fees": "Classified as vacant by STL.", "Violations as of March 2026": "Most recent: 7/29/2025 (CSB)", "Narrative": "<Null>", "Notes": "<Null>", "Type/Units": "<Null>", "Developer": "<Null>", "Opposing Contacts": "<Null>", "Status": "Target", "Occupancy Status": "<Null>", "DMS Data Parcel": "<Null>", "Owner": "<Null>", "Parcel": 124780 }, "geometry": { "type": "Point", "coordinates": [ -90.24429, 38.58122 ] } },
{ "type": "Feature", "properties": { "OBJECTID *": 206, "Shape": "Point", "longitude": -90.240965, "latitude": 38.580243, "Agency": "Dutchtown Main Streets", "Counsel": "<Null>", "Address": "4206 Virginia (KP)", "Address (Matching)": "4206 Virginia ", "State": "Missouri", "City": "St. Louis", "Status of Case": "<Null>", "Back Taxes and Fees": null, "Violations as of March 2026": "<Null>", "Narrative": "<Null>", "Notes": "<Null>", "Type/Units": "<Null>", "Developer": "<Null>", "Opposing Contacts": "<Null>", "Status": "Target", "Occupancy Status": "<Null>", "DMS Data Parcel": "Yes", "Owner": "<Null>", "Parcel": 91290 }, "geometry": { "type": "Point", "coordinates": [ -90.24097, 38.58024 ] } },
{ "type": "Feature", "properties": { "OBJECTID *": 207, "Shape": "Point", "longitude": -90.233167, "latitude": 38.578882, "Agency": "Dutchtown Main Streets", "Counsel": "<Null>", "Address": "4221 California (FC)", "Address (Matching)": "4221 California ", "State": "Missouri", "City": "St. Louis", "Status of Case": "Pre-Lawsuit", "Back Taxes and Fees": "Classified as vacant by STL. ", "Violations as of March 2026": "Most recent: 11/3/2025 (CSB)", "Narrative": "<Null>", "Notes": "<Null>", "Type/Units": "<Null>", "Developer": "<Null>", "Opposing Contacts": "<Null>", "Status": "Target", "Occupancy Status": "<Null>", "DMS Data Parcel": "No", "Owner": "<Null>", "Parcel": 78128 }, "geometry": { "type": "Point", "coordinates": [ -90.23317, 38.57888 ] } },
{ "type": "Feature", "properties": { "OBJECTID *": 208, "Shape": "Point", "longitude": -90.242255, "latitude": 38.580009, "Agency": "Dutchtown Main Streets", "Counsel": "<Null>", "Address": "4219 Louisiana", "Address (Matching)": "4219 Louisiana", "State": "Missouri", "City": "St. Louis", "Status of Case": "<Null>", "Back Taxes and Fees": "<Null>", "Violations as of March 2026": "<Null>", "Narrative": "<Null>", "Notes": "<Null>", "Type/Units": "<Null>", "Developer": "<Null>", "Opposing Contacts": "<Null>", "Status": "Target", "Occupancy Status": "<Null>", "DMS Data Parcel": "Yes", "Owner": "<Null>", "Parcel": 101898 }, "geometry": { "type": "Point", "coordinates": [ -90.24226, 38.58001 ] } },
{ "type": "Feature", "properties": { "OBJECTID *": 209, "Shape": "Point", "longitude": -90.244652, "latitude": 38.580067, "Agency": "Dutchtown Main Streets", "Counsel": "<Null>", "Address": "4222 S Grand", "Address (Matching)": "4222 S Grand", "State": "Missouri", "City": "St. Louis", "Status of Case": "<Null>", "Back Taxes and Fees": null, "Violations as of March 2026": "<Null>", "Narrative": "<Null>", "Notes": "<Null>", "Type/Units": "<Null>", "Developer": "<Null>", "Opposing Contacts": "<Null>", "Status": "Target", "Occupancy Status": "<Null>", "DMS Data Parcel": "Yes", "Owner": "<Null>", "Parcel": 18709 }, "geometry": { "type": "Point", "coordinates": [ -90.24465, 38.58007 ] } },
{ "type": "Feature", "properties": { "OBJECTID *": 210, "Shape": "Point", "longitude": -90.24927, "latitude": 38.581363, "Agency": "Dutchtown Main Streets", "Counsel": "<Null>", "Address": "4301 S 38th (FC)", "Address (Matching)": "4301 S 38th ", "State": "Missouri", "City": "St. Louis", "Status of Case": "Pre-Lawsuit", "Back Taxes and Fees": null, "Violations as of March 2026": "<Null>", "Narrative": "<Null>", "Notes": "<Null>", "Type/Units": "<Null>", "Developer": "<Null>", "Opposing Contacts": "<Null>", "Status": "Target", "Occupancy Status": "<Null>", "DMS Data Parcel": "No", "Owner": "<Null>", "Parcel": 13168 }, "geometry": { "type": "Point", "coordinates": [ -90.24927, 38.58136 ] } },
{ "type": "Feature", "properties": { "OBJECTID *": 211, "Shape": "Point", "longitude": -90.245177, "latitude": 38.579567, "Agency": "<Null>", "Counsel": "<Null>", "Address": "4247 S GRAND BLVD", "Address (Matching)": "4247 S GRAND ", "State": "Missouri", "City": "St. Louis", "Status of Case": "<Null>", "Back Taxes and Fees": "Classified as vacant by STL.", "Violations as of March 2026": "Most recent: 12/29/2024 (CSB)", "Narrative": "<Null>", "Notes": "<Null>", "Type/Units": "<Null>", "Developer": "<Null>", "Opposing Contacts": "<Null>", "Status": "Target", "Occupancy Status": "<Null>", "DMS Data Parcel": "<Null>", "Owner": "<Null>", "Parcel": 94806 }, "geometry": { "type": "Point", "coordinates": [ -90.24518, 38.57957 ] } },
{ "type": "Feature", "properties": { "OBJECTID *": 212, "Shape": "Point", "longitude": -90.245177, "latitude": 38.579567, "Agency": "<Null>", "Counsel": "<Null>", "Address": "4247 S GRAND BLVD", "Address (Matching)": "4247 S GRAND ", "State": "Missouri", "City": "St. Louis", "Status of Case": "<Null>", "Back Taxes and Fees": "Classified as vacant by STL.", "Violations as of March 2026": "Most recent: 12/29/2024 (CSB)", "Narrative": "<Null>", "Notes": "<Null>", "Type/Units": "<Null>", "Developer": "<Null>", "Opposing Contacts": "<Null>", "Status": "Target", "Occupancy Status": "<Null>", "DMS Data Parcel": "<Null>", "Owner": "<Null>", "Parcel": 94806 }, "geometry": { "type": "Point", "coordinates": [ -90.24518, 38.57957 ] } },
{ "type": "Feature", "properties": { "OBJECTID *": 213, "Shape": "Point", "longitude": -90.240262, "latitude": 38.578458, "Agency": "Dutchtown Main Streets", "Counsel": "<Null>", "Address": "4303 Compton (FC)", "Address (Matching)": "4303 Compton ", "State": "Missouri", "City": "St. Louis", "Status of Case": "Pre-Lawsuit", "Back Taxes and Fees": "Classified as vacant by STL. ", "Violations as of March 2026": "Most recent: 4/21/2026 (Violation)", "Narrative": "<Null>", "Notes": "<Null>", "Type/Units": "<Null>", "Developer": "<Null>", "Opposing Contacts": "<Null>", "Status": "Target", "Occupancy Status": "<Null>", "DMS Data Parcel": "No", "Owner": "<Null>", "Parcel": 42140 }, "geometry": { "type": "Point", "coordinates": [ -90.24026, 38.57846 ] } },
{ "type": "Feature", "properties": { "OBJECTID *": 214, "Shape": "Point", "longitude": -90.240324, "latitude": 38.578375, "Agency": "<Null>", "Counsel": "<Null>", "Address": "4329 S Compton", "Address (Matching)": "4329 S Compton", "State": "Missouri", "City": "St. Louis", "Status of Case": "<Null>", "Back Taxes and Fees": "<Null>", "Violations as of March 2026": "<Null>", "Narrative": "<Null>", "Notes": "<Null>", "Type/Units": "<Null>", "Developer": "<Null>", "Opposing Contacts": "<Null>", "Status": "Target", "Occupancy Status": "<Null>", "DMS Data Parcel": "<Null>", "Owner": "<Null>", "Parcel": 42141 }, "geometry": { "type": "Point", "coordinates": [ -90.24032, 38.57838 ] } },
{ "type": "Feature", "properties": { "OBJECTID *": 215, "Shape": "Point", "longitude": -90.245963, "latitude": 38.578511, "Agency": "<Null>", "Counsel": "<Null>", "Address": "4400 S GRAND BLVD", "Address (Matching)": "4400 S GRAND ", "State": "Missouri", "City": "St. Louis", "Status of Case": "<Null>", "Back Taxes and Fees": "Classified as vacant by STL.", "Violations as of March 2026": "Most recent: 6/25/2024 (CSB)", "Narrative": "<Null>", "Notes": "<Null>", "Type/Units": "<Null>", "Developer": "<Null>", "Opposing Contacts": "<Null>", "Status": "Target", "Occupancy Status": "<Null>", "DMS Data Parcel": "<Null>", "Owner": "<Null>", "Parcel": 50580 }, "geometry": { "type": "Point", "coordinates": [ -90.24596, 38.57851 ] } },
{ "type": "Feature", "properties": { "OBJECTID *": 216, "Shape": "Point", "longitude": -90.245963, "latitude": 38.578511, "Agency": "<Null>", "Counsel": "<Null>", "Address": "4400 S GRAND BLVD", "Address (Matching)": "4400 S GRAND ", "State": "Missouri", "City": "St. Louis", "Status of Case": "<Null>", "Back Taxes and Fees": "Classified as vacant by STL.", "Violations as of March 2026": "Most recent: 6/25/2024 (CSB)", "Narrative": "<Null>", "Notes": "<Null>", "Type/Units": "<Null>", "Developer": "<Null>", "Opposing Contacts": "<Null>", "Status": "Target", "Occupancy Status": "<Null>", "DMS Data Parcel": "<Null>", "Owner": "<Null>", "Parcel": 50580 }, "geometry": { "type": "Point", "coordinates": [ -90.24596, 38.57851 ] } },
{ "type": "Feature", "properties": { "OBJECTID *": 217, "Shape": "Point", "longitude": -90.242245, "latitude": 38.576422, "Agency": "Dutchtown Main Streets", "Counsel": "<Null>", "Address": "4418 Virginia", "Address (Matching)": "4418 Virginia", "State": "Missouri", "City": "St. Louis", "Status of Case": "<Null>", "Back Taxes and Fees": "Classified as vacant by STL. ", "Violations as of March 2026": "Most recent: 6/10/2025 (CSB)", "Narrative": "<Null>", "Notes": "LRA Empty Lot", "Type/Units": "Lot", "Developer": "<Null>", "Opposing Contacts": "<Null>", "Status": "Target", "Occupancy Status": "<Null>", "DMS Data Parcel": "Yes", "Owner": "<Null>", "Parcel": 41347 }, "geometry": { "type": "Point", "coordinates": [ -90.24224, 38.57642 ] } },
{ "type": "Feature", "properties": { "OBJECTID *": 218, "Shape": "Point", "longitude": -90.243318, "latitude": 38.576238, "Agency": "Dutchtown Main Streets", "Counsel": "<Null>", "Address": "4430 Alaska", "Address (Matching)": "4430 Alaska", "State": "Missouri", "City": "St. Louis", "Status of Case": "<Null>", "Back Taxes and Fees": null, "Violations as of March 2026": "<Null>", "Narrative": "<Null>", "Notes": "Building division needs to revoke occupancy, Nate check in april", "Type/Units": "<Null>", "Developer": "<Null>", "Opposing Contacts": "<Null>", "Status": "Target", "Occupancy Status": "<Null>", "DMS Data Parcel": "No", "Owner": "<Null>", "Parcel": 62834 }, "geometry": { "type": "Point", "coordinates": [ -90.24332, 38.57624 ] } },
{ "type": "Feature", "properties": { "OBJECTID *": 219, "Shape": "Point", "longitude": -90.240772, "latitude": 38.575788, "Agency": "Dutchtown Main Streets", "Counsel": "<Null>", "Address": "4434 S Compton (MT)", "Address (Matching)": "4434 S Compton ", "State": "Missouri", "City": "St. Louis", "Status of Case": "<Null>", "Back Taxes and Fees": null, "Violations as of March 2026": "<Null>", "Narrative": "<Null>", "Notes": "<Null>", "Type/Units": "<Null>", "Developer": "<Null>", "Opposing Contacts": "<Null>", "Status": "Target", "Occupancy Status": "<Null>", "DMS Data Parcel": "No", "Owner": "<Null>", "Parcel": 51535 }, "geometry": { "type": "Point", "coordinates": [ -90.24077, 38.57579 ] } },
{ "type": "Feature", "properties": { "OBJECTID *": 220, "Shape": "Point", "longitude": -90.242441, "latitude": 38.575824, "Agency": "Dutchtown Main Streets", "Counsel": "<Null>", "Address": "4442 Virginia", "Address (Matching)": "4442 Virginia", "State": "Missouri", "City": "St. Louis", "Status of Case": "<Null>", "Back Taxes and Fees": null, "Violations as of March 2026": "<Null>", "Narrative": "<Null>", "Notes": "<Null>", "Type/Units": "<Null>", "Developer": "<Null>", "Opposing Contacts": "<Null>", "Status": "Target", "Occupancy Status": "<Null>", "DMS Data Parcel": "Yes", "Owner": "<Null>", "Parcel": 3697 }, "geometry": { "type": "Point", "coordinates": [ -90.24244, 38.57582 ] } },
{ "type": "Feature", "properties": { "OBJECTID *": 221, "Shape": "Point", "longitude": -90.24083, "latitude": 38.575508, "Agency": "Dutchtown Main Streets", "Counsel": "<Null>", "Address": "4448 S Compton (MT)", "Address (Matching)": "4448 S Compton ", "State": "Missouri", "City": "St. Louis", "Status of Case": "<Null>", "Back Taxes and Fees": "Classified as vacant by STL. ", "Violations as of March 2026": "Most recent: 12/4/2023 (Violation)", "Narrative": "<Null>", "Notes": "Adrienne Kennedy 1001 Warson Rd Ladue, MO", "Type/Units": "<Null>", "Developer": "<Null>", "Opposing Contacts": "<Null>", "Status": "Target", "Occupancy Status": "<Null>", "DMS Data Parcel": "No", "Owner": "<Null>", "Parcel": 50396 }, "geometry": { "type": "Point", "coordinates": [ -90.24083, 38.57551 ] } },
{ "type": "Feature", "properties": { "OBJECTID *": 222, "Shape": "Point", "longitude": -90.240852, "latitude": 38.575405, "Agency": "Dutchtown Main Streets", "Counsel": "<Null>", "Address": "4450 S Compton (MT)", "Address (Matching)": "4450 S Compton ", "State": "Missouri", "City": "St. Louis", "Status of Case": "<Null>", "Back Taxes and Fees": "Classified as vacant by STL. ", "Violations as of March 2026": "Most recent: 3/27/2025 (CSB)", "Narrative": "<Null>", "Notes": "Allen E. Moss Jr. Cape ", "Type/Units": "<Null>", "Developer": "<Null>", "Opposing Contacts": "<Null>", "Status": "Target", "Occupancy Status": "<Null>", "DMS Data Parcel": "No", "Owner": "<Null>", "Parcel": 50396 }, "geometry": { "type": "Point", "coordinates": [ -90.24085, 38.57541 ] } },
{ "type": "Feature", "properties": { "OBJECTID *": 223, "Shape": "Point", "longitude": -90.240869, "latitude": 38.575319, "Agency": "Dutchtown Main Streets", "Counsel": "<Null>", "Address": "4452 S Compton (MT)", "Address (Matching)": "4452 S Compton ", "State": "Missouri", "City": "St. Louis", "Status of Case": "<Null>", "Back Taxes and Fees": "Classified as vacant by STL. 1", "Violations as of March 2026": "Most recent: 3/25/2026 (Violation)", "Narrative": "<Null>", "Notes": "<Null>", "Type/Units": "<Null>", "Developer": "<Null>", "Opposing Contacts": "<Null>", "Status": "Target", "Occupancy Status": "<Null>", "DMS Data Parcel": "No", "Owner": "<Null>", "Parcel": 42138 }, "geometry": { "type": "Point", "coordinates": [ -90.24087, 38.57532 ] } },
{ "type": "Feature", "properties": { "OBJECTID *": 224, "Shape": "Point", "longitude": -90.240901, "latitude": 38.575164, "Agency": "Dutchtown Main Streets", "Counsel": "<Null>", "Address": "4456 S Compton (MT)", "Address (Matching)": "4456 S Compton ", "State": "Missouri", "City": "St. Louis", "Status of Case": "<Null>", "Back Taxes and Fees": "Classified as vacant by STL. 1", "Violations as of March 2026": "Most recent: 3/27/2025 (CSB)", "Narrative": "<Null>", "Notes": "<Null>", "Type/Units": "<Null>", "Developer": "<Null>", "Opposing Contacts": "<Null>", "Status": "Target", "Occupancy Status": "<Null>", "DMS Data Parcel": "No", "Owner": "<Null>", "Parcel": 42142 }, "geometry": { "type": "Point", "coordinates": [ -90.2409, 38.57516 ] } },
{ "type": "Feature", "properties": { "OBJECTID *": 225, "Shape": "Point", "longitude": -90.24259, "latitude": 38.575367, "Agency": "Dutchtown Main Streets", "Counsel": "<Null>", "Address": "4460 Virginia Ave", "Address (Matching)": "4460 Virginia", "State": "Missouri", "City": "St. Louis", "Status of Case": "<Null>", "Back Taxes and Fees": null, "Violations as of March 2026": "<Null>", "Narrative": "<Null>", "Notes": "Legina Taylor", "Type/Units": "<Null>", "Developer": "<Null>", "Opposing Contacts": "<Null>", "Status": "Target", "Occupancy Status": "<Null>", "DMS Data Parcel": "Yes", "Owner": "<Null>", "Parcel": 121924 }, "geometry": { "type": "Point", "coordinates": [ -90.24259, 38.57537 ] } },
{ "type": "Feature", "properties": { "OBJECTID *": 226, "Shape": "Point", "longitude": -90.242654, "latitude": 38.575174, "Agency": "Dutchtown Main Streets", "Counsel": "<Null>", "Address": "4500 Virginia Ave", "Address (Matching)": "4500 Virginia ", "State": "Missouri", "City": "St. Louis", "Status of Case": "<Null>", "Back Taxes and Fees": null, "Violations as of March 2026": "<Null>", "Narrative": "<Null>", "Notes": "No visible violations, send friendly letter", "Type/Units": "<Null>", "Developer": "<Null>", "Opposing Contacts": "<Null>", "Status": "Target", "Occupancy Status": "<Null>", "DMS Data Parcel": "Yes", "Owner": "<Null>", "Parcel": 107504 }, "geometry": { "type": "Point", "coordinates": [ -90.24265, 38.57517 ] } },
{ "type": "Feature", "properties": { "OBJECTID *": 227, "Shape": "Point", "longitude": -90.242669, "latitude": 38.575302, "Agency": "Dutchtown Main Streets", "Counsel": "<Null>", "Address": "4501-4505 Idaho / Virginia (STL$)", "Address (Matching)": "4501 Idaho / Virginia ", "State": "Missouri", "City": "St. Louis", "Status of Case": "<Null>", "Back Taxes and Fees": "Classified as vacant by STL. 2", "Violations as of March 2026": "Most recent: 3/3/2025 (Inspection)", "Narrative": "<Null>", "Notes": "Pending Donation\n\n$149,750 -\nStabilization\n$18,400 -\nPartial\nDe", "Type/Units": "<Null>", "Developer": "<Null>", "Opposing Contacts": "<Null>", "Status": "Target", "Occupancy Status": "<Null>", "DMS Data Parcel": "Yes", "Owner": "<Null>", "Parcel": 40417 }, "geometry": { "type": "Point", "coordinates": [ -90.24267, 38.5753 ] } },
{ "type": "Feature", "properties": { "OBJECTID *": 228, "Shape": "Point", "longitude": -90.242677, "latitude": 38.575106, "Agency": "<Null>", "Counsel": "<Null>", "Address": "4504 VIRGINIA AV", "Address (Matching)": "4504 VIRGINIA ", "State": "Missouri", "City": "St. Louis", "Status of Case": "<Null>", "Back Taxes and Fees": "Classified as vacant by STL.", "Violations as of March 2026": "Most recent: 9/13/2018 (CSB)", "Narrative": "<Null>", "Notes": "<Null>", "Type/Units": "<Null>", "Developer": "<Null>", "Opposing Contacts": "<Null>", "Status": "Target", "Occupancy Status": "<Null>", "DMS Data Parcel": "<Null>", "Owner": "<Null>", "Parcel": 107504 }, "geometry": { "type": "Point", "coordinates": [ -90.24268, 38.57511 ] } },
{ "type": "Feature", "properties": { "OBJECTID *": 229, "Shape": "Point", "longitude": -90.242677, "latitude": 38.575106, "Agency": "<Null>", "Counsel": "<Null>", "Address": "4504 VIRGINIA AV", "Address (Matching)": "4504 VIRGINIA ", "State": "Missouri", "City": "St. Louis", "Status of Case": "<Null>", "Back Taxes and Fees": "Classified as vacant by STL.", "Violations as of March 2026": "Most recent: 9/13/2018 (CSB)", "Narrative": "<Null>", "Notes": "<Null>", "Type/Units": "<Null>", "Developer": "<Null>", "Opposing Contacts": "<Null>", "Status": "Target", "Occupancy Status": "<Null>", "DMS Data Parcel": "<Null>", "Owner": "<Null>", "Parcel": 107504 }, "geometry": { "type": "Point", "coordinates": [ -90.24268, 38.57511 ] } },
{ "type": "Feature", "properties": { "OBJECTID *": 230, "Shape": "Point", "longitude": -90.245826, "latitude": 38.576929, "Agency": "Dutchtown Main Streets", "Counsel": "<Null>", "Address": "4509 Tennessee", "Address (Matching)": "4509 Tennessee", "State": "Missouri", "City": "St. Louis", "Status of Case": "<Null>", "Back Taxes and Fees": null, "Violations as of March 2026": "<Null>", "Narrative": "<Null>", "Notes": "<Null>", "Type/Units": "<Null>", "Developer": "<Null>", "Opposing Contacts": "<Null>", "Status": "Target", "Occupancy Status": "<Null>", "DMS Data Parcel": "No", "Owner": "<Null>", "Parcel": 79122 }, "geometry": { "type": "Point", "coordinates": [ -90.24583, 38.57693 ] } },
{ "type": "Feature", "properties": { "OBJECTID *": 231, "Shape": "Point", "longitude": -90.243123, "latitude": 38.57475, "Agency": "Dutchtown Main Streets", "Counsel": "<Null>", "Address": "4523 Idaho", "Address (Matching)": "4523 Idaho", "State": "Missouri", "City": "St. Louis", "Status of Case": "<Null>", "Back Taxes and Fees": null, "Violations as of March 2026": "<Null>", "Narrative": "<Null>", "Notes": "<Null>", "Type/Units": "<Null>", "Developer": "<Null>", "Opposing Contacts": "<Null>", "Status": "Target", "Occupancy Status": "<Null>", "DMS Data Parcel": "No", "Owner": "<Null>", "Parcel": 51948 }, "geometry": { "type": "Point", "coordinates": [ -90.24312, 38.57475 ] } },
{ "type": "Feature", "properties": { "OBJECTID *": 232, "Shape": "Point", "longitude": -90.242805, "latitude": 38.574722, "Agency": "Dutchtown Main Streets", "Counsel": "<Null>", "Address": "4518 Virginia", "Address (Matching)": "4518 Virginia", "State": "Missouri", "City": "St. Louis", "Status of Case": "<Null>", "Back Taxes and Fees": null, "Violations as of March 2026": "f", "Narrative": "<Null>", "Notes": "Old Swingler residence ", "Type/Units": "<Null>", "Developer": "<Null>", "Opposing Contacts": "<Null>", "Status": "Target", "Occupancy Status": "<Null>", "DMS Data Parcel": "Yes", "Owner": "<Null>", "Parcel": 100683 }, "geometry": { "type": "Point", "coordinates": [ -90.24281, 38.57472 ] } },
{ "type": "Feature", "properties": { "OBJECTID *": 233, "Shape": "Point", "longitude": -90.242943, "latitude": 38.574298, "Agency": "<Null>", "Counsel": "<Null>", "Address": "4532-34 Virginia", "Address (Matching)": "4532 Virginia", "State": "Missouri", "City": "St. Louis", "Status of Case": "<Null>", "Back Taxes and Fees": "<Null>", "Violations as of March 2026": "<Null>", "Narrative": "<Null>", "Notes": "<Null>", "Type/Units": "<Null>", "Developer": "<Null>", "Opposing Contacts": "<Null>", "Status": "Target", "Occupancy Status": "<Null>", "DMS Data Parcel": "<Null>", "Owner": "<Null>", "Parcel": 19334 }, "geometry": { "type": "Point", "coordinates": [ -90.24294, 38.5743 ] } },
{ "type": "Feature", "properties": { "OBJECTID *": 234, "Shape": "Point", "longitude": -90.238922, "latitude": 38.573684, "Agency": "Dutchtown Main Streets", "Counsel": "<Null>", "Address": "4533 Minnesota (FC)", "Address (Matching)": "4533 Minnesota ", "State": "Missouri", "City": "St. Louis", "Status of Case": "<Null>", "Back Taxes and Fees": "Classified as vacant by STL. ", "Violations as of March 2026": "Most recent: 5/26/2026 (Violation)", "Narrative": "<Null>", "Notes": "<Null>", "Type/Units": "<Null>", "Developer": "<Null>", "Opposing Contacts": "<Null>", "Status": "Target", "Occupancy Status": "<Null>", "DMS Data Parcel": "No", "Owner": "<Null>", "Parcel": 15025 }, "geometry": { "type": "Point", "coordinates": [ -90.23892, 38.57368 ] } },
{ "type": "Feature", "properties": { "OBJECTID *": 235, "Shape": "Point", "longitude": -90.246343, "latitude": 38.57632, "Agency": "Dutchtown Main Streets", "Counsel": "<Null>", "Address": "4533 Tennessee", "Address (Matching)": "4533 Tennessee", "State": "Missouri", "City": "St. Louis", "Status of Case": "<Null>", "Back Taxes and Fees": "Classified as vacant by STL. 3", "Violations as of March 2026": "Most recent: 5/5/2026 (Violation)", "Narrative": "<Null>", "Notes": "<Null>", "Type/Units": "<Null>", "Developer": "<Null>", "Opposing Contacts": "<Null>", "Status": "Target", "Occupancy Status": "<Null>", "DMS Data Parcel": "No", "Owner": "<Null>", "Parcel": 83175 }, "geometry": { "type": "Point", "coordinates": [ -90.24634, 38.57632 ] } },
{ "type": "Feature", "properties": { "OBJECTID *": 236, "Shape": "Point", "longitude": -90.243114, "latitude": 38.573946, "Agency": "Dutchtown Main Streets", "Counsel": "<Null>", "Address": "4549 Virginia Ave", "Address (Matching)": "4549 Virginia", "State": "Missouri", "City": "St. Louis", "Status of Case": "<Null>", "Back Taxes and Fees": null, "Violations as of March 2026": "<Null>", "Narrative": "<Null>", "Notes": "<Null>", "Type/Units": "<Null>", "Developer": "<Null>", "Opposing Contacts": "<Null>", "Status": "Target", "Occupancy Status": "<Null>", "DMS Data Parcel": "Yes", "Owner": "<Null>", "Parcel": 14532 }, "geometry": { "type": "Point", "coordinates": [ -90.24311, 38.57395 ] } },
{ "type": "Feature", "properties": { "OBJECTID *": 237, "Shape": "Point", "longitude": -90.243152, "latitude": 38.573649, "Agency": "Dutchtown Main Streets", "Counsel": "<Null>", "Address": "4556 Virginia", "Address (Matching)": "4556 Virginia", "State": "Missouri", "City": "St. Louis", "Status of Case": "<Null>", "Back Taxes and Fees": null, "Violations as of March 2026": "<Null>", "Narrative": "<Null>", "Notes": "Quality Auto Repair", "Type/Units": "<Null>", "Developer": "<Null>", "Opposing Contacts": "<Null>", "Status": "Target", "Occupancy Status": "<Null>", "DMS Data Parcel": "Yes", "Owner": "<Null>", "Parcel": 8896 }, "geometry": { "type": "Point", "coordinates": [ -90.24315, 38.57365 ] } },
{ "type": "Feature", "properties": { "OBJECTID *": 238, "Shape": "Point", "longitude": -90.244583, "latitude": 38.573354, "Agency": "Dutchtown Main Streets", "Counsel": "<Null>", "Address": "4645 Idaho (FC)", "Address (Matching)": "4645 Idaho ", "State": "Missouri", "City": "St. Louis", "Status of Case": "<Null>", "Back Taxes and Fees": null, "Violations as of March 2026": "<Null>", "Narrative": "<Null>", "Notes": "<Null>", "Type/Units": "<Null>", "Developer": "<Null>", "Opposing Contacts": "<Null>", "Status": "Target", "Occupancy Status": "<Null>", "DMS Data Parcel": "No", "Owner": "<Null>", "Parcel": 42106 }, "geometry": { "type": "Point", "coordinates": [ -90.24458, 38.57335 ] } },
{ "type": "Feature", "properties": { "OBJECTID *": 239, "Shape": "Point", "longitude": -90.243697, "latitude": 38.572048, "Agency": "Dutchtown Main Streets", "Counsel": "<Null>", "Address": "4650 Virginia", "Address (Matching)": "4650 Virginia", "State": "Missouri", "City": "St. Louis", "Status of Case": "<Null>", "Back Taxes and Fees": null, "Violations as of March 2026": "<Null>", "Narrative": "<Null>", "Notes": "<Null>", "Type/Units": "<Null>", "Developer": "<Null>", "Opposing Contacts": "<Null>", "Status": "Target", "Occupancy Status": "<Null>", "DMS Data Parcel": "Yes", "Owner": "<Null>", "Parcel": 27529 }, "geometry": { "type": "Point", "coordinates": [ -90.2437, 38.57205 ] } },
{ "type": "Feature", "properties": { "OBJECTID *": 240, "Shape": "Point", "longitude": -90.243751, "latitude": 38.572059, "Agency": "Dutchtown Main Streets", "Counsel": "<Null>", "Address": "4653 Virginia", "Address (Matching)": "4653 Virginia", "State": "Missouri", "City": "St. Louis", "Status of Case": "<Null>", "Back Taxes and Fees": "Classified as vacant by STL. ", "Violations as of March 2026": "Most recent: 2/22/2026 (CSB)", "Narrative": "<Null>", "Notes": "Vacancy next to corner store\n3/23/26 - Nate checked w/ LDG on violations/CSB. Back was stabilized.  Still vacant based on front door board up.", "Type/Units": "<Null>", "Developer": "<Null>", "Opposing Contacts": "<Null>", "Status": "Target", "Occupancy Status": "<Null>", "DMS Data Parcel": "Yes", "Owner": "<Null>", "Parcel": 8883 }, "geometry": { "type": "Point", "coordinates": [ -90.24375, 38.57206 ] } },
{ "type": "Feature", "properties": { "OBJECTID *": 241, "Shape": "Point", "longitude": -90.24372, "latitude": 38.571976, "Agency": "Dutchtown Main Streets", "Counsel": "<Null>", "Address": "4654 Virginia", "Address (Matching)": "4654 Virginia", "State": "Missouri", "City": "St. Louis", "Status of Case": "<Null>", "Back Taxes and Fees": "Classified as vacant by STL. ", "Violations as of March 2026": "Most recent: 11/20/2022 (Inspection)", "Narrative": "<Null>", "Notes": "<Null>", "Type/Units": "<Null>", "Developer": "<Null>", "Opposing Contacts": "<Null>", "Status": "Target", "Occupancy Status": "<Null>", "DMS Data Parcel": "Yes", "Owner": "<Null>", "Parcel": 24701 }, "geometry": { "type": "Point", "coordinates": [ -90.24372, 38.57198 ] } },
{ "type": "Feature", "properties": { "OBJECTID *": 242, "Shape": "Point", "longitude": -90.244571, "latitude": 38.573045, "Agency": "Dutchtown Main Streets", "Counsel": "<Null>", "Address": "4661 Idaho (KP)", "Address (Matching)": "4661 Idaho ", "State": "Missouri", "City": "St. Louis", "Status of Case": "<Null>", "Back Taxes and Fees": null, "Violations as of March 2026": "<Null>", "Narrative": "<Null>", "Notes": "<Null>", "Type/Units": "<Null>", "Developer": "<Null>", "Opposing Contacts": "<Null>", "Status": "Target", "Occupancy Status": "<Null>", "DMS Data Parcel": "No", "Owner": "<Null>", "Parcel": 41314 }, "geometry": { "type": "Point", "coordinates": [ -90.24457, 38.57305 ] } },
{ "type": "Feature", "properties": { "OBJECTID *": 243, "Shape": "Point", "longitude": -90.247692, "latitude": 38.574722, "Agency": "Dutchtown Main Streets", "Counsel": "<Null>", "Address": "4661 Tennessee", "Address (Matching)": "4661 Tennessee", "State": "Missouri", "City": "St. Louis", "Status of Case": "<Null>", "Back Taxes and Fees": null, "Violations as of March 2026": "<Null>", "Narrative": "<Null>", "Notes": "<Null>", "Type/Units": "<Null>", "Developer": "<Null>", "Opposing Contacts": "<Null>", "Status": "Target", "Occupancy Status": "<Null>", "DMS Data Parcel": "No", "Owner": "<Null>", "Parcel": 19490 }, "geometry": { "type": "Point", "coordinates": [ -90.24769, 38.57472 ] } },
{ "type": "Feature", "properties": { "OBJECTID *": 244, "Shape": "Point", "longitude": -90.243813, "latitude": 38.571868, "Agency": "Dutchtown Main Streets", "Counsel": "<Null>", "Address": "4661 Virginia", "Address (Matching)": "4661 Virginia", "State": "Missouri", "City": "St. Louis", "Status of Case": "<Null>", "Back Taxes and Fees": "Classified as vacant by STL. ", "Violations as of March 2026": "Most recent: 10/18/2024 (CSB)", "Narrative": "<Null>", "Notes": "Corner Store - Open C&D, closed down", "Type/Units": "Commerical", "Developer": "<Null>", "Opposing Contacts": "<Null>", "Status": "Target", "Occupancy Status": "<Null>", "DMS Data Parcel": "Yes", "Owner": "<Null>", "Parcel": 8885 }, "geometry": { "type": "Point", "coordinates": [ -90.24381, 38.57187 ] } },
{ "type": "Feature", "properties": { "OBJECTID *": 245, "Shape": "Point", "longitude": -90.248687, "latitude": 38.575364, "Agency": "<Null>", "Counsel": "<Null>", "Address": "4657 S GRAND BLVD", "Address (Matching)": "4657 S GRAND ", "State": "Missouri", "City": "St. Louis", "Status of Case": "<Null>", "Back Taxes and Fees": "Classified as vacant by STL.", "Violations as of March 2026": "Most recent: 11/15/2025 (CSB)", "Narrative": "<Null>", "Notes": "<Null>", "Type/Units": "<Null>", "Developer": "<Null>", "Opposing Contacts": "<Null>", "Status": "Target", "Occupancy Status": "<Null>", "DMS Data Parcel": "<Null>", "Owner": "<Null>", "Parcel": 86408 }, "geometry": { "type": "Point", "coordinates": [ -90.24869, 38.57536 ] } },
{ "type": "Feature", "properties": { "OBJECTID *": 246, "Shape": "Point", "longitude": -90.243905, "latitude": 38.571581, "Agency": "<Null>", "Counsel": "<Null>", "Address": "4701 VIRGINIA AV", "Address (Matching)": "4701 VIRGINIA ", "State": "Missouri", "City": "St. Louis", "Status of Case": "<Null>", "Back Taxes and Fees": "Classified as vacant by STL.", "Violations as of March 2026": "Most recent: 6/10/2025 (CSB)", "Narrative": "<Null>", "Notes": "<Null>", "Type/Units": "<Null>", "Developer": "<Null>", "Opposing Contacts": "<Null>", "Status": "Target", "Occupancy Status": "<Null>", "DMS Data Parcel": "<Null>", "Owner": "<Null>", "Parcel": 59404 }, "geometry": { "type": "Point", "coordinates": [ -90.2439, 38.57158 ] } },
{ "type": "Feature", "properties": { "OBJECTID *": 247, "Shape": "Point", "longitude": -90.243905, "latitude": 38.571581, "Agency": "<Null>", "Counsel": "<Null>", "Address": "4701 VIRGINIA AV", "Address (Matching)": "4701 VIRGINIA ", "State": "Missouri", "City": "St. Louis", "Status of Case": "<Null>", "Back Taxes and Fees": "Classified as vacant by STL.", "Violations as of March 2026": "Most recent: 6/10/2025 (CSB)", "Narrative": "<Null>", "Notes": "<Null>", "Type/Units": "<Null>", "Developer": "<Null>", "Opposing Contacts": "<Null>", "Status": "Target", "Occupancy Status": "<Null>", "DMS Data Parcel": "<Null>", "Owner": "<Null>", "Parcel": 59404 }, "geometry": { "type": "Point", "coordinates": [ -90.2439, 38.57158 ] } },
{ "type": "Feature", "properties": { "OBJECTID *": 248, "Shape": "Point", "longitude": -90.243998, "latitude": 38.571102, "Agency": "Dutchtown Main Streets", "Counsel": "<Null>", "Address": "4718-20 Virginia", "Address (Matching)": "4718 Virginia", "State": "Missouri", "City": "St. Louis", "Status of Case": "<Null>", "Back Taxes and Fees": null, "Violations as of March 2026": "<Null>", "Narrative": "<Null>", "Notes": "Prop NS requested; currently under stabilization, waiting for confirmation of completition for walk through", "Type/Units": "<Null>", "Developer": "<Null>", "Opposing Contacts": "<Null>", "Status": "Target", "Occupancy Status": "<Null>", "DMS Data Parcel": "Yes", "Owner": "<Null>", "Parcel": 102331 }, "geometry": { "type": "Point", "coordinates": [ -90.244, 38.5711 ] } },
{ "type": "Feature", "properties": { "OBJECTID *": 249, "Shape": "Point", "longitude": -90.244088, "latitude": 38.571, "Agency": "Dutchtown Main Streets", "Counsel": "<Null>", "Address": "4725 Virginia", "Address (Matching)": "4725 Virginia", "State": "Missouri", "City": "St. Louis", "Status of Case": "<Null>", "Back Taxes and Fees": "Classified as vacant by STL. ", "Violations as of March 2026": "Most recent: 2/18/2026 (Inspection)", "Narrative": "<Null>", "Notes": "In-Fill Opportunity", "Type/Units": "<Null>", "Developer": "<Null>", "Opposing Contacts": "<Null>", "Status": "Target", "Occupancy Status": "<Null>", "DMS Data Parcel": "Yes", "Owner": "<Null>", "Parcel": 100706 }, "geometry": { "type": "Point", "coordinates": [ -90.24409, 38.571 ] } },
{ "type": "Feature", "properties": { "OBJECTID *": 250, "Shape": "Point", "longitude": -90.277824, "latitude": 38.643897, "Agency": "Dutchtown Main Streets", "Counsel": "<Null>", "Address": "4734 Grand (FC)", "Address (Matching)": "4734 Grand ", "State": "Missouri", "City": "St. Louis", "Status of Case": "<Null>", "Back Taxes and Fees": null, "Violations as of March 2026": "<Null>", "Narrative": "<Null>", "Notes": "<Null>", "Type/Units": "<Null>", "Developer": "<Null>", "Opposing Contacts": "<Null>", "Status": "Target", "Occupancy Status": "<Null>", "DMS Data Parcel": "Yes", "Owner": "<Null>", "Parcel": 96931 }, "geometry": { "type": "Point", "coordinates": [ -90.27782, 38.6439 ] } },
{ "type": "Feature", "properties": { "OBJECTID *": 251, "Shape": "Point", "longitude": -90.244304, "latitude": 38.570366, "Agency": "<Null>", "Counsel": "<Null>", "Address": "4747 VIRGINIA AV", "Address (Matching)": "4747 VIRGINIA ", "State": "Missouri", "City": "St. Louis", "Status of Case": "<Null>", "Back Taxes and Fees": "Classified as vacant by STL.", "Violations as of March 2026": "Most recent: 8/25/2015 (CSB)", "Narrative": "<Null>", "Notes": "<Null>", "Type/Units": "<Null>", "Developer": "<Null>", "Opposing Contacts": "<Null>", "Status": "Target", "Occupancy Status": "<Null>", "DMS Data Parcel": "<Null>", "Owner": "<Null>", "Parcel": 87623 }, "geometry": { "type": "Point", "coordinates": [ -90.2443, 38.57037 ] } },
{ "type": "Feature", "properties": { "OBJECTID *": 252, "Shape": "Point", "longitude": -90.278721, "latitude": 38.643919, "Agency": "Dutchtown Main Streets", "Counsel": "<Null>", "Address": "5027 Grand (FC)", "Address (Matching)": "5027 Grand ", "State": "Missouri", "City": "St. Louis", "Status of Case": "<Null>", "Back Taxes and Fees": "Classified as vacant by STL. ", "Violations as of March 2026": "No violations on record", "Narrative": "<Null>", "Notes": "<Null>", "Type/Units": "<Null>", "Developer": "<Null>", "Opposing Contacts": "<Null>", "Status": "Target", "Occupancy Status": "<Null>", "DMS Data Parcel": "Yes", "Owner": "<Null>", "Parcel": 96931 }, "geometry": { "type": "Point", "coordinates": [ -90.27872, 38.64392 ] } },
{ "type": "Feature", "properties": { "OBJECTID *": 253, "Shape": "Point", "longitude": -90.250278, "latitude": 38.573386, "Agency": "Dutchtown Main Streets", "Counsel": "<Null>", "Address": "4746 S Grand", "Address (Matching)": "4746 S Grand", "State": "Missouri", "City": "St. Louis", "Status of Case": "<Null>", "Back Taxes and Fees": "Classified as vacant by STL. 3", "Violations as of March 2026": "Most recent: 4/14/2026 (Violation)", "Narrative": "<Null>", "Notes": "<Null>", "Type/Units": "<Null>", "Developer": "<Null>", "Opposing Contacts": "<Null>", "Status": "Target", "Occupancy Status": "<Null>", "DMS Data Parcel": "Yes", "Owner": "<Null>", "Parcel": 49833 }, "geometry": { "type": "Point", "coordinates": [ -90.25028, 38.57339 ] } },
{ "type": "Feature", "properties": { "OBJECTID *": 254, "Shape": "Point", "longitude": -90.244693, "latitude": 38.569112, "Agency": "Dutchtown Main Streets", "Counsel": "<Null>", "Address": "5030 Virginia", "Address (Matching)": "5030 Virginia", "State": "Missouri", "City": "St. Louis", "Status of Case": "<Null>", "Back Taxes and Fees": null, "Violations as of March 2026": "<Null>", "Narrative": "<Null>", "Notes": "Small lot next to coal ash pit", "Type/Units": "Lot", "Developer": "<Null>", "Opposing Contacts": "<Null>", "Status": "Target", "Occupancy Status": "<Null>", "DMS Data Parcel": "Yes", "Owner": "<Null>", "Parcel": 107988 }, "geometry": { "type": "Point", "coordinates": [ -90.24469, 38.56911 ] } },
{ "type": "Feature", "properties": { "OBJECTID *": 255, "Shape": "Point", "longitude": -90.249342, "latitude": 38.570971, "Agency": "Dutchtown Main Streets", "Counsel": "<Null>", "Address": "5035 Louisiana", "Address (Matching)": "5035 Louisiana", "State": "Missouri", "City": "St. Louis", "Status of Case": "<Null>", "Back Taxes and Fees": null, "Violations as of March 2026": "<Null>", "Narrative": "<Null>", "Notes": "<Null>", "Type/Units": "<Null>", "Developer": "<Null>", "Opposing Contacts": "<Null>", "Status": "Target", "Occupancy Status": "<Null>", "DMS Data Parcel": "No", "Owner": "<Null>", "Parcel": 84217 }, "geometry": { "type": "Point", "coordinates": [ -90.24934, 38.57097 ] } },
{ "type": "Feature", "properties": { "OBJECTID *": 256, "Shape": "Point", "longitude": -90.244704, "latitude": 38.569077, "Agency": "<Null>", "Counsel": "<Null>", "Address": "5100 VIRGINIA AV", "Address (Matching)": "5100 VIRGINIA ", "State": "Missouri", "City": "St. Louis", "Status of Case": "<Null>", "Back Taxes and Fees": "Classified as vacant by STL.", "Violations as of March 2026": "Most recent: 1/8/2026 (CSB)", "Narrative": "<Null>", "Notes": "<Null>", "Type/Units": "<Null>", "Developer": "<Null>", "Opposing Contacts": "<Null>", "Status": "Target", "Occupancy Status": "<Null>", "DMS Data Parcel": "<Null>", "Owner": "<Null>", "Parcel": 107988 }, "geometry": { "type": "Point", "coordinates": [ -90.2447, 38.56908 ] } },
{ "type": "Feature", "properties": { "OBJECTID *": 257, "Shape": "Point", "longitude": -90.244704, "latitude": 38.569077, "Agency": "<Null>", "Counsel": "<Null>", "Address": "5100 VIRGINIA AV", "Address (Matching)": "5100 VIRGINIA ", "State": "Missouri", "City": "St. Louis", "Status of Case": "<Null>", "Back Taxes and Fees": "Classified as vacant by STL.", "Violations as of March 2026": "Most recent: 1/8/2026 (CSB)", "Narrative": "<Null>", "Notes": "<Null>", "Type/Units": "<Null>", "Developer": "<Null>", "Opposing Contacts": "<Null>", "Status": "Target", "Occupancy Status": "<Null>", "DMS Data Parcel": "<Null>", "Owner": "<Null>", "Parcel": 107988 }, "geometry": { "type": "Point", "coordinates": [ -90.2447, 38.56908 ] } },
{ "type": "Feature", "properties": { "OBJECTID *": 258, "Shape": "Point", "longitude": -90.24496, "latitude": 38.568425, "Agency": "Dutchtown Main Streets", "Counsel": "<Null>", "Address": "5101 Virginia", "Address (Matching)": "5101 Virginia", "State": "Missouri", "City": "St. Louis", "Status of Case": "<Null>", "Back Taxes and Fees": "Classified as vacant by STL. 3", "Violations as of March 2026": "Most recent: 4/14/2026 (Violation)", "Narrative": "<Null>", "Notes": "Virginia Theater", "Type/Units": "<Null>", "Developer": "<Null>", "Opposing Contacts": "<Null>", "Status": "Target", "Occupancy Status": "<Null>", "DMS Data Parcel": "Yes", "Owner": "<Null>", "Parcel": 114299 }, "geometry": { "type": "Point", "coordinates": [ -90.24496, 38.56842 ] } },
{ "type": "Feature", "properties": { "OBJECTID *": 259, "Shape": "Point", "longitude": -90.251439, "latitude": 38.572093, "Agency": "Dutchtown Main Streets", "Counsel": "<Null>", "Address": "5035-55 S Grand", "Address (Matching)": "5035 S Grand", "State": "Missouri", "City": "St. Louis", "Status of Case": "<Null>", "Back Taxes and Fees": "Classified as vacant by STL. ", "Violations as of March 2026": "Most recent: 2/5/2026 (CSB)", "Narrative": "<Null>", "Notes": "Condemend, squaters, gunfire, see email", "Type/Units": "<Null>", "Developer": "<Null>", "Opposing Contacts": "<Null>", "Status": "Target", "Occupancy Status": "<Null>", "DMS Data Parcel": "Yes", "Owner": "<Null>", "Parcel": 90326 }, "geometry": { "type": "Point", "coordinates": [ -90.25144, 38.57209 ] } },
{ "type": "Feature", "properties": { "OBJECTID *": 260, "Shape": "Point", "longitude": -90.2453, "latitude": 38.567389, "Agency": "Dutchtown Main Streets", "Counsel": "<Null>", "Address": "5219 Virginia", "Address (Matching)": "5219 Virginia", "State": "Missouri", "City": "St. Louis", "Status of Case": "<Null>", "Back Taxes and Fees": null, "Violations as of March 2026": "<Null>", "Narrative": "<Null>", "Notes": "Beware of building vs. bill board owned by LRA; fire 10/24/23", "Type/Units": "<Null>", "Developer": "<Null>", "Opposing Contacts": "<Null>", "Status": "Target", "Occupancy Status": "<Null>", "DMS Data Parcel": "Yes", "Owner": "<Null>", "Parcel": 124330 }, "geometry": { "type": "Point", "coordinates": [ -90.2453, 38.56739 ] } },
{ "type": "Feature", "properties": { "OBJECTID *": 261, "Shape": "Point", "longitude": -90.24538, "latitude": 38.567139, "Agency": "Dutchtown Main Streets", "Counsel": "<Null>", "Address": "5231 Virginia", "Address (Matching)": "5231 Virginia", "State": "Missouri", "City": "St. Louis", "Status of Case": "<Null>", "Back Taxes and Fees": null, "Violations as of March 2026": "<Null>", "Narrative": "<Null>", "Notes": "<Null>", "Type/Units": "<Null>", "Developer": "<Null>", "Opposing Contacts": "<Null>", "Status": "Target", "Occupancy Status": "<Null>", "DMS Data Parcel": "Yes", "Owner": "<Null>", "Parcel": 124332 }, "geometry": { "type": "Point", "coordinates": [ -90.24538, 38.56714 ] } },
{ "type": "Feature", "properties": { "OBJECTID *": 262, "Shape": "Point", "longitude": -90.243356, "latitude": 38.565831, "Agency": "Dutchtown Main Streets", "Counsel": "<Null>", "Address": "5305 Michigan Av", "Address (Matching)": "5305 Michigan ", "State": "Missouri", "City": "St. Louis", "Status of Case": "<Null>", "Back Taxes and Fees": "Classified as vacant by STL. Tax unpaid $307 (2025), $300 (2024)", "Violations as of March 2026": "Most recent: 3/2026 (CSB: Property Maintenance, Exterior)", "Narrative": "Reported by neighbor. Multi-unit bldg, Vacancy: Definite. On Vacant Building Registry. Condemned without occupancy permit. Nuisance score: Extremely High (100/100). Board up: 1 opening. CSB: Vacnt Bldg Unsecured. Indicators unchanged over last 4 years. Owner also holds 3 other vacant properties.", "Notes": "Neighbor report from Angie Okain (aokain1@gmail.com). Across street from her house. Back wall crumbled, trash on front lawn, possible trespassing activity. Carondelet/3rd Ward - just outside Dutchtown border.", "Type/Units": "<Null>", "Developer": "<Null>", "Opposing Contacts": "<Null>", "Status": "Target", "Occupancy Status": "<Null>", "DMS Data Parcel": "<Null>", "Owner": "<Null>", "Parcel": 3533 }, "geometry": { "type": "Point", "coordinates": [ -90.24336, 38.56583 ] } },
{ "type": "Feature", "properties": { "OBJECTID *": 263, "Shape": "Point", "longitude": -90.243492, "latitude": 38.565534, "Agency": "Dutchtown Main Streets", "Counsel": "<Null>", "Address": "5320 Michigan", "Address (Matching)": "5320 Michigan", "State": "Missouri", "City": "St. Louis", "Status of Case": "<Null>", "Back Taxes and Fees": null, "Violations as of March 2026": "<Null>", "Narrative": "<Null>", "Notes": "Next to Rashon", "Type/Units": "<Null>", "Developer": "<Null>", "Opposing Contacts": "<Null>", "Status": "Target", "Occupancy Status": "<Null>", "DMS Data Parcel": "No", "Owner": "<Null>", "Parcel": 79049 }, "geometry": { "type": "Point", "coordinates": [ -90.24349, 38.56553 ] } },
{ "type": "Feature", "properties": { "OBJECTID *": 264, "Shape": "Point", "longitude": -90.245797, "latitude": 38.565767, "Agency": "Dutchtown Main Streets", "Counsel": "<Null>", "Address": "5414 Virginia", "Address (Matching)": "5414 Virginia", "State": "Missouri", "City": "St. Louis", "Status of Case": "<Null>", "Back Taxes and Fees": "Classified as vacant by STL. ", "Violations as of March 2026": "Most recent: 6/2/2025 (Inspection)", "Narrative": "<Null>", "Notes": "<Null>", "Type/Units": "<Null>", "Developer": "<Null>", "Opposing Contacts": "<Null>", "Status": "Target", "Occupancy Status": "<Null>", "DMS Data Parcel": "Yes", "Owner": "<Null>", "Parcel": 110171 }, "geometry": { "type": "Point", "coordinates": [ -90.2458, 38.56577 ] } },
{ "type": "Feature", "properties": { "OBJECTID *": 265, "Shape": "Point", "longitude": -90.245899, "latitude": 38.565485, "Agency": "Dutchtown Main Streets", "Counsel": "<Null>", "Address": "5424 Virginia", "Address (Matching)": "5424 Virginia", "State": "Missouri", "City": "St. Louis", "Status of Case": "<Null>", "Back Taxes and Fees": "Classified as vacant by STL. ", "Violations as of March 2026": "Most recent: 5/4/2026 (Violation)", "Narrative": "<Null>", "Notes": "<Null>", "Type/Units": "<Null>", "Developer": "<Null>", "Opposing Contacts": "<Null>", "Status": "Target", "Occupancy Status": "<Null>", "DMS Data Parcel": "Yes", "Owner": "<Null>", "Parcel": 103493 }, "geometry": { "type": "Point", "coordinates": [ -90.2459, 38.56549 ] } },
{ "type": "Feature", "properties": { "OBJECTID *": 266, "Shape": "Point", "longitude": -90.246002, "latitude": 38.565366, "Agency": "Dutchtown Main Streets", "Counsel": "<Null>", "Address": "5427-31 Virginia", "Address (Matching)": "5427 Virginia", "State": "Missouri", "City": "St. Louis", "Status of Case": "<Null>", "Back Taxes and Fees": "Classified as vacant by STL. 5", "Violations as of March 2026": "Most recent: 3/18/2026 (Violation)", "Narrative": "<Null>", "Notes": "Listed at 220k - https://tarrantandharman.com/properties/5427-s-virginia-avenue-s-st-louis-mo-63111/501595612/", "Type/Units": "<Null>", "Developer": "<Null>", "Opposing Contacts": "info@statuesplus.com", "Status": "Target", "Occupancy Status": "<Null>", "DMS Data Parcel": "Yes", "Owner": "<Null>", "Parcel": 20279 }, "geometry": { "type": "Point", "coordinates": [ -90.246, 38.56537 ] } },
{ "type": "Feature", "properties": { "OBJECTID *": 267, "Shape": "Point", "longitude": -90.246053, "latitude": 38.565223, "Agency": "Dutchtown Main Streets", "Counsel": "<Null>", "Address": "5435-37 Virginia", "Address (Matching)": "5435 Virginia", "State": "Missouri", "City": "St. Louis", "Status of Case": "<Null>", "Back Taxes and Fees": "Classified as vacant by STL. 3", "Violations as of March 2026": "Most recent: 6/15/2026 (Violation)", "Narrative": "<Null>", "Notes": "Possible demo alert for back portion of building.  Sent Robin email", "Type/Units": "<Null>", "Developer": "<Null>", "Opposing Contacts": "<Null>", "Status": "Target", "Occupancy Status": "<Null>", "DMS Data Parcel": "Yes", "Owner": "<Null>", "Parcel": 25915 }, "geometry": { "type": "Point", "coordinates": [ -90.24605, 38.56522 ] } },
{ "type": "Feature", "properties": { "OBJECTID *": 268, "Shape": "Point", "longitude": -90.238946, "latitude": 38.587405, "Agency": "<Null>", "Counsel": "<Null>", "Address": "3208 CHIPPEWA ST(H)", "Address (Matching)": "<Null>", "State": "<Null>", "City": "<Null>", "Status of Case": "<Null>", "Back Taxes and Fees": "Classified as vacant by STL.", "Violations as of March 2026": "Most recent: 7/14/2025 (CSB)", "Narrative": "<Null>", "Notes": "<Null>", "Type/Units": "<Null>", "Developer": "<Null>", "Opposing Contacts": "<Null>", "Status": "Not currently targeted", "Occupancy Status": "<Null>", "DMS Data Parcel": "<Null>", "Owner": "BEAR RIVER LLC", "Parcel": 48009 }, "geometry": { "type": "Point", "coordinates": [ -90.23895, 38.5874 ] } },
{ "type": "Feature", "properties": { "OBJECTID *": 269, "Shape": "Point", "longitude": -90.236028, "latitude": 38.583039, "Agency": "<Null>", "Counsel": "<Null>", "Address": "4015 PENNSYLVANIA AV", "Address (Matching)": "<Null>", "State": "<Null>", "City": "<Null>", "Status of Case": "<Null>", "Back Taxes and Fees": "Classified as vacant by STL.", "Violations as of March 2026": "Most recent: 9/10/2025 (CSB)", "Narrative": "<Null>", "Notes": "<Null>", "Type/Units": "<Null>", "Developer": "<Null>", "Opposing Contacts": "<Null>", "Status": "Not currently targeted", "Occupancy Status": "<Null>", "DMS Data Parcel": "<Null>", "Owner": "ZEMAN", "Parcel": 8916 }, "geometry": { "type": "Point", "coordinates": [ -90.23603, 38.58304 ] } },
{ "type": "Feature", "properties": { "OBJECTID *": 270, "Shape": "Point", "longitude": -90.230448, "latitude": 38.582708, "Agency": "<Null>", "Counsel": "<Null>", "Address": "2708 OSAGE ST", "Address (Matching)": "<Null>", "State": "<Null>", "City": "<Null>", "Status of Case": "<Null>", "Back Taxes and Fees": "Classified as vacant by STL.", "Violations as of March 2026": "Most recent: 4/30/2025 (CSB)", "Narrative": "<Null>", "Notes": "<Null>", "Type/Units": "<Null>", "Developer": "<Null>", "Opposing Contacts": "<Null>", "Status": "Not currently targeted", "Occupancy Status": "<Null>", "DMS Data Parcel": "<Null>", "Owner": "VANCIL", "Parcel": 93727 }, "geometry": { "type": "Point", "coordinates": [ -90.23045, 38.58271 ] } },
{ "type": "Feature", "properties": { "OBJECTID *": 271, "Shape": "Point", "longitude": -90.230168, "latitude": 38.582665, "Agency": "<Null>", "Counsel": "<Null>", "Address": "2702 OSAGE ST", "Address (Matching)": "<Null>", "State": "<Null>", "City": "<Null>", "Status of Case": "<Null>", "Back Taxes and Fees": "Classified as vacant by STL.", "Violations as of March 2026": "Most recent: 4/30/2025 (CSB)", "Narrative": "<Null>", "Notes": "<Null>", "Type/Units": "<Null>", "Developer": "<Null>", "Opposing Contacts": "<Null>", "Status": "Not currently targeted", "Occupancy Status": "<Null>", "DMS Data Parcel": "<Null>", "Owner": "KWIKSTAR LLC", "Parcel": 94077 }, "geometry": { "type": "Point", "coordinates": [ -90.23017, 38.58266 ] } },
{ "type": "Feature", "properties": { "OBJECTID *": 272, "Shape": "Point", "longitude": -90.237432, "latitude": 38.586232, "Agency": "<Null>", "Counsel": "<Null>", "Address": "3842 MICHIGAN AV", "Address (Matching)": "<Null>", "State": "<Null>", "City": "<Null>", "Status of Case": "<Null>", "Back Taxes and Fees": "Classified as vacant by STL.", "Violations as of March 2026": "Most recent: 12/1/2025 (CSB)", "Narrative": "<Null>", "Notes": "<Null>", "Type/Units": "<Null>", "Developer": "<Null>", "Opposing Contacts": "<Null>", "Status": "Not currently targeted", "Occupancy Status": "<Null>", "DMS Data Parcel": "<Null>", "Owner": "MISSOURI URBAN DEVELOPMENT LLC", "Parcel": 99015 }, "geometry": { "type": "Point", "coordinates": [ -90.23743, 38.58623 ] } },
{ "type": "Feature", "properties": { "OBJECTID *": 273, "Shape": "Point", "longitude": -90.237418, "latitude": 38.586298, "Agency": "<Null>", "Counsel": "<Null>", "Address": "3838 MICHIGAN AV", "Address (Matching)": "<Null>", "State": "<Null>", "City": "<Null>", "Status of Case": "<Null>", "Back Taxes and Fees": "Classified as vacant by STL. 2", "Violations as of March 2026": "Most recent: 3/3/2026 (Inspection)", "Narrative": "<Null>", "Notes": "<Null>", "Type/Units": "<Null>", "Developer": "<Null>", "Opposing Contacts": "<Null>", "Status": "Not currently targeted", "Occupancy Status": "<Null>", "DMS Data Parcel": "<Null>", "Owner": "WEALTH AND EQUITY ENTERPRISES LLC", "Parcel": 94531 }, "geometry": { "type": "Point", "coordinates": [ -90.23742, 38.5863 ] } },
{ "type": "Feature", "properties": { "OBJECTID *": 274, "Shape": "Point", "longitude": -90.235453, "latitude": 38.582633, "Agency": "<Null>", "Counsel": "<Null>", "Address": "4031 PENNSYLVANIA AV", "Address (Matching)": "<Null>", "State": "<Null>", "City": "<Null>", "Status of Case": "<Null>", "Back Taxes and Fees": "Classified as vacant by STL.", "Violations as of March 2026": "Most recent: 11/24/2025 (Inspection)", "Narrative": "<Null>", "Notes": "<Null>", "Type/Units": "<Null>", "Developer": "<Null>", "Opposing Contacts": "<Null>", "Status": "Not currently targeted", "Occupancy Status": "<Null>", "DMS Data Parcel": "<Null>", "Owner": "ESPINOZA", "Parcel": 41379 }, "geometry": { "type": "Point", "coordinates": [ -90.23545, 38.58263 ] } },
{ "type": "Feature", "properties": { "OBJECTID *": 275, "Shape": "Point", "longitude": -90.235453, "latitude": 38.583383, "Agency": "<Null>", "Counsel": "<Null>", "Address": "4000 PENNSYLVANIA AV", "Address (Matching)": "<Null>", "State": "<Null>", "City": "<Null>", "Status of Case": "<Null>", "Back Taxes and Fees": "Classified as vacant by STL.", "Violations as of March 2026": "Most recent: 3/9/2026 (CSB)", "Narrative": "<Null>", "Notes": "<Null>", "Type/Units": "<Null>", "Developer": "<Null>", "Opposing Contacts": "<Null>", "Status": "Not currently targeted", "Occupancy Status": "<Null>", "DMS Data Parcel": "<Null>", "Owner": "FIRST TEN LLC", "Parcel": 51414 }, "geometry": { "type": "Point", "coordinates": [ -90.23545, 38.58338 ] } },
{ "type": "Feature", "properties": { "OBJECTID *": 276, "Shape": "Point", "longitude": -90.231322, "latitude": 38.582865, "Agency": "<Null>", "Counsel": "<Null>", "Address": "2730 OSAGE ST", "Address (Matching)": "<Null>", "State": "<Null>", "City": "<Null>", "Status of Case": "<Null>", "Back Taxes and Fees": "Classified as vacant by STL.", "Violations as of March 2026": "Most recent: 5/11/2026 (Violation)", "Narrative": "<Null>", "Notes": "<Null>", "Type/Units": "<Null>", "Developer": "<Null>", "Opposing Contacts": "<Null>", "Status": "Not currently targeted", "Occupancy Status": "<Null>", "DMS Data Parcel": "<Null>", "Owner": "HUNLEY", "Parcel": 81159 }, "geometry": { "type": "Point", "coordinates": [ -90.23132, 38.58286 ] } },
{ "type": "Feature", "properties": { "OBJECTID *": 277, "Shape": "Point", "longitude": -90.229814, "latitude": 38.583746, "Agency": "<Null>", "Counsel": "<Null>", "Address": "3929 OHIO AV", "Address (Matching)": "<Null>", "State": "<Null>", "City": "<Null>", "Status of Case": "<Null>", "Back Taxes and Fees": "Classified as vacant by STL.", "Violations as of March 2026": "Most recent: 4/30/2025 (CSB)", "Narrative": "<Null>", "Notes": "<Null>", "Type/Units": "<Null>", "Developer": "<Null>", "Opposing Contacts": "<Null>", "Status": "Not currently targeted", "Occupancy Status": "<Null>", "DMS Data Parcel": "<Null>", "Owner": "BUCIO", "Parcel": 60570 }, "geometry": { "type": "Point", "coordinates": [ -90.22981, 38.58375 ] } },
{ "type": "Feature", "properties": { "OBJECTID *": 278, "Shape": "Point", "longitude": -90.246, "latitude": 38.572827, "Agency": "<Null>", "Counsel": "<Null>", "Address": "3426 ITASKA ST", "Address (Matching)": "<Null>", "State": "<Null>", "City": "<Null>", "Status of Case": "<Null>", "Back Taxes and Fees": "Classified as vacant by STL.", "Violations as of March 2026": "Most recent: 5/20/2026 (Violation)", "Narrative": "<Null>", "Notes": "<Null>", "Type/Units": "<Null>", "Developer": "<Null>", "Opposing Contacts": "<Null>", "Status": "Not currently targeted", "Occupancy Status": "<Null>", "DMS Data Parcel": "<Null>", "Owner": "YAGHNAM", "Parcel": 94221 }, "geometry": { "type": "Point", "coordinates": [ -90.246, 38.57283 ] } },
{ "type": "Feature", "properties": { "OBJECTID *": 279, "Shape": "Point", "longitude": -90.233768, "latitude": 38.581361, "Agency": "<Null>", "Counsel": "<Null>", "Address": "4100 OREGON AV", "Address (Matching)": "<Null>", "State": "<Null>", "City": "<Null>", "Status of Case": "<Null>", "Back Taxes and Fees": "Classified as vacant by STL.", "Violations as of March 2026": "Most recent: 3/13/2026 (Violation)", "Narrative": "<Null>", "Notes": "<Null>", "Type/Units": "<Null>", "Developer": "<Null>", "Opposing Contacts": "<Null>", "Status": "Not currently targeted", "Occupancy Status": "<Null>", "DMS Data Parcel": "<Null>", "Owner": "ROSENE", "Parcel": 95307 }, "geometry": { "type": "Point", "coordinates": [ -90.23377, 38.58136 ] } },
{ "type": "Feature", "properties": { "OBJECTID *": 280, "Shape": "Point", "longitude": -90.245926, "latitude": 38.572787, "Agency": "<Null>", "Counsel": "<Null>", "Address": "3424 ITASKA ST", "Address (Matching)": "<Null>", "State": "<Null>", "City": "<Null>", "Status of Case": "<Null>", "Back Taxes and Fees": "Classified as vacant by STL.", "Violations as of March 2026": "Most recent: 4/22/2025 (CSB)", "Narrative": "<Null>", "Notes": "<Null>", "Type/Units": "<Null>", "Developer": "<Null>", "Opposing Contacts": "<Null>", "Status": "Not currently targeted", "Occupancy Status": "<Null>", "DMS Data Parcel": "<Null>", "Owner": "SERVIUS STL LLC", "Parcel": 93808 }, "geometry": { "type": "Point", "coordinates": [ -90.24593, 38.57279 ] } },
{ "type": "Feature", "properties": { "OBJECTID *": 281, "Shape": "Point", "longitude": -90.24444, "latitude": 38.574898, "Agency": "<Null>", "Counsel": "<Null>", "Address": "4606 ALASKA AV", "Address (Matching)": "<Null>", "State": "<Null>", "City": "<Null>", "Status of Case": "<Null>", "Back Taxes and Fees": "Classified as vacant by STL.", "Violations as of March 2026": "Most recent: 5/29/2025 (CSB)", "Narrative": "<Null>", "Notes": "<Null>", "Type/Units": "<Null>", "Developer": "<Null>", "Opposing Contacts": "<Null>", "Status": "Not currently targeted", "Occupancy Status": "<Null>", "DMS Data Parcel": "<Null>", "Owner": "MC MATH", "Parcel": 21230 }, "geometry": { "type": "Point", "coordinates": [ -90.24444, 38.5749 ] } },
{ "type": "Feature", "properties": { "OBJECTID *": 282, "Shape": "Point", "longitude": -90.235194, "latitude": 38.585976, "Agency": "<Null>", "Counsel": "<Null>", "Address": "3839 PENNSYLVANIA AV", "Address (Matching)": "<Null>", "State": "<Null>", "City": "<Null>", "Status of Case": "<Null>", "Back Taxes and Fees": "Classified as vacant by STL.", "Violations as of March 2026": "Most recent: 8/12/2025 (CSB)", "Narrative": "<Null>", "Notes": "<Null>", "Type/Units": "<Null>", "Developer": "<Null>", "Opposing Contacts": "<Null>", "Status": "Not currently targeted", "Occupancy Status": "<Null>", "DMS Data Parcel": "<Null>", "Owner": "BHI MO HOLDINGS LLC", "Parcel": 47894 }, "geometry": { "type": "Point", "coordinates": [ -90.23519, 38.58598 ] } },
{ "type": "Feature", "properties": { "OBJECTID *": 283, "Shape": "Point", "longitude": -90.233185, "latitude": 38.584146, "Agency": "<Null>", "Counsel": "<Null>", "Address": "3930 OREGON AV", "Address (Matching)": "<Null>", "State": "<Null>", "City": "<Null>", "Status of Case": "<Null>", "Back Taxes and Fees": "Classified as vacant by STL.", "Violations as of March 2026": "Most recent: 10/15/2025 (CSB)", "Narrative": "<Null>", "Notes": "<Null>", "Type/Units": "<Null>", "Developer": "<Null>", "Opposing Contacts": "<Null>", "Status": "Not currently targeted", "Occupancy Status": "<Null>", "DMS Data Parcel": "<Null>", "Owner": "SPRAGGINS", "Parcel": 123481 }, "geometry": { "type": "Point", "coordinates": [ -90.23319, 38.58415 ] } },
{ "type": "Feature", "properties": { "OBJECTID *": 284, "Shape": "Point", "longitude": -90.242486, "latitude": 38.585337, "Agency": "<Null>", "Counsel": "<Null>", "Address": "3435 ALBERTA ST", "Address (Matching)": "<Null>", "State": "<Null>", "City": "<Null>", "Status of Case": "<Null>", "Back Taxes and Fees": "Classified as vacant by STL. 1", "Violations as of March 2026": "Most recent: 1/12/2026 (Inspection)", "Narrative": "<Null>", "Notes": "<Null>", "Type/Units": "<Null>", "Developer": "<Null>", "Opposing Contacts": "<Null>", "Status": "Not currently targeted", "Occupancy Status": "<Null>", "DMS Data Parcel": "<Null>", "Owner": "LOFTY HOLDINGS 3435-3437 ALBERTA ST DAO", "Parcel": 95409 }, "geometry": { "type": "Point", "coordinates": [ -90.24249, 38.58534 ] } },
{ "type": "Feature", "properties": { "OBJECTID *": 285, "Shape": "Point", "longitude": -90.243591, "latitude": 38.579946, "Agency": "<Null>", "Counsel": "<Null>", "Address": "3514 KINGSLAND CT", "Address (Matching)": "<Null>", "State": "<Null>", "City": "<Null>", "Status of Case": "<Null>", "Back Taxes and Fees": "Classified as vacant by STL.", "Violations as of March 2026": "Most recent: 10/12/2025 (CSB)", "Narrative": "<Null>", "Notes": "<Null>", "Type/Units": "<Null>", "Developer": "<Null>", "Opposing Contacts": "<Null>", "Status": "Not currently targeted", "Occupancy Status": "<Null>", "DMS Data Parcel": "<Null>", "Owner": "REED", "Parcel": 123448 }, "geometry": { "type": "Point", "coordinates": [ -90.24359, 38.57995 ] } },
{ "type": "Feature", "properties": { "OBJECTID *": 286, "Shape": "Point", "longitude": -90.255857, "latitude": 38.589456, "Agency": "<Null>", "Counsel": "<Null>", "Address": "4100 GRAVOIS AV", "Address (Matching)": "<Null>", "State": "<Null>", "City": "<Null>", "Status of Case": "<Null>", "Back Taxes and Fees": "Classified as vacant by STL.", "Violations as of March 2026": "Most recent: 1/5/2026 (CSB)", "Narrative": "<Null>", "Notes": "<Null>", "Type/Units": "<Null>", "Developer": "<Null>", "Opposing Contacts": "<Null>", "Status": "Not currently targeted", "Occupancy Status": "<Null>", "DMS Data Parcel": "<Null>", "Owner": "LOUIS RIVER LLC", "Parcel": 98873 }, "geometry": { "type": "Point", "coordinates": [ -90.25586, 38.58946 ] } },
{ "type": "Feature", "properties": { "OBJECTID *": 287, "Shape": "Point", "longitude": -90.230509, "latitude": 38.585638, "Agency": "<Null>", "Counsel": "<Null>", "Address": "3830 IOWA AV", "Address (Matching)": "<Null>", "State": "<Null>", "City": "<Null>", "Status of Case": "<Null>", "Back Taxes and Fees": "Classified as vacant by STL.", "Violations as of March 2026": "Most recent: 4/3/2026 (Violation)", "Narrative": "<Null>", "Notes": "<Null>", "Type/Units": "<Null>", "Developer": "<Null>", "Opposing Contacts": "<Null>", "Status": "Not currently targeted", "Occupancy Status": "<Null>", "DMS Data Parcel": "<Null>", "Owner": "KATONA", "Parcel": 43686 }, "geometry": { "type": "Point", "coordinates": [ -90.23051, 38.58564 ] } },
{ "type": "Feature", "properties": { "OBJECTID *": 288, "Shape": "Point", "longitude": -90.243785, "latitude": 38.578885, "Agency": "<Null>", "Counsel": "<Null>", "Address": "3517 BINGHAM AV", "Address (Matching)": "<Null>", "State": "<Null>", "City": "<Null>", "Status of Case": "<Null>", "Back Taxes and Fees": "Classified as vacant by STL. 1", "Violations as of March 2026": "Most recent: 3/16/2026 (Violation)", "Narrative": "<Null>", "Notes": "<Null>", "Type/Units": "<Null>", "Developer": "<Null>", "Opposing Contacts": "<Null>", "Status": "Not currently targeted", "Occupancy Status": "<Null>", "DMS Data Parcel": "<Null>", "Owner": "BINGHAM ACQUISITION LLC", "Parcel": 12129 }, "geometry": { "type": "Point", "coordinates": [ -90.24379, 38.57888 ] } },
{ "type": "Feature", "properties": { "OBJECTID *": 289, "Shape": "Point", "longitude": -90.241598, "latitude": 38.576058, "Agency": "<Null>", "Counsel": "<Null>", "Address": "3221 N DAKOTA ST", "Address (Matching)": "<Null>", "State": "<Null>", "City": "<Null>", "Status of Case": "<Null>", "Back Taxes and Fees": "Classified as vacant by STL.", "Violations as of March 2026": "Most recent: 9/27/2025 (CSB)", "Narrative": "<Null>", "Notes": "<Null>", "Type/Units": "<Null>", "Developer": "<Null>", "Opposing Contacts": "<Null>", "Status": "Not currently targeted", "Occupancy Status": "<Null>", "DMS Data Parcel": "<Null>", "Owner": "PARKER", "Parcel": 28833 }, "geometry": { "type": "Point", "coordinates": [ -90.2416, 38.57606 ] } },
{ "type": "Feature", "properties": { "OBJECTID *": 290, "Shape": "Point", "longitude": -90.237725, "latitude": 38.585657, "Agency": "<Null>", "Counsel": "<Null>", "Address": "3129 KEOKUK ST", "Address (Matching)": "<Null>", "State": "<Null>", "City": "<Null>", "Status of Case": "<Null>", "Back Taxes and Fees": "Classified as vacant by STL.", "Violations as of March 2026": "Most recent: 11/20/2025 (CSB)", "Narrative": "<Null>", "Notes": "<Null>", "Type/Units": "<Null>", "Developer": "<Null>", "Opposing Contacts": "<Null>", "Status": "Not currently targeted", "Occupancy Status": "<Null>", "DMS Data Parcel": "<Null>", "Owner": "BRAVO RCJC LLC", "Parcel": 131584 }, "geometry": { "type": "Point", "coordinates": [ -90.23772, 38.58566 ] } },
{ "type": "Feature", "properties": { "OBJECTID *": 291, "Shape": "Point", "longitude": -90.237725, "latitude": 38.585657, "Agency": "<Null>", "Counsel": "<Null>", "Address": "3131 KEOKUK ST", "Address (Matching)": "<Null>", "State": "<Null>", "City": "<Null>", "Status of Case": "<Null>", "Back Taxes and Fees": "Classified as vacant by STL.", "Violations as of March 2026": "Most recent: 11/20/2025 (CSB)", "Narrative": "<Null>", "Notes": "<Null>", "Type/Units": "<Null>", "Developer": "<Null>", "Opposing Contacts": "<Null>", "Status": "Not currently targeted", "Occupancy Status": "<Null>", "DMS Data Parcel": "<Null>", "Owner": "BRACO RCJC LLC", "Parcel": 131584 }, "geometry": { "type": "Point", "coordinates": [ -90.23772, 38.58566 ] } },
{ "type": "Feature", "properties": { "OBJECTID *": 292, "Shape": "Point", "longitude": -90.238881, "latitude": 38.584694, "Agency": "<Null>", "Counsel": "<Null>", "Address": "3936 S COMPTON AV", "Address (Matching)": "<Null>", "State": "<Null>", "City": "<Null>", "Status of Case": "<Null>", "Back Taxes and Fees": "Classified as vacant by STL.", "Violations as of March 2026": "Most recent: 2/24/2026 (Inspection)", "Narrative": "<Null>", "Notes": "<Null>", "Type/Units": "<Null>", "Developer": "<Null>", "Opposing Contacts": "<Null>", "Status": "Not currently targeted", "Occupancy Status": "<Null>", "DMS Data Parcel": "<Null>", "Owner": "JOHNSON", "Parcel": 123460 }, "geometry": { "type": "Point", "coordinates": [ -90.23888, 38.58469 ] } },
{ "type": "Feature", "properties": { "OBJECTID *": 293, "Shape": "Point", "longitude": -90.241726, "latitude": 38.586173, "Agency": "<Null>", "Counsel": "<Null>", "Address": "3417 KEOKUK ST", "Address (Matching)": "<Null>", "State": "<Null>", "City": "<Null>", "Status of Case": "<Null>", "Back Taxes and Fees": "Classified as vacant by STL.", "Violations as of March 2026": "Most recent: 6/15/2023 (Violation)", "Narrative": "<Null>", "Notes": "<Null>", "Type/Units": "<Null>", "Developer": "<Null>", "Opposing Contacts": "<Null>", "Status": "Not currently targeted", "Occupancy Status": "<Null>", "DMS Data Parcel": "<Null>", "Owner": "DUAD", "Parcel": 63645 }, "geometry": { "type": "Point", "coordinates": [ -90.24173, 38.58617 ] } },
{ "type": "Feature", "properties": { "OBJECTID *": 294, "Shape": "Point", "longitude": -90.241081, "latitude": 38.586997, "Agency": "<Null>", "Counsel": "<Null>", "Address": "3405 DUNNICA AV", "Address (Matching)": "<Null>", "State": "<Null>", "City": "<Null>", "Status of Case": "<Null>", "Back Taxes and Fees": "Classified as vacant by STL.", "Violations as of March 2026": "Most recent: 1/26/2025 (CSB)", "Narrative": "<Null>", "Notes": "<Null>", "Type/Units": "<Null>", "Developer": "<Null>", "Opposing Contacts": "<Null>", "Status": "Not currently targeted", "Occupancy Status": "<Null>", "DMS Data Parcel": "<Null>", "Owner": "HAWKINS", "Parcel": 93774 }, "geometry": { "type": "Point", "coordinates": [ -90.24108, 38.587 ] } },
{ "type": "Feature", "properties": { "OBJECTID *": 295, "Shape": "Point", "longitude": -90.242468, "latitude": 38.586264, "Agency": "<Null>", "Counsel": "<Null>", "Address": "3441 KEOKUK ST", "Address (Matching)": "<Null>", "State": "<Null>", "City": "<Null>", "Status of Case": "<Null>", "Back Taxes and Fees": "Classified as vacant by STL.", "Violations as of March 2026": "Most recent: 5/31/2022 (Violation)", "Narrative": "<Null>", "Notes": "<Null>", "Type/Units": "<Null>", "Developer": "<Null>", "Opposing Contacts": "<Null>", "Status": "Not currently targeted", "Occupancy Status": "<Null>", "DMS Data Parcel": "<Null>", "Owner": "HILL", "Parcel": 80593 }, "geometry": { "type": "Point", "coordinates": [ -90.24247, 38.58626 ] } },
{ "type": "Feature", "properties": { "OBJECTID *": 296, "Shape": "Point", "longitude": -90.240678, "latitude": 38.587079, "Agency": "<Null>", "Counsel": "<Null>", "Address": "3824 LOUISIANA AV", "Address (Matching)": "<Null>", "State": "<Null>", "City": "<Null>", "Status of Case": "<Null>", "Back Taxes and Fees": "Classified as vacant by STL.", "Violations as of March 2026": "Most recent: 12/16/2024 (Inspection)", "Narrative": "<Null>", "Notes": "<Null>", "Type/Units": "<Null>", "Developer": "<Null>", "Opposing Contacts": "<Null>", "Status": "Not currently targeted", "Occupancy Status": "<Null>", "DMS Data Parcel": "<Null>", "Owner": "NORFOLK", "Parcel": 125457 }, "geometry": { "type": "Point", "coordinates": [ -90.24068, 38.58708 ] } },
{ "type": "Feature", "properties": { "OBJECTID *": 297, "Shape": "Point", "longitude": -90.238172, "latitude": 38.585715, "Agency": "<Null>", "Counsel": "<Null>", "Address": "3143 KEOKUK ST", "Address (Matching)": "<Null>", "State": "<Null>", "City": "<Null>", "Status of Case": "<Null>", "Back Taxes and Fees": "Classified as vacant by STL.", "Violations as of March 2026": "Most recent: 10/4/2024 (Violation)", "Narrative": "<Null>", "Notes": "<Null>", "Type/Units": "<Null>", "Developer": "<Null>", "Opposing Contacts": "<Null>", "Status": "Not currently targeted", "Occupancy Status": "<Null>", "DMS Data Parcel": "<Null>", "Owner": "JOHNSON", "Parcel": 80597 }, "geometry": { "type": "Point", "coordinates": [ -90.23817, 38.58572 ] } },
{ "type": "Feature", "properties": { "OBJECTID *": 298, "Shape": "Point", "longitude": -90.238658, "latitude": 38.587565, "Agency": "<Null>", "Counsel": "<Null>", "Address": "3204 CHIPPEWA ST", "Address (Matching)": "<Null>", "State": "<Null>", "City": "<Null>", "Status of Case": "<Null>", "Back Taxes and Fees": "Classified as vacant by STL.", "Violations as of March 2026": "Most recent: 1/9/2026 (CSB)", "Narrative": "<Null>", "Notes": "<Null>", "Type/Units": "<Null>", "Developer": "<Null>", "Opposing Contacts": "<Null>", "Status": "Not currently targeted", "Occupancy Status": "<Null>", "DMS Data Parcel": "<Null>", "Owner": "ELINSKI", "Parcel": 45456 }, "geometry": { "type": "Point", "coordinates": [ -90.23866, 38.58756 ] } },
{ "type": "Feature", "properties": { "OBJECTID *": 299, "Shape": "Point", "longitude": -90.229419, "latitude": 38.585629, "Agency": "<Null>", "Counsel": "<Null>", "Address": "3825 OHIO AV", "Address (Matching)": "<Null>", "State": "<Null>", "City": "<Null>", "Status of Case": "<Null>", "Back Taxes and Fees": "Classified as vacant by STL.", "Violations as of March 2026": "Most recent: 10/11/2023 (Inspection)", "Narrative": "<Null>", "Notes": "<Null>", "Type/Units": "<Null>", "Developer": "<Null>", "Opposing Contacts": "<Null>", "Status": "Not currently targeted", "Occupancy Status": "<Null>", "DMS Data Parcel": "<Null>", "Owner": "118-02 LA LLC SERIES 3", "Parcel": 48789 }, "geometry": { "type": "Point", "coordinates": [ -90.22942, 38.58563 ] } },
{ "type": "Feature", "properties": { "OBJECTID *": 300, "Shape": "Point", "longitude": -90.235662, "latitude": 38.587169, "Agency": "<Null>", "Counsel": "<Null>", "Address": "3016 CHIPPEWA ST", "Address (Matching)": "<Null>", "State": "<Null>", "City": "<Null>", "Status of Case": "<Null>", "Back Taxes and Fees": "Classified as vacant by STL.", "Violations as of March 2026": "Most recent: 3/16/2026 (Inspection)", "Narrative": "<Null>", "Notes": "<Null>", "Type/Units": "<Null>", "Developer": "<Null>", "Opposing Contacts": "<Null>", "Status": "Not currently targeted", "Occupancy Status": "<Null>", "DMS Data Parcel": "<Null>", "Owner": "DECAILLE", "Parcel": 26225 }, "geometry": { "type": "Point", "coordinates": [ -90.23566, 38.58717 ] } },
{ "type": "Feature", "properties": { "OBJECTID *": 301, "Shape": "Point", "longitude": -90.232764, "latitude": 38.585046, "Agency": "<Null>", "Counsel": "<Null>", "Address": "2823 KEOKUK ST", "Address (Matching)": "<Null>", "State": "<Null>", "City": "<Null>", "Status of Case": "<Null>", "Back Taxes and Fees": "Classified as vacant by STL.", "Violations as of March 2026": "Most recent: 5/27/2024 (Violation)", "Narrative": "<Null>", "Notes": "<Null>", "Type/Units": "<Null>", "Developer": "<Null>", "Opposing Contacts": "<Null>", "Status": "Not currently targeted", "Occupancy Status": "<Null>", "DMS Data Parcel": "<Null>", "Owner": "GOMEZ", "Parcel": 91345 }, "geometry": { "type": "Point", "coordinates": [ -90.23276, 38.58505 ] } },
{ "type": "Feature", "properties": { "OBJECTID *": 302, "Shape": "Point", "longitude": -90.232694, "latitude": 38.584981, "Agency": "<Null>", "Counsel": "<Null>", "Address": "2820 KEOKUK ST", "Address (Matching)": "<Null>", "State": "<Null>", "City": "<Null>", "Status of Case": "<Null>", "Back Taxes and Fees": "Classified as vacant by STL.", "Violations as of March 2026": "Most recent: 12/12/2023 (Violation)", "Narrative": "<Null>", "Notes": "<Null>", "Type/Units": "<Null>", "Developer": "<Null>", "Opposing Contacts": "<Null>", "Status": "Not currently targeted", "Occupancy Status": "<Null>", "DMS Data Parcel": "<Null>", "Owner": "CAMACHO", "Parcel": 4248 }, "geometry": { "type": "Point", "coordinates": [ -90.23269, 38.58498 ] } },
{ "type": "Feature", "properties": { "OBJECTID *": 303, "Shape": "Point", "longitude": -90.234421, "latitude": 38.5838, "Agency": "<Null>", "Counsel": "<Null>", "Address": "3950 NEBRASKA AV", "Address (Matching)": "<Null>", "State": "<Null>", "City": "<Null>", "Status of Case": "<Null>", "Back Taxes and Fees": "Classified as vacant by STL.", "Violations as of March 2026": "Most recent: 8/5/2024 (CSB)", "Narrative": "<Null>", "Notes": "<Null>", "Type/Units": "<Null>", "Developer": "<Null>", "Opposing Contacts": "<Null>", "Status": "Not currently targeted", "Occupancy Status": "<Null>", "DMS Data Parcel": "<Null>", "Owner": "FLORES-GOMEZ", "Parcel": 96086 }, "geometry": { "type": "Point", "coordinates": [ -90.23442, 38.5838 ] } },
{ "type": "Feature", "properties": { "OBJECTID *": 304, "Shape": "Point", "longitude": -90.234316, "latitude": 38.58458, "Agency": "<Null>", "Counsel": "<Null>", "Address": "3919 NEBRASKA AV", "Address (Matching)": "<Null>", "State": "<Null>", "City": "<Null>", "Status of Case": "<Null>", "Back Taxes and Fees": "Classified as vacant by STL.", "Violations as of March 2026": "Most recent: 7/28/2025 (CSB)", "Narrative": "<Null>", "Notes": "<Null>", "Type/Units": "<Null>", "Developer": "<Null>", "Opposing Contacts": "<Null>", "Status": "Not currently targeted", "Occupancy Status": "<Null>", "DMS Data Parcel": "<Null>", "Owner": "HUNN", "Parcel": 122496 }, "geometry": { "type": "Point", "coordinates": [ -90.23432, 38.58458 ] } },
{ "type": "Feature", "properties": { "OBJECTID *": 305, "Shape": "Point", "longitude": -90.233158, "latitude": 38.584546, "Agency": "<Null>", "Counsel": "<Null>", "Address": "3915 OREGON AV", "Address (Matching)": "<Null>", "State": "<Null>", "City": "<Null>", "Status of Case": "<Null>", "Back Taxes and Fees": "Classified as vacant by STL.", "Violations as of March 2026": "Most recent: 6/6/2024 (Violation)", "Narrative": "<Null>", "Notes": "<Null>", "Type/Units": "<Null>", "Developer": "<Null>", "Opposing Contacts": "<Null>", "Status": "Not currently targeted", "Occupancy Status": "<Null>", "DMS Data Parcel": "<Null>", "Owner": "MID TOWN PROPERTIES LLC C/O NASEER LLC", "Parcel": 80724 }, "geometry": { "type": "Point", "coordinates": [ -90.23316, 38.58455 ] } },
{ "type": "Feature", "properties": { "OBJECTID *": 306, "Shape": "Point", "longitude": -90.237781, "latitude": 38.584493, "Agency": "<Null>", "Counsel": "<Null>", "Address": "3938 MICHIGAN AV", "Address (Matching)": "<Null>", "State": "<Null>", "City": "<Null>", "Status of Case": "<Null>", "Back Taxes and Fees": "Classified as vacant by STL.", "Violations as of March 2026": "Most recent: 5/31/2023 (CSB)", "Narrative": "<Null>", "Notes": "<Null>", "Type/Units": "<Null>", "Developer": "<Null>", "Opposing Contacts": "<Null>", "Status": "Not currently targeted", "Occupancy Status": "<Null>", "DMS Data Parcel": "<Null>", "Owner": "CALLOWAY", "Parcel": 80726 }, "geometry": { "type": "Point", "coordinates": [ -90.23778, 38.58449 ] } },
{ "type": "Feature", "properties": { "OBJECTID *": 307, "Shape": "Point", "longitude": -90.236109, "latitude": 38.585394, "Agency": "<Null>", "Counsel": "<Null>", "Address": "3018 KEOKUK ST", "Address (Matching)": "<Null>", "State": "<Null>", "City": "<Null>", "Status of Case": "<Null>", "Back Taxes and Fees": "Classified as vacant by STL. 1", "Violations as of March 2026": "Most recent: 7/19/2025 (CSB)", "Narrative": "<Null>", "Notes": "<Null>", "Type/Units": "<Null>", "Developer": "<Null>", "Opposing Contacts": "<Null>", "Status": "Not currently targeted", "Occupancy Status": "<Null>", "DMS Data Parcel": "<Null>", "Owner": "LUTHERAN DEVELOPMENT GROUP INC", "Parcel": 42647 }, "geometry": { "type": "Point", "coordinates": [ -90.23611, 38.58539 ] } },
{ "type": "Feature", "properties": { "OBJECTID *": 308, "Shape": "Point", "longitude": -90.232806, "latitude": 38.583201, "Agency": "<Null>", "Counsel": "<Null>", "Address": "2813 OSAGE ST", "Address (Matching)": "<Null>", "State": "<Null>", "City": "<Null>", "Status of Case": "<Null>", "Back Taxes and Fees": "Classified as vacant by STL.", "Violations as of March 2026": "Most recent: 3/21/2023 (CSB)", "Narrative": "<Null>", "Notes": "<Null>", "Type/Units": "<Null>", "Developer": "<Null>", "Opposing Contacts": "<Null>", "Status": "Not currently targeted", "Occupancy Status": "<Null>", "DMS Data Parcel": "<Null>", "Owner": "EBEGBODI", "Parcel": 39747 }, "geometry": { "type": "Point", "coordinates": [ -90.23281, 38.5832 ] } },
{ "type": "Feature", "properties": { "OBJECTID *": 309, "Shape": "Point", "longitude": -90.237659, "latitude": 38.585047, "Agency": "<Null>", "Counsel": "<Null>", "Address": "3918 MICHIGAN AV", "Address (Matching)": "<Null>", "State": "<Null>", "City": "<Null>", "Status of Case": "<Null>", "Back Taxes and Fees": "Classified as vacant by STL.", "Violations as of March 2026": "Most recent: 6/10/2024 (Inspection)", "Narrative": "<Null>", "Notes": "<Null>", "Type/Units": "<Null>", "Developer": "<Null>", "Opposing Contacts": "<Null>", "Status": "Not currently targeted", "Occupancy Status": "<Null>", "DMS Data Parcel": "<Null>", "Owner": "DARBA ESTATE LLC", "Parcel": 91911 }, "geometry": { "type": "Point", "coordinates": [ -90.23766, 38.58505 ] } },
{ "type": "Feature", "properties": { "OBJECTID *": 310, "Shape": "Point", "longitude": -90.234659, "latitude": 38.583449, "Agency": "<Null>", "Counsel": "<Null>", "Address": "2901 OSAGE ST", "Address (Matching)": "<Null>", "State": "<Null>", "City": "<Null>", "Status of Case": "<Null>", "Back Taxes and Fees": "Classified as vacant by STL.", "Violations as of March 2026": "Most recent: 8/11/2025 (CSB)", "Narrative": "<Null>", "Notes": "<Null>", "Type/Units": "<Null>", "Developer": "<Null>", "Opposing Contacts": "<Null>", "Status": "Not currently targeted", "Occupancy Status": "<Null>", "DMS Data Parcel": "<Null>", "Owner": "RUIZ", "Parcel": 3677 }, "geometry": { "type": "Point", "coordinates": [ -90.23466, 38.58345 ] } },
{ "type": "Feature", "properties": { "OBJECTID *": 311, "Shape": "Point", "longitude": -90.238226, "latitude": 38.585667, "Agency": "<Null>", "Counsel": "<Null>", "Address": "3150 KEOKUK ST", "Address (Matching)": "<Null>", "State": "<Null>", "City": "<Null>", "Status of Case": "<Null>", "Back Taxes and Fees": "Classified as vacant by STL.", "Violations as of March 2026": "Most recent: 8/29/2025 (CSB)", "Narrative": "<Null>", "Notes": "<Null>", "Type/Units": "<Null>", "Developer": "<Null>", "Opposing Contacts": "<Null>", "Status": "Not currently targeted", "Occupancy Status": "<Null>", "DMS Data Parcel": "<Null>", "Owner": "WILEY", "Parcel": 11735 }, "geometry": { "type": "Point", "coordinates": [ -90.23823, 38.58567 ] } },
{ "type": "Feature", "properties": { "OBJECTID *": 312, "Shape": "Point", "longitude": -90.237423, "latitude": 38.583792, "Agency": "<Null>", "Counsel": "<Null>", "Address": "3117 OSAGE ST", "Address (Matching)": "<Null>", "State": "<Null>", "City": "<Null>", "Status of Case": "<Null>", "Back Taxes and Fees": "Classified as vacant by STL.", "Violations as of March 2026": "Most recent: 6/17/2024 (Inspection)", "Narrative": "<Null>", "Notes": "<Null>", "Type/Units": "<Null>", "Developer": "<Null>", "Opposing Contacts": "<Null>", "Status": "Not currently targeted", "Occupancy Status": "<Null>", "DMS Data Parcel": "<Null>", "Owner": "MAALIM", "Parcel": 111317 }, "geometry": { "type": "Point", "coordinates": [ -90.23742, 38.58379 ] } },
{ "type": "Feature", "properties": { "OBJECTID *": 313, "Shape": "Point", "longitude": -90.243833, "latitude": 38.583673, "Agency": "<Null>", "Counsel": "<Null>", "Address": "3465 MONTANA ST", "Address (Matching)": "<Null>", "State": "<Null>", "City": "<Null>", "Status of Case": "<Null>", "Back Taxes and Fees": "Classified as vacant by STL.", "Violations as of March 2026": "Most recent: 8/25/2024 (CSB)", "Narrative": "<Null>", "Notes": "<Null>", "Type/Units": "<Null>", "Developer": "<Null>", "Opposing Contacts": "<Null>", "Status": "Not currently targeted", "Occupancy Status": "<Null>", "DMS Data Parcel": "<Null>", "Owner": "MENDEZ", "Parcel": 101384 }, "geometry": { "type": "Point", "coordinates": [ -90.24383, 38.58367 ] } },
{ "type": "Feature", "properties": { "OBJECTID *": 314, "Shape": "Point", "longitude": -90.242891, "latitude": 38.584484, "Agency": "<Null>", "Counsel": "<Null>", "Address": "3441 OSAGE ST", "Address (Matching)": "<Null>", "State": "<Null>", "City": "<Null>", "Status of Case": "<Null>", "Back Taxes and Fees": "Classified as vacant by STL.", "Violations as of March 2026": "Most recent: 4/9/2025 (Inspection)", "Narrative": "<Null>", "Notes": "<Null>", "Type/Units": "<Null>", "Developer": "<Null>", "Opposing Contacts": "<Null>", "Status": "Not currently targeted", "Occupancy Status": "<Null>", "DMS Data Parcel": "<Null>", "Owner": "SCOTT", "Parcel": 50947 }, "geometry": { "type": "Point", "coordinates": [ -90.24289, 38.58448 ] } },
{ "type": "Feature", "properties": { "OBJECTID *": 315, "Shape": "Point", "longitude": -90.23468, "latitude": 38.582872, "Agency": "<Null>", "Counsel": "<Null>", "Address": "4015 NEBRASKA AV", "Address (Matching)": "<Null>", "State": "<Null>", "City": "<Null>", "Status of Case": "<Null>", "Back Taxes and Fees": "Classified as vacant by STL.", "Violations as of March 2026": "Most recent: 3/15/2026 (CSB)", "Narrative": "<Null>", "Notes": "<Null>", "Type/Units": "<Null>", "Developer": "<Null>", "Opposing Contacts": "<Null>", "Status": "Not currently targeted", "Occupancy Status": "<Null>", "DMS Data Parcel": "<Null>", "Owner": "HORTON", "Parcel": 58573 }, "geometry": { "type": "Point", "coordinates": [ -90.23468, 38.58287 ] } },
{ "type": "Feature", "properties": { "OBJECTID *": 316, "Shape": "Point", "longitude": -90.242398, "latitude": 38.584364, "Agency": "<Null>", "Counsel": "<Null>", "Address": "3426 OSAGE ST", "Address (Matching)": "<Null>", "State": "<Null>", "City": "<Null>", "Status of Case": "<Null>", "Back Taxes and Fees": "Classified as vacant by STL. 1", "Violations as of March 2026": "Most recent: 7/10/2021 (CSB)", "Narrative": "<Null>", "Notes": "<Null>", "Type/Units": "<Null>", "Developer": "<Null>", "Opposing Contacts": "<Null>", "Status": "Not currently targeted", "Occupancy Status": "<Null>", "DMS Data Parcel": "<Null>", "Owner": "E-Z GOING INVESTMENTS INC", "Parcel": 77963 }, "geometry": { "type": "Point", "coordinates": [ -90.2424, 38.58436 ] } },
{ "type": "Feature", "properties": { "OBJECTID *": 317, "Shape": "Point", "longitude": -90.232582, "latitude": 38.582654, "Agency": "<Null>", "Counsel": "<Null>", "Address": "4021 CALIFORNIA AV", "Address (Matching)": "<Null>", "State": "<Null>", "City": "<Null>", "Status of Case": "<Null>", "Back Taxes and Fees": "Classified as vacant by STL. 1", "Violations as of March 2026": "Most recent: 4/29/2025 (CSB)", "Narrative": "<Null>", "Notes": "<Null>", "Type/Units": "<Null>", "Developer": "<Null>", "Opposing Contacts": "<Null>", "Status": "Not currently targeted", "Occupancy Status": "<Null>", "DMS Data Parcel": "<Null>", "Owner": "MASMAH LLC", "Parcel": 18725 }, "geometry": { "type": "Point", "coordinates": [ -90.23258, 38.58265 ] } },
{ "type": "Feature", "properties": { "OBJECTID *": 318, "Shape": "Point", "longitude": -90.235308, "latitude": 38.581685, "Agency": "<Null>", "Counsel": "<Null>", "Address": "2911 GASCONADE ST", "Address (Matching)": "<Null>", "State": "<Null>", "City": "<Null>", "Status of Case": "<Null>", "Back Taxes and Fees": "Classified as vacant by STL.", "Violations as of March 2026": "Most recent: 4/20/2024 (Inspection)", "Narrative": "<Null>", "Notes": "<Null>", "Type/Units": "<Null>", "Developer": "<Null>", "Opposing Contacts": "<Null>", "Status": "Not currently targeted", "Occupancy Status": "<Null>", "DMS Data Parcel": "<Null>", "Owner": "NEXUS HOME INVESTMENTS LLC", "Parcel": 77678 }, "geometry": { "type": "Point", "coordinates": [ -90.23531, 38.58169 ] } },
{ "type": "Feature", "properties": { "OBJECTID *": 319, "Shape": "Point", "longitude": -90.236224, "latitude": 38.583601, "Agency": "<Null>", "Counsel": "<Null>", "Address": "3012 OSAGE ST", "Address (Matching)": "<Null>", "State": "<Null>", "City": "<Null>", "Status of Case": "<Null>", "Back Taxes and Fees": "Classified as vacant by STL.", "Violations as of March 2026": "Most recent: 4/1/2024 (CSB)", "Narrative": "<Null>", "Notes": "<Null>", "Type/Units": "<Null>", "Developer": "<Null>", "Opposing Contacts": "<Null>", "Status": "Not currently targeted", "Occupancy Status": "<Null>", "DMS Data Parcel": "<Null>", "Owner": "MAGUIRE", "Parcel": 3374 }, "geometry": { "type": "Point", "coordinates": [ -90.23622, 38.5836 ] } },
{ "type": "Feature", "properties": { "OBJECTID *": 320, "Shape": "Point", "longitude": -90.23343, "latitude": 38.581456, "Agency": "<Null>", "Counsel": "<Null>", "Address": "2821 GASCONADE ST", "Address (Matching)": "<Null>", "State": "<Null>", "City": "<Null>", "Status of Case": "<Null>", "Back Taxes and Fees": "Classified as vacant by STL.", "Violations as of March 2026": "Most recent: 7/17/2025 (CSB)", "Narrative": "<Null>", "Notes": "<Null>", "Type/Units": "<Null>", "Developer": "<Null>", "Opposing Contacts": "<Null>", "Status": "Not currently targeted", "Occupancy Status": "<Null>", "DMS Data Parcel": "<Null>", "Owner": "VANDELAY LLC", "Parcel": 53219 }, "geometry": { "type": "Point", "coordinates": [ -90.23343, 38.58146 ] } },
{ "type": "Feature", "properties": { "OBJECTID *": 321, "Shape": "Point", "longitude": -90.232358, "latitude": 38.582395, "Agency": "<Null>", "Counsel": "<Null>", "Address": "4022 CALIFORNIA AV", "Address (Matching)": "<Null>", "State": "<Null>", "City": "<Null>", "Status of Case": "<Null>", "Back Taxes and Fees": "Classified as vacant by STL.", "Violations as of March 2026": "Most recent: 2/24/2026 (Inspection)", "Narrative": "<Null>", "Notes": "<Null>", "Type/Units": "<Null>", "Developer": "<Null>", "Opposing Contacts": "<Null>", "Status": "Not currently targeted", "Occupancy Status": "<Null>", "DMS Data Parcel": "<Null>", "Owner": "BRICKYARD PROPERTIES & DEVELOPMENT LLC", "Parcel": 77964 }, "geometry": { "type": "Point", "coordinates": [ -90.23236, 38.58239 ] } },
{ "type": "Feature", "properties": { "OBJECTID *": 322, "Shape": "Point", "longitude": -90.233954, "latitude": 38.580479, "Agency": "<Null>", "Counsel": "<Null>", "Address": "4132 OREGON AV", "Address (Matching)": "<Null>", "State": "<Null>", "City": "<Null>", "Status of Case": "<Null>", "Back Taxes and Fees": "Classified as vacant by STL.", "Violations as of March 2026": "Most recent: 4/6/2026 (Violation)", "Narrative": "<Null>", "Notes": "<Null>", "Type/Units": "<Null>", "Developer": "<Null>", "Opposing Contacts": "<Null>", "Status": "Not currently targeted", "Occupancy Status": "<Null>", "DMS Data Parcel": "<Null>", "Owner": "WILIAMS", "Parcel": 79149 }, "geometry": { "type": "Point", "coordinates": [ -90.23395, 38.58048 ] } },
{ "type": "Feature", "properties": { "OBJECTID *": 323, "Shape": "Point", "longitude": -90.244768, "latitude": 38.576403, "Agency": "<Null>", "Counsel": "<Null>", "Address": "4507 LOUISIANA AV", "Address (Matching)": "<Null>", "State": "<Null>", "City": "<Null>", "Status of Case": "<Null>", "Back Taxes and Fees": "Classified as vacant by STL.", "Violations as of March 2026": "Most recent: 3/20/2026 (Violation)", "Narrative": "<Null>", "Notes": "<Null>", "Type/Units": "<Null>", "Developer": "<Null>", "Opposing Contacts": "<Null>", "Status": "Not currently targeted", "Occupancy Status": "<Null>", "DMS Data Parcel": "<Null>", "Owner": "ELEVATE THE FUTURE LLC", "Parcel": 124761 }, "geometry": { "type": "Point", "coordinates": [ -90.24477, 38.5764 ] } },
{ "type": "Feature", "properties": { "OBJECTID *": 324, "Shape": "Point", "longitude": -90.242019, "latitude": 38.571434, "Agency": "<Null>", "Counsel": "<Null>", "Address": "3204 ITASKA ST", "Address (Matching)": "<Null>", "State": "<Null>", "City": "<Null>", "Status of Case": "<Null>", "Back Taxes and Fees": "Classified as vacant by STL.", "Violations as of March 2026": "Most recent: 9/24/2024 (Inspection)", "Narrative": "<Null>", "Notes": "<Null>", "Type/Units": "<Null>", "Developer": "<Null>", "Opposing Contacts": "<Null>", "Status": "Not currently targeted", "Occupancy Status": "<Null>", "DMS Data Parcel": "<Null>", "Owner": "CALLEY PROPERTIES LLC", "Parcel": 91298 }, "geometry": { "type": "Point", "coordinates": [ -90.24202, 38.57143 ] } },
{ "type": "Feature", "properties": { "OBJECTID *": 325, "Shape": "Point", "longitude": -90.24577, "latitude": 38.573327, "Agency": "<Null>", "Counsel": "<Null>", "Address": "4676 ALASKA AV", "Address (Matching)": "<Null>", "State": "<Null>", "City": "<Null>", "Status of Case": "<Null>", "Back Taxes and Fees": "Classified as vacant by STL.", "Violations as of March 2026": "Most recent: 1/26/2026 (CSB)", "Narrative": "<Null>", "Notes": "<Null>", "Type/Units": "<Null>", "Developer": "<Null>", "Opposing Contacts": "<Null>", "Status": "Not currently targeted", "Occupancy Status": "<Null>", "DMS Data Parcel": "<Null>", "Owner": "JACKSON", "Parcel": 23726 }, "geometry": { "type": "Point", "coordinates": [ -90.24577, 38.57333 ] } },
{ "type": "Feature", "properties": { "OBJECTID *": 326, "Shape": "Point", "longitude": -90.245977, "latitude": 38.573546, "Agency": "<Null>", "Counsel": "<Null>", "Address": "4663 ALASKA AV", "Address (Matching)": "<Null>", "State": "<Null>", "City": "<Null>", "Status of Case": "<Null>", "Back Taxes and Fees": "Classified as vacant by STL.", "Violations as of March 2026": "Most recent: 8/2/2025 (CSB)", "Narrative": "<Null>", "Notes": "<Null>", "Type/Units": "<Null>", "Developer": "<Null>", "Opposing Contacts": "<Null>", "Status": "Not currently targeted", "Occupancy Status": "<Null>", "DMS Data Parcel": "<Null>", "Owner": "DLDDMB LLC", "Parcel": 91685 }, "geometry": { "type": "Point", "coordinates": [ -90.24598, 38.57355 ] } },
{ "type": "Feature", "properties": { "OBJECTID *": 327, "Shape": "Point", "longitude": -90.241218, "latitude": 38.573953, "Agency": "<Null>", "Counsel": "<Null>", "Address": "4537 S COMPTON AV", "Address (Matching)": "<Null>", "State": "<Null>", "City": "<Null>", "Status of Case": "<Null>", "Back Taxes and Fees": "Classified as vacant by STL.", "Violations as of March 2026": "Most recent: 4/3/2024 (CSB)", "Narrative": "<Null>", "Notes": "<Null>", "Type/Units": "<Null>", "Developer": "<Null>", "Opposing Contacts": "<Null>", "Status": "Not currently targeted", "Occupancy Status": "<Null>", "DMS Data Parcel": "<Null>", "Owner": "ICONIKA HOLDINGS INC", "Parcel": 125519 }, "geometry": { "type": "Point", "coordinates": [ -90.24122, 38.57395 ] } },
{ "type": "Feature", "properties": { "OBJECTID *": 328, "Shape": "Point", "longitude": -90.245899, "latitude": 38.572835, "Agency": "<Null>", "Counsel": "<Null>", "Address": "3425 ITASKA ST", "Address (Matching)": "<Null>", "State": "<Null>", "City": "<Null>", "Status of Case": "<Null>", "Back Taxes and Fees": "Classified as vacant by STL.", "Violations as of March 2026": "Most recent: 11/27/2024 (Violation)", "Narrative": "<Null>", "Notes": "<Null>", "Type/Units": "<Null>", "Developer": "<Null>", "Opposing Contacts": "<Null>", "Status": "Not currently targeted", "Occupancy Status": "<Null>", "DMS Data Parcel": "<Null>", "Owner": "MOCTEZUMA", "Parcel": 85494 }, "geometry": { "type": "Point", "coordinates": [ -90.2459, 38.57283 ] } },
{ "type": "Feature", "properties": { "OBJECTID *": 329, "Shape": "Point", "longitude": -90.245468, "latitude": 38.57198, "Agency": "<Null>", "Counsel": "<Null>", "Address": "4711 IDAHO AV", "Address (Matching)": "<Null>", "State": "<Null>", "City": "<Null>", "Status of Case": "<Null>", "Back Taxes and Fees": "Classified as vacant by STL.", "Violations as of March 2026": "Most recent: 1/27/2025 (Inspection)", "Narrative": "<Null>", "Notes": "<Null>", "Type/Units": "<Null>", "Developer": "<Null>", "Opposing Contacts": "<Null>", "Status": "Not currently targeted", "Occupancy Status": "<Null>", "DMS Data Parcel": "<Null>", "Owner": "OGHRE-IKANONE", "Parcel": 99270 }, "geometry": { "type": "Point", "coordinates": [ -90.24547, 38.57198 ] } },
{ "type": "Feature", "properties": { "OBJECTID *": 330, "Shape": "Point", "longitude": -90.246101, "latitude": 38.57288, "Agency": "<Null>", "Counsel": "<Null>", "Address": "3428 ITASKA ST", "Address (Matching)": "<Null>", "State": "<Null>", "City": "<Null>", "Status of Case": "<Null>", "Back Taxes and Fees": "Classified as vacant by STL.", "Violations as of March 2026": "Most recent: 6/10/2025 (CSB)", "Narrative": "<Null>", "Notes": "<Null>", "Type/Units": "<Null>", "Developer": "<Null>", "Opposing Contacts": "<Null>", "Status": "Not currently targeted", "Occupancy Status": "<Null>", "DMS Data Parcel": "<Null>", "Owner": "YAGHMAN", "Parcel": 94220 }, "geometry": { "type": "Point", "coordinates": [ -90.2461, 38.57288 ] } },
{ "type": "Feature", "properties": { "OBJECTID *": 331, "Shape": "Point", "longitude": -90.244595, "latitude": 38.572084, "Agency": "<Null>", "Counsel": "<Null>", "Address": "3320 ITASKA ST", "Address (Matching)": "<Null>", "State": "<Null>", "City": "<Null>", "Status of Case": "<Null>", "Back Taxes and Fees": "Classified as vacant by STL.", "Violations as of March 2026": "Most recent: 9/3/2025 (CSB)", "Narrative": "<Null>", "Notes": "<Null>", "Type/Units": "<Null>", "Developer": "<Null>", "Opposing Contacts": "<Null>", "Status": "Not currently targeted", "Occupancy Status": "<Null>", "DMS Data Parcel": "<Null>", "Owner": "SFR3-040 LLC", "Parcel": 124655 }, "geometry": { "type": "Point", "coordinates": [ -90.2446, 38.57208 ] } },
{ "type": "Feature", "properties": { "OBJECTID *": 332, "Shape": "Point", "longitude": -90.242099, "latitude": 38.573374, "Agency": "<Null>", "Counsel": "<Null>", "Address": "3219 MOUNT PLEASANT ST", "Address (Matching)": "<Null>", "State": "<Null>", "City": "<Null>", "Status of Case": "<Null>", "Back Taxes and Fees": "Classified as vacant by STL.", "Violations as of March 2026": "Most recent: 7/30/2025 (CSB)", "Narrative": "<Null>", "Notes": "<Null>", "Type/Units": "<Null>", "Developer": "<Null>", "Opposing Contacts": "<Null>", "Status": "Not currently targeted", "Occupancy Status": "<Null>", "DMS Data Parcel": "<Null>", "Owner": "POOR", "Parcel": 2883 }, "geometry": { "type": "Point", "coordinates": [ -90.2421, 38.57337 ] } },
{ "type": "Feature", "properties": { "OBJECTID *": 333, "Shape": "Point", "longitude": -90.248052, "latitude": 38.586618, "Agency": "<Null>", "Counsel": "<Null>", "Address": "3718 KEOKUK ST", "Address (Matching)": "<Null>", "State": "<Null>", "City": "<Null>", "Status of Case": "<Null>", "Back Taxes and Fees": "Classified as vacant by STL.", "Violations as of March 2026": "Most recent: 3/30/2026 (Violation)", "Narrative": "<Null>", "Notes": "<Null>", "Type/Units": "<Null>", "Developer": "<Null>", "Opposing Contacts": "<Null>", "Status": "Not currently targeted", "Occupancy Status": "<Null>", "DMS Data Parcel": "<Null>", "Owner": "TRAN", "Parcel": 88524 }, "geometry": { "type": "Point", "coordinates": [ -90.24805, 38.58662 ] } },
{ "type": "Feature", "properties": { "OBJECTID *": 334, "Shape": "Point", "longitude": -90.232007, "latitude": 38.584128, "Agency": "<Null>", "Counsel": "<Null>", "Address": "3926 CALIFORNIA AV", "Address (Matching)": "<Null>", "State": "<Null>", "City": "<Null>", "Status of Case": "<Null>", "Back Taxes and Fees": "Classified as vacant by STL.", "Violations as of March 2026": "Most recent: 10/17/2021 (CSB)", "Narrative": "<Null>", "Notes": "<Null>", "Type/Units": "<Null>", "Developer": "<Null>", "Opposing Contacts": "<Null>", "Status": "Not currently targeted", "Occupancy Status": "<Null>", "DMS Data Parcel": "<Null>", "Owner": "KENNEDY", "Parcel": 92882 }, "geometry": { "type": "Point", "coordinates": [ -90.23201, 38.58413 ] } },
{ "type": "Feature", "properties": { "OBJECTID *": 335, "Shape": "Point", "longitude": -90.252116, "latitude": 38.573143, "Agency": "<Null>", "Counsel": "<Null>", "Address": "5011 GRACE AV", "Address (Matching)": "<Null>", "State": "<Null>", "City": "<Null>", "Status of Case": "<Null>", "Back Taxes and Fees": "Classified as vacant by STL.", "Violations as of March 2026": "Most recent: 5/14/2025 (CSB)", "Narrative": "<Null>", "Notes": "<Null>", "Type/Units": "<Null>", "Developer": "<Null>", "Opposing Contacts": "<Null>", "Status": "Not currently targeted", "Occupancy Status": "<Null>", "DMS Data Parcel": "<Null>", "Owner": "CARRILLOS", "Parcel": 38508 }, "geometry": { "type": "Point", "coordinates": [ -90.25212, 38.57314 ] } },
{ "type": "Feature", "properties": { "OBJECTID *": 336, "Shape": "Point", "longitude": -90.235056, "latitude": 38.581065, "Agency": "<Null>", "Counsel": "<Null>", "Address": "4115 NEBRASKA AV", "Address (Matching)": "<Null>", "State": "<Null>", "City": "<Null>", "Status of Case": "<Null>", "Back Taxes and Fees": "Classified as vacant by STL.", "Violations as of March 2026": "Most recent: 5/18/2026 (Violation)", "Narrative": "<Null>", "Notes": "<Null>", "Type/Units": "<Null>", "Developer": "<Null>", "Opposing Contacts": "<Null>", "Status": "Not currently targeted", "Occupancy Status": "<Null>", "DMS Data Parcel": "<Null>", "Owner": "NOONAN", "Parcel": 59068 }, "geometry": { "type": "Point", "coordinates": [ -90.23506, 38.58107 ] } },
{ "type": "Feature", "properties": { "OBJECTID *": 337, "Shape": "Point", "longitude": -90.235101, "latitude": 38.586149, "Agency": "<Null>", "Counsel": "<Null>", "Address": "3832 PENNSYLVANIA AV", "Address (Matching)": "<Null>", "State": "<Null>", "City": "<Null>", "Status of Case": "<Null>", "Back Taxes and Fees": "Classified as vacant by STL.", "Violations as of March 2026": "Most recent: 5/2/2024 (Violation)", "Narrative": "<Null>", "Notes": "<Null>", "Type/Units": "<Null>", "Developer": "<Null>", "Opposing Contacts": "<Null>", "Status": "Not currently targeted", "Occupancy Status": "<Null>", "DMS Data Parcel": "<Null>", "Owner": "MACK", "Parcel": 42769 }, "geometry": { "type": "Point", "coordinates": [ -90.2351, 38.58615 ] } },
{ "type": "Feature", "properties": { "OBJECTID *": 338, "Shape": "Point", "longitude": -90.249059, "latitude": 38.58884, "Agency": "<Null>", "Counsel": "<Null>", "Address": "3760 CHIPPEWA ST", "Address (Matching)": "<Null>", "State": "<Null>", "City": "<Null>", "Status of Case": "<Null>", "Back Taxes and Fees": "Classified as vacant by STL.", "Violations as of March 2026": "Most recent: 1/8/2026 (CSB)", "Narrative": "<Null>", "Notes": "<Null>", "Type/Units": "<Null>", "Developer": "<Null>", "Opposing Contacts": "<Null>", "Status": "Not currently targeted", "Occupancy Status": "<Null>", "DMS Data Parcel": "<Null>", "Owner": "YEE", "Parcel": 86578 }, "geometry": { "type": "Point", "coordinates": [ -90.24906, 38.58884 ] } },
{ "type": "Feature", "properties": { "OBJECTID *": 339, "Shape": "Point", "longitude": -90.237397, "latitude": 38.580713, "Agency": "<Null>", "Counsel": "<Null>", "Address": "4142 MINNESOTA AV", "Address (Matching)": "<Null>", "State": "<Null>", "City": "<Null>", "Status of Case": "<Null>", "Back Taxes and Fees": "Classified as vacant by STL.", "Violations as of March 2026": "Most recent: 3/25/2025 (CSB)", "Narrative": "<Null>", "Notes": "<Null>", "Type/Units": "<Null>", "Developer": "<Null>", "Opposing Contacts": "<Null>", "Status": "Not currently targeted", "Occupancy Status": "<Null>", "DMS Data Parcel": "<Null>", "Owner": "FRANZ", "Parcel": 83666 }, "geometry": { "type": "Point", "coordinates": [ -90.2374, 38.58071 ] } },
{ "type": "Feature", "properties": { "OBJECTID *": 340, "Shape": "Point", "longitude": -90.234943, "latitude": 38.581353, "Agency": "<Null>", "Counsel": "<Null>", "Address": "4106 NEBRASKA AV", "Address (Matching)": "<Null>", "State": "<Null>", "City": "<Null>", "Status of Case": "<Null>", "Back Taxes and Fees": "Classified as vacant by STL. 2", "Violations as of March 2026": "Most recent: 9/28/2023 (Inspection)", "Narrative": "<Null>", "Notes": "<Null>", "Type/Units": "<Null>", "Developer": "<Null>", "Opposing Contacts": "<Null>", "Status": "Not currently targeted", "Occupancy Status": "<Null>", "DMS Data Parcel": "<Null>", "Owner": "THREE DOORS PROPERTIES LLC", "Parcel": 31 }, "geometry": { "type": "Point", "coordinates": [ -90.23494, 38.58135 ] } },
{ "type": "Feature", "properties": { "OBJECTID *": 341, "Shape": "Point", "longitude": -90.24501, "latitude": 38.57429, "Agency": "<Null>", "Counsel": "<Null>", "Address": "4633 ALASKA AV", "Address (Matching)": "<Null>", "State": "<Null>", "City": "<Null>", "Status of Case": "<Null>", "Back Taxes and Fees": "Classified as vacant by STL.", "Violations as of March 2026": "Most recent: 7/21/2023 (CSB)", "Narrative": "<Null>", "Notes": "<Null>", "Type/Units": "<Null>", "Developer": "<Null>", "Opposing Contacts": "<Null>", "Status": "Not currently targeted", "Occupancy Status": "<Null>", "DMS Data Parcel": "<Null>", "Owner": "ST JOSEPH HOUSING INITIATIVE", "Parcel": 124675 }, "geometry": { "type": "Point", "coordinates": [ -90.24501, 38.57429 ] } },
{ "type": "Feature", "properties": { "OBJECTID *": 342, "Shape": "Point", "longitude": -90.236628, "latitude": 38.587287, "Agency": "<Null>", "Counsel": "<Null>", "Address": "3112 CHIPPEWA ST", "Address (Matching)": "<Null>", "State": "<Null>", "City": "<Null>", "Status of Case": "<Null>", "Back Taxes and Fees": "Classified as vacant by STL.", "Violations as of March 2026": "Most recent: 5/20/2024 (CSB)", "Narrative": "<Null>", "Notes": "<Null>", "Type/Units": "<Null>", "Developer": "<Null>", "Opposing Contacts": "<Null>", "Status": "Not currently targeted", "Occupancy Status": "<Null>", "DMS Data Parcel": "<Null>", "Owner": "DAWOODI", "Parcel": 112800 }, "geometry": { "type": "Point", "coordinates": [ -90.23663, 38.58729 ] } },
{ "type": "Feature", "properties": { "OBJECTID *": 343, "Shape": "Point", "longitude": -90.248214, "latitude": 38.572215, "Agency": "<Null>", "Counsel": "<Null>", "Address": "4752 LOUISIANA AV", "Address (Matching)": "<Null>", "State": "<Null>", "City": "<Null>", "Status of Case": "<Null>", "Back Taxes and Fees": "Classified as vacant by STL.", "Violations as of March 2026": "Most recent: 4/20/2026 (Violation)", "Narrative": "<Null>", "Notes": "<Null>", "Type/Units": "<Null>", "Developer": "<Null>", "Opposing Contacts": "<Null>", "Status": "Not currently targeted", "Occupancy Status": "<Null>", "DMS Data Parcel": "<Null>", "Owner": "GUZMAN", "Parcel": 3546 }, "geometry": { "type": "Point", "coordinates": [ -90.24821, 38.57221 ] } },
{ "type": "Feature", "properties": { "OBJECTID *": 344, "Shape": "Point", "longitude": -90.241126, "latitude": 38.585371, "Agency": "<Null>", "Counsel": "<Null>", "Address": "3922 LOUISIANA AV", "Address (Matching)": "<Null>", "State": "<Null>", "City": "<Null>", "Status of Case": "<Null>", "Back Taxes and Fees": "Classified as vacant by STL.", "Violations as of March 2026": "Most recent: 6/24/2025 (CSB)", "Narrative": "<Null>", "Notes": "<Null>", "Type/Units": "<Null>", "Developer": "<Null>", "Opposing Contacts": "<Null>", "Status": "Not currently targeted", "Occupancy Status": "<Null>", "DMS Data Parcel": "<Null>", "Owner": "MARQUETTE HOMES PARTNERS LP", "Parcel": 95762 }, "geometry": { "type": "Point", "coordinates": [ -90.24113, 38.58537 ] } },
{ "type": "Feature", "properties": { "OBJECTID *": 345, "Shape": "Point", "longitude": -90.248034, "latitude": 38.577136, "Agency": "<Null>", "Counsel": "<Null>", "Address": "3617 TAFT AV", "Address (Matching)": "<Null>", "State": "<Null>", "City": "<Null>", "Status of Case": "<Null>", "Back Taxes and Fees": "Classified as vacant by STL.", "Violations as of March 2026": "Most recent: 9/10/2025 (CSB)", "Narrative": "<Null>", "Notes": "<Null>", "Type/Units": "<Null>", "Developer": "<Null>", "Opposing Contacts": "<Null>", "Status": "Not currently targeted", "Occupancy Status": "<Null>", "DMS Data Parcel": "<Null>", "Owner": "BAKER", "Parcel": 3563 }, "geometry": { "type": "Point", "coordinates": [ -90.24803, 38.57714 ] } },
{ "type": "Feature", "properties": { "OBJECTID *": 346, "Shape": "Point", "longitude": -90.235174, "latitude": 38.586068, "Agency": "<Null>", "Counsel": "<Null>", "Address": "3837 PENNSYLVANIA AV", "Address (Matching)": "<Null>", "State": "<Null>", "City": "<Null>", "Status of Case": "<Null>", "Back Taxes and Fees": "Classified as vacant by STL.", "Violations as of March 2026": "Most recent: 11/2/2023 (CSB)", "Narrative": "<Null>", "Notes": "<Null>", "Type/Units": "<Null>", "Developer": "<Null>", "Opposing Contacts": "<Null>", "Status": "Not currently targeted", "Occupancy Status": "<Null>", "DMS Data Parcel": "<Null>", "Owner": "DOLAN", "Parcel": 43958 }, "geometry": { "type": "Point", "coordinates": [ -90.23517, 38.58607 ] } },
{ "type": "Feature", "properties": { "OBJECTID *": 347, "Shape": "Point", "longitude": -90.246897, "latitude": 38.584431, "Agency": "<Null>", "Counsel": "<Null>", "Address": "3654 LIERMANN AV", "Address (Matching)": "<Null>", "State": "<Null>", "City": "<Null>", "Status of Case": "<Null>", "Back Taxes and Fees": "Classified as vacant by STL.", "Violations as of March 2026": "Most recent: 6/16/2025 (CSB)", "Narrative": "<Null>", "Notes": "<Null>", "Type/Units": "<Null>", "Developer": "<Null>", "Opposing Contacts": "<Null>", "Status": "Not currently targeted", "Occupancy Status": "<Null>", "DMS Data Parcel": "<Null>", "Owner": "CHAUDHRY", "Parcel": 11737 }, "geometry": { "type": "Point", "coordinates": [ -90.2469, 38.58443 ] } },
{ "type": "Feature", "properties": { "OBJECTID *": 348, "Shape": "Point", "longitude": -90.233528, "latitude": 38.581468, "Agency": "<Null>", "Counsel": "<Null>", "Address": "2823 GASCONADE ST", "Address (Matching)": "<Null>", "State": "<Null>", "City": "<Null>", "Status of Case": "<Null>", "Back Taxes and Fees": "Classified as vacant by STL. 1", "Violations as of March 2026": "Most recent: 1/21/2024 (CSB)", "Narrative": "<Null>", "Notes": "<Null>", "Type/Units": "<Null>", "Developer": "<Null>", "Opposing Contacts": "<Null>", "Status": "Not currently targeted", "Occupancy Status": "<Null>", "DMS Data Parcel": "<Null>", "Owner": "HAVEN RECOVERY HOMES LLC", "Parcel": 59059 }, "geometry": { "type": "Point", "coordinates": [ -90.23353, 38.58147 ] } },
{ "type": "Feature", "properties": { "OBJECTID *": 349, "Shape": "Point", "longitude": -90.25454, "latitude": 38.573775, "Agency": "<Null>", "Counsel": "<Null>", "Address": "5036 DEWEY AV", "Address (Matching)": "<Null>", "State": "<Null>", "City": "<Null>", "Status of Case": "<Null>", "Back Taxes and Fees": "Classified as vacant by STL. 1", "Violations as of March 2026": "Most recent: 9/10/2024 (CSB)", "Narrative": "<Null>", "Notes": "<Null>", "Type/Units": "<Null>", "Developer": "<Null>", "Opposing Contacts": "<Null>", "Status": "Not currently targeted", "Occupancy Status": "<Null>", "DMS Data Parcel": "<Null>", "Owner": "200 ESSENTIALS LLC", "Parcel": 89644 }, "geometry": { "type": "Point", "coordinates": [ -90.25454, 38.57377 ] } },
{ "type": "Feature", "properties": { "OBJECTID *": 350, "Shape": "Point", "longitude": -90.251145, "latitude": 38.577355, "Agency": "<Null>", "Counsel": "<Null>", "Address": "3722 NEOSHO ST", "Address (Matching)": "<Null>", "State": "<Null>", "City": "<Null>", "Status of Case": "<Null>", "Back Taxes and Fees": "Classified as vacant by STL.", "Violations as of March 2026": "Most recent: 6/10/2024 (CSB)", "Narrative": "<Null>", "Notes": "<Null>", "Type/Units": "<Null>", "Developer": "<Null>", "Opposing Contacts": "<Null>", "Status": "Not currently targeted", "Occupancy Status": "<Null>", "DMS Data Parcel": "<Null>", "Owner": "BILKAY", "Parcel": 7491 }, "geometry": { "type": "Point", "coordinates": [ -90.25114, 38.57735 ] } },
{ "type": "Feature", "properties": { "OBJECTID *": 351, "Shape": "Point", "longitude": -90.235011, "latitude": 38.581008, "Agency": "<Null>", "Counsel": "<Null>", "Address": "4118 NEBRASKA AV", "Address (Matching)": "<Null>", "State": "<Null>", "City": "<Null>", "Status of Case": "<Null>", "Back Taxes and Fees": "Classified as vacant by STL.", "Violations as of March 2026": "Most recent: 3/2/2026 (CSB)", "Narrative": "<Null>", "Notes": "<Null>", "Type/Units": "<Null>", "Developer": "<Null>", "Opposing Contacts": "<Null>", "Status": "Not currently targeted", "Occupancy Status": "<Null>", "DMS Data Parcel": "<Null>", "Owner": "U S BANK TRUST NA TRS", "Parcel": 122472 }, "geometry": { "type": "Point", "coordinates": [ -90.23501, 38.58101 ] } },
{ "type": "Feature", "properties": { "OBJECTID *": 352, "Shape": "Point", "longitude": -90.241592, "latitude": 38.575106, "Agency": "<Null>", "Counsel": "<Null>", "Address": "3214 DAKOTA ST", "Address (Matching)": "<Null>", "State": "<Null>", "City": "<Null>", "Status of Case": "<Null>", "Back Taxes and Fees": "Classified as vacant by STL.", "Violations as of March 2026": "Most recent: 4/14/2025 (Violation)", "Narrative": "<Null>", "Notes": "<Null>", "Type/Units": "<Null>", "Developer": "<Null>", "Opposing Contacts": "<Null>", "Status": "Not currently targeted", "Occupancy Status": "<Null>", "DMS Data Parcel": "<Null>", "Owner": "CASH", "Parcel": 81774 }, "geometry": { "type": "Point", "coordinates": [ -90.24159, 38.57511 ] } },
{ "type": "Feature", "properties": { "OBJECTID *": 353, "Shape": "Point", "longitude": -90.245847, "latitude": 38.572745, "Agency": "<Null>", "Counsel": "<Null>", "Address": "3420 ITASKA ST", "Address (Matching)": "<Null>", "State": "<Null>", "City": "<Null>", "Status of Case": "<Null>", "Back Taxes and Fees": "Classified as vacant by STL.", "Violations as of March 2026": "Most recent: 9/27/2023 (CSB)", "Narrative": "<Null>", "Notes": "<Null>", "Type/Units": "<Null>", "Developer": "<Null>", "Opposing Contacts": "<Null>", "Status": "Not currently targeted", "Occupancy Status": "<Null>", "DMS Data Parcel": "<Null>", "Owner": "MACHADO", "Parcel": 92457 }, "geometry": { "type": "Point", "coordinates": [ -90.24585, 38.57274 ] } },
{ "type": "Feature", "properties": { "OBJECTID *": 354, "Shape": "Point", "longitude": -90.230797, "latitude": 38.581916, "Agency": "<Null>", "Counsel": "<Null>", "Address": "4032 E IOWA AV", "Address (Matching)": "<Null>", "State": "<Null>", "City": "<Null>", "Status of Case": "<Null>", "Back Taxes and Fees": "Classified as vacant by STL.", "Violations as of March 2026": "Most recent: 7/19/2024 (CSB)", "Narrative": "<Null>", "Notes": "<Null>", "Type/Units": "<Null>", "Developer": "<Null>", "Opposing Contacts": "<Null>", "Status": "Not currently targeted", "Occupancy Status": "<Null>", "DMS Data Parcel": "<Null>", "Owner": "DUTCHTOWN OUTREACH", "Parcel": 100712 }, "geometry": { "type": "Point", "coordinates": [ -90.2308, 38.58192 ] } },
{ "type": "Feature", "properties": { "OBJECTID *": 355, "Shape": "Point", "longitude": -90.247029, "latitude": 38.583596, "Agency": "<Null>", "Counsel": "<Null>", "Address": "3663 MONTANA ST", "Address (Matching)": "<Null>", "State": "<Null>", "City": "<Null>", "Status of Case": "<Null>", "Back Taxes and Fees": "Classified as vacant by STL.", "Violations as of March 2026": "Most recent: 10/16/2025 (CSB)", "Narrative": "<Null>", "Notes": "<Null>", "Type/Units": "<Null>", "Developer": "<Null>", "Opposing Contacts": "<Null>", "Status": "Not currently targeted", "Occupancy Status": "<Null>", "DMS Data Parcel": "<Null>", "Owner": "NGUYEN", "Parcel": 62845 }, "geometry": { "type": "Point", "coordinates": [ -90.24703, 38.5836 ] } },
{ "type": "Feature", "properties": { "OBJECTID *": 356, "Shape": "Point", "longitude": -90.241879, "latitude": 38.571416, "Agency": "<Null>", "Counsel": "<Null>", "Address": "3200 ITASKA ST", "Address (Matching)": "<Null>", "State": "<Null>", "City": "<Null>", "Status of Case": "<Null>", "Back Taxes and Fees": "Classified as vacant by STL.", "Violations as of March 2026": "Most recent: 5/15/2026 (Violation)", "Narrative": "<Null>", "Notes": "<Null>", "Type/Units": "<Null>", "Developer": "<Null>", "Opposing Contacts": "<Null>", "Status": "Not currently targeted", "Occupancy Status": "<Null>", "DMS Data Parcel": "<Null>", "Owner": "SWEETEN", "Parcel": 90971 }, "geometry": { "type": "Point", "coordinates": [ -90.24188, 38.57142 ] } },
{ "type": "Feature", "properties": { "OBJECTID *": 357, "Shape": "Point", "longitude": -90.241452, "latitude": 38.576041, "Agency": "<Null>", "Counsel": "<Null>", "Address": "3217 N DAKOTA ST", "Address (Matching)": "<Null>", "State": "<Null>", "City": "<Null>", "Status of Case": "<Null>", "Back Taxes and Fees": "Classified as vacant by STL.", "Violations as of March 2026": "Most recent: 8/4/2024 (Inspection)", "Narrative": "<Null>", "Notes": "<Null>", "Type/Units": "<Null>", "Developer": "<Null>", "Opposing Contacts": "<Null>", "Status": "Not currently targeted", "Occupancy Status": "<Null>", "DMS Data Parcel": "<Null>", "Owner": "SKELTON", "Parcel": 24385 }, "geometry": { "type": "Point", "coordinates": [ -90.24145, 38.57604 ] } },
{ "type": "Feature", "properties": { "OBJECTID *": 358, "Shape": "Point", "longitude": -90.231006, "latitude": 38.583598, "Agency": "<Null>", "Counsel": "<Null>", "Address": "3939 IOWA AV", "Address (Matching)": "<Null>", "State": "<Null>", "City": "<Null>", "Status of Case": "<Null>", "Back Taxes and Fees": "Classified as vacant by STL.", "Violations as of March 2026": "Most recent: 11/4/2025 (Violation)", "Narrative": "<Null>", "Notes": "<Null>", "Type/Units": "<Null>", "Developer": "<Null>", "Opposing Contacts": "<Null>", "Status": "Not currently targeted", "Occupancy Status": "<Null>", "DMS Data Parcel": "<Null>", "Owner": "MAYER", "Parcel": 111789 }, "geometry": { "type": "Point", "coordinates": [ -90.23101, 38.5836 ] } },
{ "type": "Feature", "properties": { "OBJECTID *": 359, "Shape": "Point", "longitude": -90.230449, "latitude": 38.584741, "Agency": "<Null>", "Counsel": "<Null>", "Address": "2719 KEOKUK ST", "Address (Matching)": "<Null>", "State": "<Null>", "City": "<Null>", "Status of Case": "<Null>", "Back Taxes and Fees": "Classified as vacant by STL.", "Violations as of March 2026": "Most recent: 2/19/2026 (Inspection)", "Narrative": "<Null>", "Notes": "<Null>", "Type/Units": "<Null>", "Developer": "<Null>", "Opposing Contacts": "<Null>", "Status": "Not currently targeted", "Occupancy Status": "<Null>", "DMS Data Parcel": "<Null>", "Owner": "NGUYEN", "Parcel": 60831 }, "geometry": { "type": "Point", "coordinates": [ -90.23045, 38.58474 ] } },
{ "type": "Feature", "properties": { "OBJECTID *": 360, "Shape": "Point", "longitude": -90.242393, "latitude": 38.585271, "Agency": "<Null>", "Counsel": "<Null>", "Address": "3430 ALBERTA ST", "Address (Matching)": "<Null>", "State": "<Null>", "City": "<Null>", "Status of Case": "<Null>", "Back Taxes and Fees": "Classified as vacant by STL.", "Violations as of March 2026": "Most recent: 5/20/2025 (CSB)", "Narrative": "<Null>", "Notes": "<Null>", "Type/Units": "<Null>", "Developer": "<Null>", "Opposing Contacts": "<Null>", "Status": "Not currently targeted", "Occupancy Status": "<Null>", "DMS Data Parcel": "<Null>", "Owner": "MILLER", "Parcel": 14413 }, "geometry": { "type": "Point", "coordinates": [ -90.24239, 38.58527 ] } },
{ "type": "Feature", "properties": { "OBJECTID *": 361, "Shape": "Point", "longitude": -90.230937, "latitude": 38.581242, "Agency": "<Null>", "Counsel": "<Null>", "Address": "4058 E IOWA AV", "Address (Matching)": "<Null>", "State": "<Null>", "City": "<Null>", "Status of Case": "<Null>", "Back Taxes and Fees": "Classified as vacant by STL.", "Violations as of March 2026": "Most recent: 4/28/2025 (CSB)", "Narrative": "<Null>", "Notes": "<Null>", "Type/Units": "<Null>", "Developer": "<Null>", "Opposing Contacts": "<Null>", "Status": "Not currently targeted", "Occupancy Status": "<Null>", "DMS Data Parcel": "<Null>", "Owner": "LLOYD", "Parcel": 113275 }, "geometry": { "type": "Point", "coordinates": [ -90.23094, 38.58124 ] } },
{ "type": "Feature", "properties": { "OBJECTID *": 362, "Shape": "Point", "longitude": -90.236564, "latitude": 38.584781, "Agency": "<Null>", "Counsel": "<Null>", "Address": "3922 MINNESOTA AV", "Address (Matching)": "<Null>", "State": "<Null>", "City": "<Null>", "Status of Case": "<Null>", "Back Taxes and Fees": "Classified as vacant by STL.", "Violations as of March 2026": "Most recent: 6/22/2025 (Inspection)", "Narrative": "<Null>", "Notes": "<Null>", "Type/Units": "<Null>", "Developer": "<Null>", "Opposing Contacts": "<Null>", "Status": "Not currently targeted", "Occupancy Status": "<Null>", "DMS Data Parcel": "<Null>", "Owner": "SINCE", "Parcel": 24409 }, "geometry": { "type": "Point", "coordinates": [ -90.23656, 38.58478 ] } },
{ "type": "Feature", "properties": { "OBJECTID *": 363, "Shape": "Point", "longitude": -90.252567, "latitude": 38.572609, "Agency": "<Null>", "Counsel": "<Null>", "Address": "5039 GRACE AV", "Address (Matching)": "<Null>", "State": "<Null>", "City": "<Null>", "Status of Case": "<Null>", "Back Taxes and Fees": "Classified as vacant by STL.", "Violations as of March 2026": "Most recent: 2/22/2026 (Inspection)", "Narrative": "<Null>", "Notes": "<Null>", "Type/Units": "<Null>", "Developer": "<Null>", "Opposing Contacts": "<Null>", "Status": "Not currently targeted", "Occupancy Status": "<Null>", "DMS Data Parcel": "<Null>", "Owner": "HAMAYDEH", "Parcel": 55746 }, "geometry": { "type": "Point", "coordinates": [ -90.25257, 38.57261 ] } },
{ "type": "Feature", "properties": { "OBJECTID *": 364, "Shape": "Point", "longitude": -90.238179, "latitude": 38.583882, "Agency": "<Null>", "Counsel": "<Null>", "Address": "3133 OSAGE ST", "Address (Matching)": "<Null>", "State": "<Null>", "City": "<Null>", "Status of Case": "<Null>", "Back Taxes and Fees": "Classified as vacant by STL.", "Violations as of March 2026": "Most recent: 6/17/2025 (Inspection)", "Narrative": "<Null>", "Notes": "<Null>", "Type/Units": "<Null>", "Developer": "<Null>", "Opposing Contacts": "<Null>", "Status": "Not currently targeted", "Occupancy Status": "<Null>", "DMS Data Parcel": "<Null>", "Owner": "THORNTON", "Parcel": 27298 }, "geometry": { "type": "Point", "coordinates": [ -90.23818, 38.58388 ] } },
{ "type": "Feature", "properties": { "OBJECTID *": 365, "Shape": "Point", "longitude": -90.241845, "latitude": 38.575133, "Agency": "<Null>", "Counsel": "<Null>", "Address": "3222 DAKOTA ST", "Address (Matching)": "<Null>", "State": "<Null>", "City": "<Null>", "Status of Case": "<Null>", "Back Taxes and Fees": "Classified as vacant by STL.", "Violations as of March 2026": "Most recent: 5/1/2025 (CSB)", "Narrative": "<Null>", "Notes": "<Null>", "Type/Units": "<Null>", "Developer": "<Null>", "Opposing Contacts": "<Null>", "Status": "Not currently targeted", "Occupancy Status": "<Null>", "DMS Data Parcel": "<Null>", "Owner": "CUNNINGHAM", "Parcel": 80709 }, "geometry": { "type": "Point", "coordinates": [ -90.24184, 38.57513 ] } },
{ "type": "Feature", "properties": { "OBJECTID *": 366, "Shape": "Point", "longitude": -90.252394, "latitude": 38.581702, "Agency": "<Null>", "Counsel": "<Null>", "Address": "4404 S 39TH ST", "Address (Matching)": "<Null>", "State": "<Null>", "City": "<Null>", "Status of Case": "<Null>", "Back Taxes and Fees": "Classified as vacant by STL.", "Violations as of March 2026": "Most recent: 3/11/2026 (Inspection)", "Narrative": "<Null>", "Notes": "<Null>", "Type/Units": "<Null>", "Developer": "<Null>", "Opposing Contacts": "<Null>", "Status": "Not currently targeted", "Occupancy Status": "<Null>", "DMS Data Parcel": "<Null>", "Owner": "BEGANOVIC", "Parcel": 120141 }, "geometry": { "type": "Point", "coordinates": [ -90.25239, 38.5817 ] } },
{ "type": "Feature", "properties": { "OBJECTID *": 367, "Shape": "Point", "longitude": -90.251399, "latitude": 38.589081, "Agency": "<Null>", "Counsel": "<Null>", "Address": "3850 CHIPPEWA ST", "Address (Matching)": "<Null>", "State": "<Null>", "City": "<Null>", "Status of Case": "<Null>", "Back Taxes and Fees": "Classified as vacant by STL.", "Violations as of March 2026": "Most recent: 6/25/2025 (CSB)", "Narrative": "<Null>", "Notes": "<Null>", "Type/Units": "<Null>", "Developer": "<Null>", "Opposing Contacts": "<Null>", "Status": "Not currently targeted", "Occupancy Status": "<Null>", "DMS Data Parcel": "<Null>", "Owner": "MOHAMMAD", "Parcel": 7262 }, "geometry": { "type": "Point", "coordinates": [ -90.2514, 38.58908 ] } },
{ "type": "Feature", "properties": { "OBJECTID *": 368, "Shape": "Point", "longitude": -90.238999, "latitude": 38.587608, "Agency": "<Null>", "Counsel": "<Null>", "Address": "3210 CHIPPEWA ST", "Address (Matching)": "<Null>", "State": "<Null>", "City": "<Null>", "Status of Case": "<Null>", "Back Taxes and Fees": "Classified as vacant by STL.", "Violations as of March 2026": "Most recent: 8/12/2025 (Inspection)", "Narrative": "<Null>", "Notes": "<Null>", "Type/Units": "<Null>", "Developer": "<Null>", "Opposing Contacts": "<Null>", "Status": "Not currently targeted", "Occupancy Status": "<Null>", "DMS Data Parcel": "<Null>", "Owner": "ALLTYPE PROPERTIES LLC", "Parcel": 45667 }, "geometry": { "type": "Point", "coordinates": [ -90.239, 38.58761 ] } },
{ "type": "Feature", "properties": { "OBJECTID *": 369, "Shape": "Point", "longitude": -90.245543, "latitude": 38.572645, "Agency": "<Null>", "Counsel": "<Null>", "Address": "3415 ITASKA ST", "Address (Matching)": "<Null>", "State": "<Null>", "City": "<Null>", "Status of Case": "<Null>", "Back Taxes and Fees": "Classified as vacant by STL.", "Violations as of March 2026": "Most recent: 7/28/2025 (CSB)", "Narrative": "<Null>", "Notes": "<Null>", "Type/Units": "<Null>", "Developer": "<Null>", "Opposing Contacts": "<Null>", "Status": "Not currently targeted", "Occupancy Status": "<Null>", "DMS Data Parcel": "<Null>", "Owner": "DANG", "Parcel": 59400 }, "geometry": { "type": "Point", "coordinates": [ -90.24554, 38.57265 ] } },
{ "type": "Feature", "properties": { "OBJECTID *": 370, "Shape": "Point", "longitude": -90.250619, "latitude": 38.578541, "Agency": "<Null>", "Counsel": "<Null>", "Address": "4471 DEWEY AV", "Address (Matching)": "<Null>", "State": "<Null>", "City": "<Null>", "Status of Case": "<Null>", "Back Taxes and Fees": "Classified as vacant by STL.", "Violations as of March 2026": "Most recent: 3/23/2026 (Violation)", "Narrative": "<Null>", "Notes": "<Null>", "Type/Units": "<Null>", "Developer": "<Null>", "Opposing Contacts": "<Null>", "Status": "Not currently targeted", "Occupancy Status": "<Null>", "DMS Data Parcel": "<Null>", "Owner": "MOORE", "Parcel": 26862 }, "geometry": { "type": "Point", "coordinates": [ -90.25062, 38.57854 ] } },
{ "type": "Feature", "properties": { "OBJECTID *": 371, "Shape": "Point", "longitude": -90.251423, "latitude": 38.579344, "Agency": "<Null>", "Counsel": "<Null>", "Address": "4459 S 38TH ST", "Address (Matching)": "<Null>", "State": "<Null>", "City": "<Null>", "Status of Case": "<Null>", "Back Taxes and Fees": "Classified as vacant by STL.", "Violations as of March 2026": "Most recent: 12/19/2025 (CSB)", "Narrative": "<Null>", "Notes": "<Null>", "Type/Units": "<Null>", "Developer": "<Null>", "Opposing Contacts": "<Null>", "Status": "Not currently targeted", "Occupancy Status": "<Null>", "DMS Data Parcel": "<Null>", "Owner": "GREAT RIVERS COMMUNITY CAPITAL CORP", "Parcel": 89656 }, "geometry": { "type": "Point", "coordinates": [ -90.25142, 38.57934 ] } },
{ "type": "Feature", "properties": { "OBJECTID *": 372, "Shape": "Point", "longitude": -90.244913, "latitude": 38.56701, "Agency": "<Null>", "Counsel": "<Null>", "Address": "459 EICHELBERGER ST", "Address (Matching)": "<Null>", "State": "<Null>", "City": "<Null>", "Status of Case": "<Null>", "Back Taxes and Fees": "Classified as vacant by STL.", "Violations as of March 2026": "Most recent: 8/27/2025 (Inspection)", "Narrative": "<Null>", "Notes": "<Null>", "Type/Units": "<Null>", "Developer": "<Null>", "Opposing Contacts": "<Null>", "Status": "Not currently targeted", "Occupancy Status": "<Null>", "DMS Data Parcel": "<Null>", "Owner": "MBA", "Parcel": 124030 }, "geometry": { "type": "Point", "coordinates": [ -90.24491, 38.56701 ] } },
{ "type": "Feature", "properties": { "OBJECTID *": 373, "Shape": "Point", "longitude": -90.229843, "latitude": 38.583604, "Agency": "<Null>", "Counsel": "<Null>", "Address": "3935 OHIO AV", "Address (Matching)": "<Null>", "State": "<Null>", "City": "<Null>", "Status of Case": "<Null>", "Back Taxes and Fees": "Classified as vacant by STL.", "Violations as of March 2026": "Most recent: 10/12/2025 (Inspection)", "Narrative": "<Null>", "Notes": "<Null>", "Type/Units": "<Null>", "Developer": "<Null>", "Opposing Contacts": "<Null>", "Status": "Not currently targeted", "Occupancy Status": "<Null>", "DMS Data Parcel": "<Null>", "Owner": "CHATMAN", "Parcel": 59785 }, "geometry": { "type": "Point", "coordinates": [ -90.22984, 38.5836 ] } },
{ "type": "Feature", "properties": { "OBJECTID *": 374, "Shape": "Point", "longitude": -90.231461, "latitude": 38.57992, "Agency": "<Null>", "Counsel": "<Null>", "Address": "4138 IOWA AV", "Address (Matching)": "<Null>", "State": "<Null>", "City": "<Null>", "Status of Case": "<Null>", "Back Taxes and Fees": "Classified as vacant by STL.", "Violations as of March 2026": "Most recent: 2/6/2026 (Violation)", "Narrative": "<Null>", "Notes": "<Null>", "Type/Units": "<Null>", "Developer": "<Null>", "Opposing Contacts": "<Null>", "Status": "Not currently targeted", "Occupancy Status": "<Null>", "DMS Data Parcel": "<Null>", "Owner": "OCG CAPITAL LLC", "Parcel": 8926 }, "geometry": { "type": "Point", "coordinates": [ -90.23146, 38.57992 ] } },
{ "type": "Feature", "properties": { "OBJECTID *": 375, "Shape": "Point", "longitude": -90.241946, "latitude": 38.587111, "Agency": "<Null>", "Counsel": "<Null>", "Address": "3429 DUNNICA AV", "Address (Matching)": "<Null>", "State": "<Null>", "City": "<Null>", "Status of Case": "<Null>", "Back Taxes and Fees": "Classified as vacant by STL.", "Violations as of March 2026": "Most recent: 2/19/2024 (Violation)", "Narrative": "<Null>", "Notes": "<Null>", "Type/Units": "<Null>", "Developer": "<Null>", "Opposing Contacts": "<Null>", "Status": "Not currently targeted", "Occupancy Status": "<Null>", "DMS Data Parcel": "<Null>", "Owner": "QUARTUCCIO", "Parcel": 97625 }, "geometry": { "type": "Point", "coordinates": [ -90.24195, 38.58711 ] } },
{ "type": "Feature", "properties": { "OBJECTID *": 376, "Shape": "Point", "longitude": -90.242812, "latitude": 38.587225, "Agency": "<Null>", "Counsel": "<Null>", "Address": "3455 DUNNICA AV", "Address (Matching)": "<Null>", "State": "<Null>", "City": "<Null>", "Status of Case": "<Null>", "Back Taxes and Fees": "Classified as vacant by STL.", "Violations as of March 2026": "Most recent: 9/26/2025 (CSB)", "Narrative": "<Null>", "Notes": "<Null>", "Type/Units": "<Null>", "Developer": "<Null>", "Opposing Contacts": "<Null>", "Status": "Not currently targeted", "Occupancy Status": "<Null>", "DMS Data Parcel": "<Null>", "Owner": "REGIONS BANK", "Parcel": 106067 }, "geometry": { "type": "Point", "coordinates": [ -90.24281, 38.58722 ] } },
{ "type": "Feature", "properties": { "OBJECTID *": 377, "Shape": "Point", "longitude": -90.24292, "latitude": 38.587239, "Agency": "<Null>", "Counsel": "<Null>", "Address": "3457 DUNNICA AV", "Address (Matching)": "<Null>", "State": "<Null>", "City": "<Null>", "Status of Case": "<Null>", "Back Taxes and Fees": "Classified as vacant by STL.", "Violations as of March 2026": "Most recent: 12/12/2025 (Violation)", "Narrative": "<Null>", "Notes": "<Null>", "Type/Units": "<Null>", "Developer": "<Null>", "Opposing Contacts": "<Null>", "Status": "Not currently targeted", "Occupancy Status": "<Null>", "DMS Data Parcel": "<Null>", "Owner": "LEVEL 19 LLC", "Parcel": 109248 }, "geometry": { "type": "Point", "coordinates": [ -90.24292, 38.58724 ] } },
{ "type": "Feature", "properties": { "OBJECTID *": 378, "Shape": "Point", "longitude": -90.240407, "latitude": 38.587777, "Agency": "<Null>", "Counsel": "<Null>", "Address": "3322 CHIPPEWA ST", "Address (Matching)": "<Null>", "State": "<Null>", "City": "<Null>", "Status of Case": "<Null>", "Back Taxes and Fees": "Classified as vacant by STL.", "Violations as of March 2026": "Most recent: 2/18/2022 (CSB)", "Narrative": "<Null>", "Notes": "<Null>", "Type/Units": "<Null>", "Developer": "<Null>", "Opposing Contacts": "<Null>", "Status": "Not currently targeted", "Occupancy Status": "<Null>", "DMS Data Parcel": "<Null>", "Owner": "JELITI", "Parcel": 123571 }, "geometry": { "type": "Point", "coordinates": [ -90.24041, 38.58778 ] } },
{ "type": "Feature", "properties": { "OBJECTID *": 379, "Shape": "Point", "longitude": -90.238827, "latitude": 38.587586, "Agency": "<Null>", "Counsel": "<Null>", "Address": "3208 CHIPPEWA ST", "Address (Matching)": "<Null>", "State": "<Null>", "City": "<Null>", "Status of Case": "<Null>", "Back Taxes and Fees": "Classified as vacant by STL.", "Violations as of March 2026": "Most recent: 1/12/2020 (Inspection)", "Narrative": "<Null>", "Notes": "<Null>", "Type/Units": "<Null>", "Developer": "<Null>", "Opposing Contacts": "<Null>", "Status": "Not currently targeted", "Occupancy Status": "<Null>", "DMS Data Parcel": "<Null>", "Owner": "LRA", "Parcel": 45452 }, "geometry": { "type": "Point", "coordinates": [ -90.23883, 38.58759 ] } },
{ "type": "Feature", "properties": { "OBJECTID *": 380, "Shape": "Point", "longitude": -90.241405, "latitude": 38.57598, "Agency": "<Null>", "Counsel": "<Null>", "Address": "3214 N DAKOTA ST", "Address (Matching)": "<Null>", "State": "<Null>", "City": "<Null>", "Status of Case": "<Null>", "Back Taxes and Fees": "Classified as vacant by STL.", "Violations as of March 2026": "Most recent: 3/11/2026 (Inspection)", "Narrative": "<Null>", "Notes": "<Null>", "Type/Units": "<Null>", "Developer": "<Null>", "Opposing Contacts": "<Null>", "Status": "Not currently targeted", "Occupancy Status": "<Null>", "DMS Data Parcel": "<Null>", "Owner": "DLDDMB LLC", "Parcel": 96889 }, "geometry": { "type": "Point", "coordinates": [ -90.24141, 38.57598 ] } },
{ "type": "Feature", "properties": { "OBJECTID *": 381, "Shape": "Point", "longitude": -90.238553, "latitude": 38.586608, "Agency": "<Null>", "Counsel": "<Null>", "Address": "3833 S COMPTON AV", "Address (Matching)": "<Null>", "State": "<Null>", "City": "<Null>", "Status of Case": "<Null>", "Back Taxes and Fees": "Classified as vacant by STL.", "Violations as of March 2026": "Most recent: 8/9/2018 (Inspection)", "Narrative": "<Null>", "Notes": "<Null>", "Type/Units": "<Null>", "Developer": "<Null>", "Opposing Contacts": "<Null>", "Status": "Not currently targeted", "Occupancy Status": "<Null>", "DMS Data Parcel": "<Null>", "Owner": "TURNER-TATE", "Parcel": 47348 }, "geometry": { "type": "Point", "coordinates": [ -90.23855, 38.58661 ] } },
{ "type": "Feature", "properties": { "OBJECTID *": 382, "Shape": "Point", "longitude": -90.237704, "latitude": 38.587433, "Agency": "<Null>", "Counsel": "<Null>", "Address": "3136 CHIPPEWA ST", "Address (Matching)": "<Null>", "State": "<Null>", "City": "<Null>", "Status of Case": "<Null>", "Back Taxes and Fees": "Classified as vacant by STL.", "Violations as of March 2026": "Most recent: 8/13/2025 (Inspection)", "Narrative": "<Null>", "Notes": "<Null>", "Type/Units": "<Null>", "Developer": "<Null>", "Opposing Contacts": "<Null>", "Status": "Not currently targeted", "Occupancy Status": "<Null>", "DMS Data Parcel": "<Null>", "Owner": "FJEIREMO HOLDINGS LLC", "Parcel": 60997 }, "geometry": { "type": "Point", "coordinates": [ -90.2377, 38.58743 ] } },
{ "type": "Feature", "properties": { "OBJECTID *": 383, "Shape": "Point", "longitude": -90.238467, "latitude": 38.586762, "Agency": "<Null>", "Counsel": "<Null>", "Address": "3824 S COMPTON AV", "Address (Matching)": "<Null>", "State": "<Null>", "City": "<Null>", "Status of Case": "<Null>", "Back Taxes and Fees": "Classified as vacant by STL.", "Violations as of March 2026": "Most recent: 3/18/2024 (CSB)", "Narrative": "<Null>", "Notes": "<Null>", "Type/Units": "<Null>", "Developer": "<Null>", "Opposing Contacts": "<Null>", "Status": "Not currently targeted", "Occupancy Status": "<Null>", "DMS Data Parcel": "<Null>", "Owner": "ORAV HOLDINGS LLC", "Parcel": 60314 }, "geometry": { "type": "Point", "coordinates": [ -90.23847, 38.58676 ] } },
{ "type": "Feature", "properties": { "OBJECTID *": 384, "Shape": "Point", "longitude": -90.236234, "latitude": 38.586602, "Agency": "<Null>", "Counsel": "<Null>", "Address": "3821 MINNESOTA AV", "Address (Matching)": "<Null>", "State": "<Null>", "City": "<Null>", "Status of Case": "<Null>", "Back Taxes and Fees": "Classified as vacant by STL.", "Violations as of March 2026": "Most recent: 2/6/2026 (CSB)", "Narrative": "<Null>", "Notes": "<Null>", "Type/Units": "<Null>", "Developer": "<Null>", "Opposing Contacts": "<Null>", "Status": "Not currently targeted", "Occupancy Status": "<Null>", "DMS Data Parcel": "<Null>", "Owner": "SANCHEZ", "Parcel": 125449 }, "geometry": { "type": "Point", "coordinates": [ -90.23623, 38.5866 ] } },
{ "type": "Feature", "properties": { "OBJECTID *": 385, "Shape": "Point", "longitude": -90.236284, "latitude": 38.586375, "Agency": "<Null>", "Counsel": "<Null>", "Address": "3829 MINNESOTA AV", "Address (Matching)": "<Null>", "State": "<Null>", "City": "<Null>", "Status of Case": "<Null>", "Back Taxes and Fees": "Classified as vacant by STL. 1", "Violations as of March 2026": "Most recent: 12/12/2025 (Violation)", "Narrative": "<Null>", "Notes": "<Null>", "Type/Units": "<Null>", "Developer": "<Null>", "Opposing Contacts": "<Null>", "Status": "Not currently targeted", "Occupancy Status": "<Null>", "DMS Data Parcel": "<Null>", "Owner": "GUARDIAN FUND LLC", "Parcel": 125452 }, "geometry": { "type": "Point", "coordinates": [ -90.23628, 38.58637 ] } },
{ "type": "Feature", "properties": { "OBJECTID *": 386, "Shape": "Point", "longitude": -90.23625, "latitude": 38.586529, "Agency": "<Null>", "Counsel": "<Null>", "Address": "3825 MINNESOTA AV", "Address (Matching)": "<Null>", "State": "<Null>", "City": "<Null>", "Status of Case": "<Null>", "Back Taxes and Fees": "Classified as vacant by STL.", "Violations as of March 2026": "Most recent: 1/8/2026 (Inspection)", "Narrative": "<Null>", "Notes": "<Null>", "Type/Units": "<Null>", "Developer": "<Null>", "Opposing Contacts": "<Null>", "Status": "Not currently targeted", "Occupancy Status": "<Null>", "DMS Data Parcel": "<Null>", "Owner": "CHECKIN REALTY LLC", "Parcel": 125450 }, "geometry": { "type": "Point", "coordinates": [ -90.23625, 38.58653 ] } },
{ "type": "Feature", "properties": { "OBJECTID *": 387, "Shape": "Point", "longitude": -90.236937, "latitude": 38.585553, "Agency": "<Null>", "Counsel": "<Null>", "Address": "3111 KEOKUK ST", "Address (Matching)": "<Null>", "State": "<Null>", "City": "<Null>", "Status of Case": "<Null>", "Back Taxes and Fees": "Classified as vacant by STL.", "Violations as of March 2026": "Most recent: 9/27/2020 (CSB)", "Narrative": "<Null>", "Notes": "<Null>", "Type/Units": "<Null>", "Developer": "<Null>", "Opposing Contacts": "<Null>", "Status": "Not currently targeted", "Occupancy Status": "<Null>", "DMS Data Parcel": "<Null>", "Owner": "ALLEN", "Parcel": 2229 }, "geometry": { "type": "Point", "coordinates": [ -90.23694, 38.58555 ] } },
{ "type": "Feature", "properties": { "OBJECTID *": 388, "Shape": "Point", "longitude": -90.237307, "latitude": 38.585602, "Agency": "<Null>", "Counsel": "<Null>", "Address": "3121 KEOKUK ST", "Address (Matching)": "<Null>", "State": "<Null>", "City": "<Null>", "Status of Case": "<Null>", "Back Taxes and Fees": "Classified as vacant by STL.", "Violations as of March 2026": "Most recent: 10/30/2024 (Inspection)", "Narrative": "<Null>", "Notes": "<Null>", "Type/Units": "<Null>", "Developer": "<Null>", "Opposing Contacts": "<Null>", "Status": "Not currently targeted", "Occupancy Status": "<Null>", "DMS Data Parcel": "<Null>", "Owner": "DL 168 LLC", "Parcel": 5260 }, "geometry": { "type": "Point", "coordinates": [ -90.23731, 38.5856 ] } },
{ "type": "Feature", "properties": { "OBJECTID *": 389, "Shape": "Point", "longitude": -90.236254, "latitude": 38.586257, "Agency": "<Null>", "Counsel": "<Null>", "Address": "3834 MINNESOTA AV", "Address (Matching)": "<Null>", "State": "<Null>", "City": "<Null>", "Status of Case": "<Null>", "Back Taxes and Fees": "Classified as vacant by STL.", "Violations as of March 2026": "Most recent: 11/23/2025 (Inspection)", "Narrative": "<Null>", "Notes": "<Null>", "Type/Units": "<Null>", "Developer": "<Null>", "Opposing Contacts": "<Null>", "Status": "Not currently targeted", "Occupancy Status": "<Null>", "DMS Data Parcel": "<Null>", "Owner": "PANCT LLC", "Parcel": 12859 }, "geometry": { "type": "Point", "coordinates": [ -90.23625, 38.58626 ] } },
{ "type": "Feature", "properties": { "OBJECTID *": 390, "Shape": "Point", "longitude": -90.236247, "latitude": 38.58629, "Agency": "<Null>", "Counsel": "<Null>", "Address": "3832 MINNESOTA AV", "Address (Matching)": "<Null>", "State": "<Null>", "City": "<Null>", "Status of Case": "<Null>", "Back Taxes and Fees": "Classified as vacant by STL. 2", "Violations as of March 2026": "Most recent: 7/28/2021 (Inspection)", "Narrative": "<Null>", "Notes": "<Null>", "Type/Units": "<Null>", "Developer": "<Null>", "Opposing Contacts": "<Null>", "Status": "Not currently targeted", "Occupancy Status": "<Null>", "DMS Data Parcel": "<Null>", "Owner": "METROPRO DEVELOPMENT LLC", "Parcel": 16580 }, "geometry": { "type": "Point", "coordinates": [ -90.23625, 38.58629 ] } },
{ "type": "Feature", "properties": { "OBJECTID *": 391, "Shape": "Point", "longitude": -90.236232, "latitude": 38.586358, "Agency": "<Null>", "Counsel": "<Null>", "Address": "3830 MINNESOTA AV", "Address (Matching)": "<Null>", "State": "<Null>", "City": "<Null>", "Status of Case": "<Null>", "Back Taxes and Fees": "Classified as vacant by STL. 2", "Violations as of March 2026": "Most recent: 4/17/2024 (CSB)", "Narrative": "<Null>", "Notes": "<Null>", "Type/Units": "<Null>", "Developer": "<Null>", "Opposing Contacts": "<Null>", "Status": "Not currently targeted", "Occupancy Status": "<Null>", "DMS Data Parcel": "<Null>", "Owner": "METROPRO DEVELOPMENT LLC", "Parcel": 16277 }, "geometry": { "type": "Point", "coordinates": [ -90.23623, 38.58636 ] } },
{ "type": "Feature", "properties": { "OBJECTID *": 392, "Shape": "Point", "longitude": -90.235117, "latitude": 38.586337, "Agency": "<Null>", "Counsel": "<Null>", "Address": "3827 PENNSYLVANIA AV", "Address (Matching)": "<Null>", "State": "<Null>", "City": "<Null>", "Status of Case": "<Null>", "Back Taxes and Fees": "Classified as vacant by STL.", "Violations as of March 2026": "Most recent: 8/9/2021 (Violation)", "Narrative": "<Null>", "Notes": "<Null>", "Type/Units": "<Null>", "Developer": "<Null>", "Opposing Contacts": "<Null>", "Status": "Not currently targeted", "Occupancy Status": "<Null>", "DMS Data Parcel": "<Null>", "Owner": "GOMEZ", "Parcel": 43678 }, "geometry": { "type": "Point", "coordinates": [ -90.23512, 38.58634 ] } },
{ "type": "Feature", "properties": { "OBJECTID *": 393, "Shape": "Point", "longitude": -90.235132, "latitude": 38.586269, "Agency": "<Null>", "Counsel": "<Null>", "Address": "3829 PENNSYLVANIA AV", "Address (Matching)": "<Null>", "State": "<Null>", "City": "<Null>", "Status of Case": "<Null>", "Back Taxes and Fees": "Classified as vacant by STL.", "Violations as of March 2026": "Most recent: 1/26/2021 (Inspection)", "Narrative": "<Null>", "Notes": "<Null>", "Type/Units": "<Null>", "Developer": "<Null>", "Opposing Contacts": "<Null>", "Status": "Not currently targeted", "Occupancy Status": "<Null>", "DMS Data Parcel": "<Null>", "Owner": "JIT TRANSPORTATION SERVICES LLC", "Parcel": 43771 }, "geometry": { "type": "Point", "coordinates": [ -90.23513, 38.58627 ] } },
{ "type": "Feature", "properties": { "OBJECTID *": 394, "Shape": "Point", "longitude": -90.235132, "latitude": 38.586001, "Agency": "<Null>", "Counsel": "<Null>", "Address": "3840 PENNSYLVANIA AV", "Address (Matching)": "<Null>", "State": "<Null>", "City": "<Null>", "Status of Case": "<Null>", "Back Taxes and Fees": "Classified as vacant by STL. 2", "Violations as of March 2026": "Most recent: 8/27/2024 (CSB)", "Narrative": "<Null>", "Notes": "<Null>", "Type/Units": "<Null>", "Developer": "<Null>", "Opposing Contacts": "<Null>", "Status": "Not currently targeted", "Occupancy Status": "<Null>", "DMS Data Parcel": "<Null>", "Owner": "PRETTY PROPERTIES LLC", "Parcel": 26416 }, "geometry": { "type": "Point", "coordinates": [ -90.23513, 38.586 ] } },
{ "type": "Feature", "properties": { "OBJECTID *": 395, "Shape": "Point", "longitude": -90.235513, "latitude": 38.585381, "Agency": "<Null>", "Counsel": "<Null>", "Address": "3003 KEOKUK ST", "Address (Matching)": "<Null>", "State": "<Null>", "City": "<Null>", "Status of Case": "<Null>", "Back Taxes and Fees": "Classified as vacant by STL. 2", "Violations as of March 2026": "Most recent: 5/30/2025 (CSB)", "Narrative": "<Null>", "Notes": "<Null>", "Type/Units": "<Null>", "Developer": "<Null>", "Opposing Contacts": "<Null>", "Status": "Not currently targeted", "Occupancy Status": "<Null>", "DMS Data Parcel": "<Null>", "Owner": "BLUE LOTUS PROPERTY GROUP LLC", "Parcel": 44757 }, "geometry": { "type": "Point", "coordinates": [ -90.23551, 38.58538 ] } },
{ "type": "Feature", "properties": { "OBJECTID *": 396, "Shape": "Point", "longitude": -90.233926, "latitude": 38.58639, "Agency": "<Null>", "Counsel": "<Null>", "Address": "3819 NEBRASKA AV", "Address (Matching)": "<Null>", "State": "<Null>", "City": "<Null>", "Status of Case": "<Null>", "Back Taxes and Fees": "Classified as vacant by STL.", "Violations as of March 2026": "Most recent: 3/22/2024 (Violation)", "Narrative": "<Null>", "Notes": "<Null>", "Type/Units": "<Null>", "Developer": "<Null>", "Opposing Contacts": "<Null>", "Status": "Not currently targeted", "Occupancy Status": "<Null>", "DMS Data Parcel": "<Null>", "Owner": "HY REAL ESTATE LLC", "Parcel": 47200 }, "geometry": { "type": "Point", "coordinates": [ -90.23393, 38.58639 ] } },
{ "type": "Feature", "properties": { "OBJECTID *": 397, "Shape": "Point", "longitude": -90.233908, "latitude": 38.586472, "Agency": "<Null>", "Counsel": "<Null>", "Address": "3817 NEBRASKA AV", "Address (Matching)": "<Null>", "State": "<Null>", "City": "<Null>", "Status of Case": "<Null>", "Back Taxes and Fees": "Classified as vacant by STL.", "Violations as of March 2026": "Most recent: 3/22/2024 (Violation)", "Narrative": "<Null>", "Notes": "<Null>", "Type/Units": "<Null>", "Developer": "<Null>", "Opposing Contacts": "<Null>", "Status": "Not currently targeted", "Occupancy Status": "<Null>", "DMS Data Parcel": "<Null>", "Owner": "RENEWAL DEVELOPMENT LLC", "Parcel": 48130 }, "geometry": { "type": "Point", "coordinates": [ -90.23391, 38.58647 ] } },
{ "type": "Feature", "properties": { "OBJECTID *": 398, "Shape": "Point", "longitude": -90.234153, "latitude": 38.585356, "Agency": "<Null>", "Counsel": "<Null>", "Address": "3859 NEBRASKA AV", "Address (Matching)": "<Null>", "State": "<Null>", "City": "<Null>", "Status of Case": "<Null>", "Back Taxes and Fees": "Classified as vacant by STL.", "Violations as of March 2026": "Most recent: 12/27/2025 (CSB)", "Narrative": "<Null>", "Notes": "<Null>", "Type/Units": "<Null>", "Developer": "<Null>", "Opposing Contacts": "<Null>", "Status": "Not currently targeted", "Occupancy Status": "<Null>", "DMS Data Parcel": "<Null>", "Owner": "GUTIERREZ", "Parcel": 47351 }, "geometry": { "type": "Point", "coordinates": [ -90.23415, 38.58536 ] } },
{ "type": "Feature", "properties": { "OBJECTID *": 399, "Shape": "Point", "longitude": -90.232875, "latitude": 38.585924, "Agency": "<Null>", "Counsel": "<Null>", "Address": "3831 OREGON AV", "Address (Matching)": "<Null>", "State": "<Null>", "City": "<Null>", "Status of Case": "<Null>", "Back Taxes and Fees": "Classified as vacant by STL.", "Violations as of March 2026": "Most recent: 4/20/2026 (Violation)", "Narrative": "<Null>", "Notes": "<Null>", "Type/Units": "<Null>", "Developer": "<Null>", "Opposing Contacts": "<Null>", "Status": "Not currently targeted", "Occupancy Status": "<Null>", "DMS Data Parcel": "<Null>", "Owner": "DIAZ", "Parcel": 60113 }, "geometry": { "type": "Point", "coordinates": [ -90.23288, 38.58592 ] } },
{ "type": "Feature", "properties": { "OBJECTID *": 400, "Shape": "Point", "longitude": -90.233427, "latitude": 38.585126, "Agency": "<Null>", "Counsel": "<Null>", "Address": "2841 KEOKUK ST", "Address (Matching)": "<Null>", "State": "<Null>", "City": "<Null>", "Status of Case": "<Null>", "Back Taxes and Fees": "Classified as vacant by STL.", "Violations as of March 2026": "Most recent: 4/16/2024 (Violation)", "Narrative": "<Null>", "Notes": "<Null>", "Type/Units": "<Null>", "Developer": "<Null>", "Opposing Contacts": "<Null>", "Status": "Not currently targeted", "Occupancy Status": "<Null>", "DMS Data Parcel": "<Null>", "Owner": "MONTGOMERY", "Parcel": 60442 }, "geometry": { "type": "Point", "coordinates": [ -90.23343, 38.58513 ] } },
{ "type": "Feature", "properties": { "OBJECTID *": 401, "Shape": "Point", "longitude": -90.232886, "latitude": 38.585598, "Agency": "<Null>", "Counsel": "<Null>", "Address": "3846 OREGON AV", "Address (Matching)": "<Null>", "State": "<Null>", "City": "<Null>", "Status of Case": "<Null>", "Back Taxes and Fees": "Classified as vacant by STL. 2", "Violations as of March 2026": "Most recent: 4/27/2026 (Violation)", "Narrative": "<Null>", "Notes": "<Null>", "Type/Units": "<Null>", "Developer": "<Null>", "Opposing Contacts": "<Null>", "Status": "Not currently targeted", "Occupancy Status": "<Null>", "DMS Data Parcel": "<Null>", "Owner": "ANTHONY GROUP LLC", "Parcel": 63324 }, "geometry": { "type": "Point", "coordinates": [ -90.23289, 38.5856 ] } },
{ "type": "Feature", "properties": { "OBJECTID *": 402, "Shape": "Point", "longitude": -90.233654, "latitude": 38.585152, "Agency": "<Null>", "Counsel": "<Null>", "Address": "2847 KEOKUK ST", "Address (Matching)": "<Null>", "State": "<Null>", "City": "<Null>", "Status of Case": "<Null>", "Back Taxes and Fees": "Classified as vacant by STL.", "Violations as of March 2026": "Most recent: 5/9/2024 (CSB)", "Narrative": "<Null>", "Notes": "<Null>", "Type/Units": "<Null>", "Developer": "<Null>", "Opposing Contacts": "<Null>", "Status": "Not currently targeted", "Occupancy Status": "<Null>", "DMS Data Parcel": "<Null>", "Owner": "DORN", "Parcel": 64416 }, "geometry": { "type": "Point", "coordinates": [ -90.23365, 38.58515 ] } },
{ "type": "Feature", "properties": { "OBJECTID *": 403, "Shape": "Point", "longitude": -90.232844, "latitude": 38.585802, "Agency": "<Null>", "Counsel": "<Null>", "Address": "3836 OREGON AV", "Address (Matching)": "<Null>", "State": "<Null>", "City": "<Null>", "Status of Case": "<Null>", "Back Taxes and Fees": "Classified as vacant by STL. 3", "Violations as of March 2026": "Most recent: 6/25/2025 (CSB)", "Narrative": "<Null>", "Notes": "<Null>", "Type/Units": "<Null>", "Developer": "<Null>", "Opposing Contacts": "<Null>", "Status": "Not currently targeted", "Occupancy Status": "<Null>", "DMS Data Parcel": "<Null>", "Owner": "CITY HOME BUILDERS LLC", "Parcel": 62128 }, "geometry": { "type": "Point", "coordinates": [ -90.23284, 38.5858 ] } },
{ "type": "Feature", "properties": { "OBJECTID *": 404, "Shape": "Point", "longitude": -90.231647, "latitude": 38.586175, "Agency": "<Null>", "Counsel": "<Null>", "Address": "3815 CALIFORNIA AV", "Address (Matching)": "<Null>", "State": "<Null>", "City": "<Null>", "Status of Case": "<Null>", "Back Taxes and Fees": "Classified as vacant by STL.", "Violations as of March 2026": "Most recent: 7/16/2025 (Inspection)", "Narrative": "<Null>", "Notes": "<Null>", "Type/Units": "<Null>", "Developer": "<Null>", "Opposing Contacts": "<Null>", "Status": "Not currently targeted", "Occupancy Status": "<Null>", "DMS Data Parcel": "<Null>", "Owner": "SCHIEROFF", "Parcel": 64062 }, "geometry": { "type": "Point", "coordinates": [ -90.23165, 38.58617 ] } },
{ "type": "Feature", "properties": { "OBJECTID *": 405, "Shape": "Point", "longitude": -90.232392, "latitude": 38.584996, "Agency": "<Null>", "Counsel": "<Null>", "Address": "2811 KEOKUK ST", "Address (Matching)": "<Null>", "State": "<Null>", "City": "<Null>", "Status of Case": "<Null>", "Back Taxes and Fees": "Classified as vacant by STL.", "Violations as of March 2026": "Most recent: 1/21/2026 (Inspection)", "Narrative": "<Null>", "Notes": "<Null>", "Type/Units": "<Null>", "Developer": "<Null>", "Opposing Contacts": "<Null>", "Status": "Not currently targeted", "Occupancy Status": "<Null>", "DMS Data Parcel": "<Null>", "Owner": "KM RENTAL PLUS LLC", "Parcel": 84228 }, "geometry": { "type": "Point", "coordinates": [ -90.23239, 38.585 ] } },
{ "type": "Feature", "properties": { "OBJECTID *": 406, "Shape": "Point", "longitude": -90.232563, "latitude": 38.585019, "Agency": "<Null>", "Counsel": "<Null>", "Address": "2817 KEOKUK ST", "Address (Matching)": "<Null>", "State": "<Null>", "City": "<Null>", "Status of Case": "<Null>", "Back Taxes and Fees": "Classified as vacant by STL.", "Violations as of March 2026": "Most recent: 2/18/2026 (CSB)", "Narrative": "<Null>", "Notes": "<Null>", "Type/Units": "<Null>", "Developer": "<Null>", "Opposing Contacts": "<Null>", "Status": "Not currently targeted", "Occupancy Status": "<Null>", "DMS Data Parcel": "<Null>", "Owner": "LRA", "Parcel": 91950 }, "geometry": { "type": "Point", "coordinates": [ -90.23256, 38.58502 ] } },
{ "type": "Feature", "properties": { "OBJECTID *": 407, "Shape": "Point", "longitude": -90.230665, "latitude": 38.58514, "Agency": "<Null>", "Counsel": "<Null>", "Address": "3851 IOWA AV", "Address (Matching)": "<Null>", "State": "<Null>", "City": "<Null>", "Status of Case": "<Null>", "Back Taxes and Fees": "Classified as vacant by STL.", "Violations as of March 2026": "Most recent: 10/1/2025 (Inspection)", "Narrative": "<Null>", "Notes": "<Null>", "Type/Units": "<Null>", "Developer": "<Null>", "Opposing Contacts": "<Null>", "Status": "Not currently targeted", "Occupancy Status": "<Null>", "DMS Data Parcel": "<Null>", "Owner": "RILEY", "Parcel": 123557 }, "geometry": { "type": "Point", "coordinates": [ -90.23067, 38.58514 ] } },
{ "type": "Feature", "properties": { "OBJECTID *": 408, "Shape": "Point", "longitude": -90.231661, "latitude": 38.585827, "Agency": "<Null>", "Counsel": "<Null>", "Address": "3830 CALIFORNIA AV", "Address (Matching)": "<Null>", "State": "<Null>", "City": "<Null>", "Status of Case": "<Null>", "Back Taxes and Fees": "Classified as vacant by STL.", "Violations as of March 2026": "Most recent: 5/17/2023 (Violation)", "Narrative": "<Null>", "Notes": "<Null>", "Type/Units": "<Null>", "Developer": "<Null>", "Opposing Contacts": "<Null>", "Status": "Not currently targeted", "Occupancy Status": "<Null>", "DMS Data Parcel": "<Null>", "Owner": "PITTMAN", "Parcel": 99697 }, "geometry": { "type": "Point", "coordinates": [ -90.23166, 38.58583 ] } },
{ "type": "Feature", "properties": { "OBJECTID *": 409, "Shape": "Point", "longitude": -90.229488, "latitude": 38.585307, "Agency": "<Null>", "Counsel": "<Null>", "Address": "3837 OHIO AV", "Address (Matching)": "<Null>", "State": "<Null>", "City": "<Null>", "Status of Case": "<Null>", "Back Taxes and Fees": "Classified as vacant by STL.", "Violations as of March 2026": "Most recent: 10/20/2024 (Inspection)", "Narrative": "<Null>", "Notes": "<Null>", "Type/Units": "<Null>", "Developer": "<Null>", "Opposing Contacts": "<Null>", "Status": "Not currently targeted", "Occupancy Status": "<Null>", "DMS Data Parcel": "<Null>", "Owner": "MARSHBURN", "Parcel": 49978 }, "geometry": { "type": "Point", "coordinates": [ -90.22949, 38.58531 ] } },
{ "type": "Feature", "properties": { "OBJECTID *": 410, "Shape": "Point", "longitude": -90.2295, "latitude": 38.585251, "Agency": "<Null>", "Counsel": "<Null>", "Address": "3839 OHIO AV", "Address (Matching)": "<Null>", "State": "<Null>", "City": "<Null>", "Status of Case": "<Null>", "Back Taxes and Fees": "Classified as vacant by STL.", "Violations as of March 2026": "Most recent: 4/3/2026 (Violation)", "Narrative": "<Null>", "Notes": "<Null>", "Type/Units": "<Null>", "Developer": "<Null>", "Opposing Contacts": "<Null>", "Status": "Not currently targeted", "Occupancy Status": "<Null>", "DMS Data Parcel": "<Null>", "Owner": "STEWART", "Parcel": 60629 }, "geometry": { "type": "Point", "coordinates": [ -90.2295, 38.58525 ] } },
{ "type": "Feature", "properties": { "OBJECTID *": 411, "Shape": "Point", "longitude": -90.229513, "latitude": 38.585191, "Agency": "<Null>", "Counsel": "<Null>", "Address": "3843 OHIO AV", "Address (Matching)": "<Null>", "State": "<Null>", "City": "<Null>", "Status of Case": "<Null>", "Back Taxes and Fees": "Classified as vacant by STL.", "Violations as of March 2026": "Most recent: 4/28/2025 (Inspection)", "Narrative": "<Null>", "Notes": "<Null>", "Type/Units": "<Null>", "Developer": "<Null>", "Opposing Contacts": "<Null>", "Status": "Not currently targeted", "Occupancy Status": "<Null>", "DMS Data Parcel": "<Null>", "Owner": "TOSKA PROPERTIES LLC", "Parcel": 60326 }, "geometry": { "type": "Point", "coordinates": [ -90.22951, 38.58519 ] } },
{ "type": "Feature", "properties": { "OBJECTID *": 412, "Shape": "Point", "longitude": -90.229379, "latitude": 38.585553, "Agency": "<Null>", "Counsel": "<Null>", "Address": "3830 OHIO AV", "Address (Matching)": "<Null>", "State": "<Null>", "City": "<Null>", "Status of Case": "<Null>", "Back Taxes and Fees": "Classified as vacant by STL.", "Violations as of March 2026": "Most recent: 12/15/2025 (Violation)", "Narrative": "<Null>", "Notes": "<Null>", "Type/Units": "<Null>", "Developer": "<Null>", "Opposing Contacts": "<Null>", "Status": "Not currently targeted", "Occupancy Status": "<Null>", "DMS Data Parcel": "<Null>", "Owner": "KAI REALTY GROUP LLC", "Parcel": 61885 }, "geometry": { "type": "Point", "coordinates": [ -90.22938, 38.58555 ] } },
{ "type": "Feature", "properties": { "OBJECTID *": 413, "Shape": "Point", "longitude": -90.228345, "latitude": 38.585294, "Agency": "<Null>", "Counsel": "<Null>", "Address": "3834 TEXAS AV", "Address (Matching)": "<Null>", "State": "<Null>", "City": "<Null>", "Status of Case": "<Null>", "Back Taxes and Fees": "Classified as vacant by STL.", "Violations as of March 2026": "Most recent: 12/28/2025 (Inspection)", "Narrative": "<Null>", "Notes": "<Null>", "Type/Units": "<Null>", "Developer": "<Null>", "Opposing Contacts": "<Null>", "Status": "Not currently targeted", "Occupancy Status": "<Null>", "DMS Data Parcel": "<Null>", "Owner": "BUTTE LLC", "Parcel": 82004 }, "geometry": { "type": "Point", "coordinates": [ -90.22835, 38.58529 ] } },
{ "type": "Feature", "properties": { "OBJECTID *": 414, "Shape": "Point", "longitude": -90.22829, "latitude": 38.585552, "Agency": "<Null>", "Counsel": "<Null>", "Address": "3824 TEXAS AV", "Address (Matching)": "<Null>", "State": "<Null>", "City": "<Null>", "Status of Case": "<Null>", "Back Taxes and Fees": "Classified as vacant by STL. 3", "Violations as of March 2026": "Most recent: 5/27/2024 (Violation)", "Narrative": "<Null>", "Notes": "<Null>", "Type/Units": "<Null>", "Developer": "<Null>", "Opposing Contacts": "<Null>", "Status": "Not currently targeted", "Occupancy Status": "<Null>", "DMS Data Parcel": "<Null>", "Owner": "MINUTE MAID PROPERTIES LLC", "Parcel": 80756 }, "geometry": { "type": "Point", "coordinates": [ -90.22829, 38.58555 ] } },
{ "type": "Feature", "properties": { "OBJECTID *": 415, "Shape": "Point", "longitude": -90.228271, "latitude": 38.585626, "Agency": "<Null>", "Counsel": "<Null>", "Address": "3822 TEXAS AV", "Address (Matching)": "<Null>", "State": "<Null>", "City": "<Null>", "Status of Case": "<Null>", "Back Taxes and Fees": "Classified as vacant by STL.", "Violations as of March 2026": "Most recent: 4/17/2025 (CSB)", "Narrative": "<Null>", "Notes": "<Null>", "Type/Units": "<Null>", "Developer": "<Null>", "Opposing Contacts": "<Null>", "Status": "Not currently targeted", "Occupancy Status": "<Null>", "DMS Data Parcel": "<Null>", "Owner": "SALTER", "Parcel": 80850 }, "geometry": { "type": "Point", "coordinates": [ -90.22827, 38.58563 ] } },
{ "type": "Feature", "properties": { "OBJECTID *": 416, "Shape": "Point", "longitude": -90.230942, "latitude": 38.583632, "Agency": "<Null>", "Counsel": "<Null>", "Address": "3938 IOWA AV", "Address (Matching)": "<Null>", "State": "<Null>", "City": "<Null>", "Status of Case": "<Null>", "Back Taxes and Fees": "Classified as vacant by STL.", "Violations as of March 2026": "Most recent: 6/12/2025 (Inspection)", "Narrative": "<Null>", "Notes": "<Null>", "Type/Units": "<Null>", "Developer": "<Null>", "Opposing Contacts": "<Null>", "Status": "Not currently targeted", "Occupancy Status": "<Null>", "DMS Data Parcel": "<Null>", "Owner": "UTURN HOLDINGS LLC", "Parcel": 20189 }, "geometry": { "type": "Point", "coordinates": [ -90.23094, 38.58363 ] } },
{ "type": "Feature", "properties": { "OBJECTID *": 417, "Shape": "Point", "longitude": -90.230926, "latitude": 38.583703, "Agency": "<Null>", "Counsel": "<Null>", "Address": "3936 IOWA AV", "Address (Matching)": "<Null>", "State": "<Null>", "City": "<Null>", "Status of Case": "<Null>", "Back Taxes and Fees": "Classified as vacant by STL.", "Violations as of March 2026": "Most recent: 12/16/2024 (Inspection)", "Narrative": "<Null>", "Notes": "<Null>", "Type/Units": "<Null>", "Developer": "<Null>", "Opposing Contacts": "<Null>", "Status": "Not currently targeted", "Occupancy Status": "<Null>", "DMS Data Parcel": "<Null>", "Owner": "SCOTT", "Parcel": 21216 }, "geometry": { "type": "Point", "coordinates": [ -90.23093, 38.5837 ] } },
{ "type": "Feature", "properties": { "OBJECTID *": 418, "Shape": "Point", "longitude": -90.230975, "latitude": 38.58349, "Agency": "<Null>", "Counsel": "<Null>", "Address": "3942 IOWA AV", "Address (Matching)": "<Null>", "State": "<Null>", "City": "<Null>", "Status of Case": "<Null>", "Back Taxes and Fees": "Classified as vacant by STL.", "Violations as of March 2026": "Most recent: 8/17/2025 (CSB)", "Narrative": "<Null>", "Notes": "<Null>", "Type/Units": "<Null>", "Developer": "<Null>", "Opposing Contacts": "<Null>", "Status": "Not currently targeted", "Occupancy Status": "<Null>", "DMS Data Parcel": "<Null>", "Owner": "MURRAY", "Parcel": 20188 }, "geometry": { "type": "Point", "coordinates": [ -90.23098, 38.58349 ] } },
{ "type": "Feature", "properties": { "OBJECTID *": 419, "Shape": "Point", "longitude": -90.230734, "latitude": 38.584542, "Agency": "<Null>", "Counsel": "<Null>", "Address": "3906 IOWA AV", "Address (Matching)": "<Null>", "State": "<Null>", "City": "<Null>", "Status of Case": "<Null>", "Back Taxes and Fees": "Classified as vacant by STL.", "Violations as of March 2026": "Most recent: 11/18/2024 (Violation)", "Narrative": "<Null>", "Notes": "<Null>", "Type/Units": "<Null>", "Developer": "<Null>", "Opposing Contacts": "<Null>", "Status": "Not currently targeted", "Occupancy Status": "<Null>", "DMS Data Parcel": "<Null>", "Owner": "TALLEY", "Parcel": 43520 }, "geometry": { "type": "Point", "coordinates": [ -90.23073, 38.58454 ] } },
{ "type": "Feature", "properties": { "OBJECTID *": 420, "Shape": "Point", "longitude": -90.230033, "latitude": 38.584645, "Agency": "<Null>", "Counsel": "<Null>", "Address": "2708 KEOKUK ST", "Address (Matching)": "<Null>", "State": "<Null>", "City": "<Null>", "Status of Case": "<Null>", "Back Taxes and Fees": "Classified as vacant by STL.", "Violations as of March 2026": "Most recent: 12/17/2025 (Inspection)", "Narrative": "<Null>", "Notes": "<Null>", "Type/Units": "<Null>", "Developer": "<Null>", "Opposing Contacts": "<Null>", "Status": "Not currently targeted", "Occupancy Status": "<Null>", "DMS Data Parcel": "<Null>", "Owner": "THORTON", "Parcel": 49823 }, "geometry": { "type": "Point", "coordinates": [ -90.23003, 38.58465 ] } },
{ "type": "Feature", "properties": { "OBJECTID *": 421, "Shape": "Point", "longitude": -90.22987, "latitude": 38.583471, "Agency": "<Null>", "Counsel": "<Null>", "Address": "3939 OHIO AV", "Address (Matching)": "<Null>", "State": "<Null>", "City": "<Null>", "Status of Case": "<Null>", "Back Taxes and Fees": "Classified as vacant by STL.", "Violations as of March 2026": "Most recent: 11/5/2025 (Inspection)", "Narrative": "<Null>", "Notes": "<Null>", "Type/Units": "<Null>", "Developer": "<Null>", "Opposing Contacts": "<Null>", "Status": "Not currently targeted", "Occupancy Status": "<Null>", "DMS Data Parcel": "<Null>", "Owner": "SMITH", "Parcel": 67664 }, "geometry": { "type": "Point", "coordinates": [ -90.22987, 38.58347 ] } },
{ "type": "Feature", "properties": { "OBJECTID *": 422, "Shape": "Point", "longitude": -90.229802, "latitude": 38.583802, "Agency": "<Null>", "Counsel": "<Null>", "Address": "3927 OHIO AV", "Address (Matching)": "<Null>", "State": "<Null>", "City": "<Null>", "Status of Case": "<Null>", "Back Taxes and Fees": "Classified as vacant by STL.", "Violations as of March 2026": "Most recent: 7/23/2024 (Violation)", "Narrative": "<Null>", "Notes": "<Null>", "Type/Units": "<Null>", "Developer": "<Null>", "Opposing Contacts": "<Null>", "Status": "Not currently targeted", "Occupancy Status": "<Null>", "DMS Data Parcel": "<Null>", "Owner": "GORDON", "Parcel": 60569 }, "geometry": { "type": "Point", "coordinates": [ -90.2298, 38.5838 ] } },
{ "type": "Feature", "properties": { "OBJECTID *": 423, "Shape": "Point", "longitude": -90.229827, "latitude": 38.58368, "Agency": "<Null>", "Counsel": "<Null>", "Address": "3931 OHIO AV", "Address (Matching)": "<Null>", "State": "<Null>", "City": "<Null>", "Status of Case": "<Null>", "Back Taxes and Fees": "Classified as vacant by STL.", "Violations as of March 2026": "Most recent: 10/2/2020 (CSB)", "Narrative": "<Null>", "Notes": "<Null>", "Type/Units": "<Null>", "Developer": "<Null>", "Opposing Contacts": "<Null>", "Status": "Not currently targeted", "Occupancy Status": "<Null>", "DMS Data Parcel": "<Null>", "Owner": "HALL", "Parcel": 59997 }, "geometry": { "type": "Point", "coordinates": [ -90.22983, 38.58368 ] } },
{ "type": "Feature", "properties": { "OBJECTID *": 424, "Shape": "Point", "longitude": -90.229787, "latitude": 38.583878, "Agency": "<Null>", "Counsel": "<Null>", "Address": "3923 OHIO AV", "Address (Matching)": "<Null>", "State": "<Null>", "City": "<Null>", "Status of Case": "<Null>", "Back Taxes and Fees": "Classified as vacant by STL.", "Violations as of March 2026": "Most recent: 8/1/2025 (CSB)", "Narrative": "<Null>", "Notes": "<Null>", "Type/Units": "<Null>", "Developer": "<Null>", "Opposing Contacts": "<Null>", "Status": "Not currently targeted", "Occupancy Status": "<Null>", "DMS Data Parcel": "<Null>", "Owner": "RUBICON CORP", "Parcel": 58584 }, "geometry": { "type": "Point", "coordinates": [ -90.22979, 38.58388 ] } },
{ "type": "Feature", "properties": { "OBJECTID *": 425, "Shape": "Point", "longitude": -90.2331, "latitude": 38.584558, "Agency": "<Null>", "Counsel": "<Null>", "Address": "3914 OREGON AV", "Address (Matching)": "<Null>", "State": "<Null>", "City": "<Null>", "Status of Case": "<Null>", "Back Taxes and Fees": "Classified as vacant by STL.", "Violations as of March 2026": "Most recent: 6/21/2022 (Violation)", "Narrative": "<Null>", "Notes": "<Null>", "Type/Units": "<Null>", "Developer": "<Null>", "Opposing Contacts": "<Null>", "Status": "Not currently targeted", "Occupancy Status": "<Null>", "DMS Data Parcel": "<Null>", "Owner": "KENNEDY", "Parcel": 3674 }, "geometry": { "type": "Point", "coordinates": [ -90.2331, 38.58456 ] } },
{ "type": "Feature", "properties": { "OBJECTID *": 426, "Shape": "Point", "longitude": -90.232022, "latitude": 38.584057, "Agency": "<Null>", "Counsel": "<Null>", "Address": "3928 CALIFORNIA AV", "Address (Matching)": "<Null>", "State": "<Null>", "City": "<Null>", "Status of Case": "<Null>", "Back Taxes and Fees": "Classified as vacant by STL.", "Violations as of March 2026": "Most recent: 9/6/2023 (Inspection)", "Narrative": "<Null>", "Notes": "<Null>", "Type/Units": "<Null>", "Developer": "<Null>", "Opposing Contacts": "<Null>", "Status": "Not currently targeted", "Occupancy Status": "<Null>", "DMS Data Parcel": "<Null>", "Owner": "LRA C/O DERRYL M HOWARD JR", "Parcel": 93828 }, "geometry": { "type": "Point", "coordinates": [ -90.23202, 38.58406 ] } },
{ "type": "Feature", "properties": { "OBJECTID *": 427, "Shape": "Point", "longitude": -90.233116, "latitude": 38.58448, "Agency": "<Null>", "Counsel": "<Null>", "Address": "3918 OREGON AV", "Address (Matching)": "<Null>", "State": "<Null>", "City": "<Null>", "Status of Case": "<Null>", "Back Taxes and Fees": "Classified as vacant by STL.", "Violations as of March 2026": "Most recent: 5/17/2022 (Inspection)", "Narrative": "<Null>", "Notes": "<Null>", "Type/Units": "<Null>", "Developer": "<Null>", "Opposing Contacts": "<Null>", "Status": "Not currently targeted", "Occupancy Status": "<Null>", "DMS Data Parcel": "<Null>", "Owner": "RENEWAL DEVELOPMENT LLC", "Parcel": 1051 }, "geometry": { "type": "Point", "coordinates": [ -90.23312, 38.58448 ] } },
{ "type": "Feature", "properties": { "OBJECTID *": 428, "Shape": "Point", "longitude": -90.232171, "latitude": 38.583608, "Agency": "<Null>", "Counsel": "<Null>", "Address": "3945 CALIFORNIA AV", "Address (Matching)": "<Null>", "State": "<Null>", "City": "<Null>", "Status of Case": "<Null>", "Back Taxes and Fees": "Classified as vacant by STL.", "Violations as of March 2026": "Most recent: 2/26/2026 (CSB)", "Narrative": "<Null>", "Notes": "<Null>", "Type/Units": "<Null>", "Developer": "<Null>", "Opposing Contacts": "<Null>", "Status": "Not currently targeted", "Occupancy Status": "<Null>", "DMS Data Parcel": "<Null>", "Owner": "THOMPSON-JONES", "Parcel": 27296 }, "geometry": { "type": "Point", "coordinates": [ -90.23217, 38.58361 ] } },
{ "type": "Feature", "properties": { "OBJECTID *": 429, "Shape": "Point", "longitude": -90.23245, "latitude": 38.584778, "Agency": "<Null>", "Counsel": "<Null>", "Address": "2812 KEOKUK ST", "Address (Matching)": "<Null>", "State": "<Null>", "City": "<Null>", "Status of Case": "<Null>", "Back Taxes and Fees": "Classified as vacant by STL.", "Violations as of March 2026": "Most recent: 8/10/2025 (Inspection)", "Narrative": "<Null>", "Notes": "<Null>", "Type/Units": "<Null>", "Developer": "<Null>", "Opposing Contacts": "<Null>", "Status": "Not currently targeted", "Occupancy Status": "<Null>", "DMS Data Parcel": "<Null>", "Owner": "ORELLANA", "Parcel": 9417 }, "geometry": { "type": "Point", "coordinates": [ -90.23245, 38.58478 ] } },
{ "type": "Feature", "properties": { "OBJECTID *": 430, "Shape": "Point", "longitude": -90.232341, "latitude": 38.584934, "Agency": "<Null>", "Counsel": "<Null>", "Address": "2808 KEOKUK ST", "Address (Matching)": "<Null>", "State": "<Null>", "City": "<Null>", "Status of Case": "<Null>", "Back Taxes and Fees": "Classified as vacant by STL.", "Violations as of March 2026": "Most recent: 11/24/2025 (Violation)", "Narrative": "<Null>", "Notes": "<Null>", "Type/Units": "<Null>", "Developer": "<Null>", "Opposing Contacts": "<Null>", "Status": "Not currently targeted", "Occupancy Status": "<Null>", "DMS Data Parcel": "<Null>", "Owner": "REED'USSERY", "Parcel": 8696 }, "geometry": { "type": "Point", "coordinates": [ -90.23234, 38.58493 ] } },
{ "type": "Feature", "properties": { "OBJECTID *": 431, "Shape": "Point", "longitude": -90.230592, "latitude": 38.582932, "Agency": "<Null>", "Counsel": "<Null>", "Address": "2715 OSAGE ST", "Address (Matching)": "<Null>", "State": "<Null>", "City": "<Null>", "Status of Case": "<Null>", "Back Taxes and Fees": "Classified as vacant by STL. 1", "Violations as of March 2026": "Most recent: 2/24/2026 (Inspection)", "Narrative": "<Null>", "Notes": "<Null>", "Type/Units": "<Null>", "Developer": "<Null>", "Opposing Contacts": "<Null>", "Status": "Not currently targeted", "Occupancy Status": "<Null>", "DMS Data Parcel": "<Null>", "Owner": "BELLA TERRA PARTNERS 401K PLAN", "Parcel": 78431 }, "geometry": { "type": "Point", "coordinates": [ -90.23059, 38.58293 ] } },
{ "type": "Feature", "properties": { "OBJECTID *": 432, "Shape": "Point", "longitude": -90.233231, "latitude": 38.584193, "Agency": "<Null>", "Counsel": "<Null>", "Address": "3929 OREGON AV", "Address (Matching)": "<Null>", "State": "<Null>", "City": "<Null>", "Status of Case": "<Null>", "Back Taxes and Fees": "Classified as vacant by STL.", "Violations as of March 2026": "Most recent: 6/19/2023 (Violation)", "Narrative": "<Null>", "Notes": "<Null>", "Type/Units": "<Null>", "Developer": "<Null>", "Opposing Contacts": "<Null>", "Status": "Not currently targeted", "Occupancy Status": "<Null>", "DMS Data Parcel": "<Null>", "Owner": "LUTHER", "Parcel": 81172 }, "geometry": { "type": "Point", "coordinates": [ -90.23323, 38.58419 ] } },
{ "type": "Feature", "properties": { "OBJECTID *": 433, "Shape": "Point", "longitude": -90.234932, "latitude": 38.585255, "Agency": "<Null>", "Counsel": "<Null>", "Address": "2918 KEOKUK ST", "Address (Matching)": "<Null>", "State": "<Null>", "City": "<Null>", "Status of Case": "<Null>", "Back Taxes and Fees": "Classified as vacant by STL.", "Violations as of March 2026": "Most recent: 5/6/2025 (Inspection)", "Narrative": "<Null>", "Notes": "<Null>", "Type/Units": "<Null>", "Developer": "<Null>", "Opposing Contacts": "<Null>", "Status": "Not currently targeted", "Occupancy Status": "<Null>", "DMS Data Parcel": "<Null>", "Owner": "FOREVER HOME REALTY LLC", "Parcel": 124512 }, "geometry": { "type": "Point", "coordinates": [ -90.23493, 38.58525 ] } },
{ "type": "Feature", "properties": { "OBJECTID *": 434, "Shape": "Point", "longitude": -90.234632, "latitude": 38.585216, "Agency": "<Null>", "Counsel": "<Null>", "Address": "2908 KEOKUK ST", "Address (Matching)": "<Null>", "State": "<Null>", "City": "<Null>", "Status of Case": "<Null>", "Back Taxes and Fees": "Classified as vacant by STL.", "Violations as of March 2026": "Most recent: 6/25/2025 (CSB)", "Narrative": "<Null>", "Notes": "<Null>", "Type/Units": "<Null>", "Developer": "<Null>", "Opposing Contacts": "<Null>", "Status": "Not currently targeted", "Occupancy Status": "<Null>", "DMS Data Parcel": "<Null>", "Owner": "LRA", "Parcel": 123465 }, "geometry": { "type": "Point", "coordinates": [ -90.23463, 38.58522 ] } },
{ "type": "Feature", "properties": { "OBJECTID *": 435, "Shape": "Point", "longitude": -90.236658, "latitude": 38.584302, "Agency": "<Null>", "Counsel": "<Null>", "Address": "3940 MINNESOTA AV", "Address (Matching)": "<Null>", "State": "<Null>", "City": "<Null>", "Status of Case": "<Null>", "Back Taxes and Fees": "Classified as vacant by STL. 1", "Violations as of March 2026": "Most recent: 7/15/2025 (CSB)", "Narrative": "<Null>", "Notes": "<Null>", "Type/Units": "<Null>", "Developer": "<Null>", "Opposing Contacts": "<Null>", "Status": "Not currently targeted", "Occupancy Status": "<Null>", "DMS Data Parcel": "<Null>", "Owner": "MAURICE G INVESTMENTS LLC", "Parcel": 14411 }, "geometry": { "type": "Point", "coordinates": [ -90.23666, 38.5843 ] } },
{ "type": "Feature", "properties": { "OBJECTID *": 436, "Shape": "Point", "longitude": -90.234238, "latitude": 38.583392, "Agency": "<Null>", "Counsel": "<Null>", "Address": "2851 OSAGE ST", "Address (Matching)": "<Null>", "State": "<Null>", "City": "<Null>", "Status of Case": "<Null>", "Back Taxes and Fees": "Classified as vacant by STL.", "Violations as of March 2026": "Most recent: 8/10/2024 (Violation)", "Narrative": "<Null>", "Notes": "<Null>", "Type/Units": "<Null>", "Developer": "<Null>", "Opposing Contacts": "<Null>", "Status": "Not currently targeted", "Occupancy Status": "<Null>", "DMS Data Parcel": "<Null>", "Owner": "MABRE PROPERTIES LLC", "Parcel": 94812 }, "geometry": { "type": "Point", "coordinates": [ -90.23424, 38.58339 ] } },
{ "type": "Feature", "properties": { "OBJECTID *": 437, "Shape": "Point", "longitude": -90.235928, "latitude": 38.585373, "Agency": "<Null>", "Counsel": "<Null>", "Address": "3014 KEOKUK ST", "Address (Matching)": "<Null>", "State": "<Null>", "City": "<Null>", "Status of Case": "<Null>", "Back Taxes and Fees": "Classified as vacant by STL.", "Violations as of March 2026": "Most recent: 10/2/2025 (CSB)", "Narrative": "<Null>", "Notes": "<Null>", "Type/Units": "<Null>", "Developer": "<Null>", "Opposing Contacts": "<Null>", "Status": "Not currently targeted", "Occupancy Status": "<Null>", "DMS Data Parcel": "<Null>", "Owner": "K&M RENTAL PUS LLC", "Parcel": 42642 }, "geometry": { "type": "Point", "coordinates": [ -90.23593, 38.58537 ] } },
{ "type": "Feature", "properties": { "OBJECTID *": 438, "Shape": "Point", "longitude": -90.235477, "latitude": 38.585322, "Agency": "<Null>", "Counsel": "<Null>", "Address": "3000 KEOKUK ST", "Address (Matching)": "<Null>", "State": "<Null>", "City": "<Null>", "Status of Case": "<Null>", "Back Taxes and Fees": "Classified as vacant by STL.", "Violations as of March 2026": "Most recent: 5/4/2026 (Violation)", "Narrative": "<Null>", "Notes": "<Null>", "Type/Units": "<Null>", "Developer": "<Null>", "Opposing Contacts": "<Null>", "Status": "Not currently targeted", "Occupancy Status": "<Null>", "DMS Data Parcel": "<Null>", "Owner": "MERAMEC COMMUNITY LLC", "Parcel": 41464 }, "geometry": { "type": "Point", "coordinates": [ -90.23548, 38.58532 ] } },
{ "type": "Feature", "properties": { "OBJECTID *": 439, "Shape": "Point", "longitude": -90.236673, "latitude": 38.584508, "Agency": "<Null>", "Counsel": "<Null>", "Address": "3931 MINNESOTA AV", "Address (Matching)": "<Null>", "State": "<Null>", "City": "<Null>", "Status of Case": "<Null>", "Back Taxes and Fees": "Classified as vacant by STL.", "Violations as of March 2026": "Most recent: 3/4/2026 (CSB)", "Narrative": "<Null>", "Notes": "<Null>", "Type/Units": "<Null>", "Developer": "<Null>", "Opposing Contacts": "<Null>", "Status": "Not currently targeted", "Occupancy Status": "<Null>", "DMS Data Parcel": "<Null>", "Owner": "MARQUETTE HOMES PARTNERS LP", "Parcel": 101382 }, "geometry": { "type": "Point", "coordinates": [ -90.23667, 38.58451 ] } },
{ "type": "Feature", "properties": { "OBJECTID *": 440, "Shape": "Point", "longitude": -90.234995, "latitude": 38.583494, "Agency": "<Null>", "Counsel": "<Null>", "Address": "2911 OSAGE ST", "Address (Matching)": "<Null>", "State": "<Null>", "City": "<Null>", "Status of Case": "<Null>", "Back Taxes and Fees": "Classified as vacant by STL.", "Violations as of March 2026": "Most recent: 4/27/2026 (Violation)", "Narrative": "<Null>", "Notes": "<Null>", "Type/Units": "<Null>", "Developer": "<Null>", "Opposing Contacts": "<Null>", "Status": "Not currently targeted", "Occupancy Status": "<Null>", "DMS Data Parcel": "<Null>", "Owner": "POLEY", "Parcel": 8908 }, "geometry": { "type": "Point", "coordinates": [ -90.23499, 38.58349 ] } },
{ "type": "Feature", "properties": { "OBJECTID *": 441, "Shape": "Point", "longitude": -90.23673, "latitude": 38.58547, "Agency": "<Null>", "Counsel": "<Null>", "Address": "3104 KEOKUK ST", "Address (Matching)": "<Null>", "State": "<Null>", "City": "<Null>", "Status of Case": "<Null>", "Back Taxes and Fees": "Classified as vacant by STL.", "Violations as of March 2026": "Most recent: 9/3/2025 (Inspection)", "Narrative": "<Null>", "Notes": "<Null>", "Type/Units": "<Null>", "Developer": "<Null>", "Opposing Contacts": "<Null>", "Status": "Not currently targeted", "Occupancy Status": "<Null>", "DMS Data Parcel": "<Null>", "Owner": "GJD VENTURES LLC", "Parcel": 95407 }, "geometry": { "type": "Point", "coordinates": [ -90.23673, 38.58547 ] } },
{ "type": "Feature", "properties": { "OBJECTID *": 442, "Shape": "Point", "longitude": -90.237879, "latitude": 38.584307, "Agency": "<Null>", "Counsel": "<Null>", "Address": "3945 MICHIGAN AV", "Address (Matching)": "<Null>", "State": "<Null>", "City": "<Null>", "Status of Case": "<Null>", "Back Taxes and Fees": "Classified as vacant by STL. 1", "Violations as of March 2026": "Most recent: 12/3/2025 (Inspection)", "Narrative": "<Null>", "Notes": "<Null>", "Type/Units": "<Null>", "Developer": "<Null>", "Opposing Contacts": "<Null>", "Status": "Not currently targeted", "Occupancy Status": "<Null>", "DMS Data Parcel": "<Null>", "Owner": "GUARDIAN FUND LLC", "Parcel": 25235 }, "geometry": { "type": "Point", "coordinates": [ -90.23788, 38.58431 ] } },
{ "type": "Feature", "properties": { "OBJECTID *": 443, "Shape": "Point", "longitude": -90.238838, "latitude": 38.58491, "Agency": "<Null>", "Counsel": "<Null>", "Address": "3928 S COMPTON AV", "Address (Matching)": "<Null>", "State": "<Null>", "City": "<Null>", "Status of Case": "<Null>", "Back Taxes and Fees": "Classified as vacant by STL.", "Violations as of March 2026": "Most recent: 10/23/2024 (Inspection)", "Narrative": "<Null>", "Notes": "<Null>", "Type/Units": "<Null>", "Developer": "<Null>", "Opposing Contacts": "<Null>", "Status": "Not currently targeted", "Occupancy Status": "<Null>", "DMS Data Parcel": "<Null>", "Owner": "REECE", "Parcel": 124513 }, "geometry": { "type": "Point", "coordinates": [ -90.23884, 38.58491 ] } },
{ "type": "Feature", "properties": { "OBJECTID *": 444, "Shape": "Point", "longitude": -90.238824, "latitude": 38.584977, "Agency": "<Null>", "Counsel": "<Null>", "Address": "3926 S COMPTON AV", "Address (Matching)": "<Null>", "State": "<Null>", "City": "<Null>", "Status of Case": "<Null>", "Back Taxes and Fees": "Classified as vacant by STL.", "Violations as of March 2026": "Most recent: 2/26/2026 (CSB)", "Narrative": "<Null>", "Notes": "<Null>", "Type/Units": "<Null>", "Developer": "<Null>", "Opposing Contacts": "<Null>", "Status": "Not currently targeted", "Occupancy Status": "<Null>", "DMS Data Parcel": "<Null>", "Owner": "LANG", "Parcel": 122491 }, "geometry": { "type": "Point", "coordinates": [ -90.23882, 38.58498 ] } },
{ "type": "Feature", "properties": { "OBJECTID *": 445, "Shape": "Point", "longitude": -90.238841, "latitude": 38.58517, "Agency": "<Null>", "Counsel": "<Null>", "Address": "3919 S COMPTON AV", "Address (Matching)": "<Null>", "State": "<Null>", "City": "<Null>", "Status of Case": "<Null>", "Back Taxes and Fees": "Classified as vacant by STL.", "Violations as of March 2026": "Most recent: 1/19/2026 (Inspection)", "Narrative": "<Null>", "Notes": "<Null>", "Type/Units": "<Null>", "Developer": "<Null>", "Opposing Contacts": "<Null>", "Status": "Not currently targeted", "Occupancy Status": "<Null>", "DMS Data Parcel": "<Null>", "Owner": "VANDELAY LLC", "Parcel": 77959 }, "geometry": { "type": "Point", "coordinates": [ -90.23884, 38.58517 ] } },
{ "type": "Feature", "properties": { "OBJECTID *": 446, "Shape": "Point", "longitude": -90.238886, "latitude": 38.584946, "Agency": "<Null>", "Counsel": "<Null>", "Address": "3927 S COMPTON AV", "Address (Matching)": "<Null>", "State": "<Null>", "City": "<Null>", "Status of Case": "<Null>", "Back Taxes and Fees": "Classified as vacant by STL.", "Violations as of March 2026": "Most recent: 10/22/2024 (CSB)", "Narrative": "<Null>", "Notes": "<Null>", "Type/Units": "<Null>", "Developer": "<Null>", "Opposing Contacts": "<Null>", "Status": "Not currently targeted", "Occupancy Status": "<Null>", "DMS Data Parcel": "<Null>", "Owner": "REYNOLDS", "Parcel": 122491 }, "geometry": { "type": "Point", "coordinates": [ -90.23889, 38.58495 ] } },
{ "type": "Feature", "properties": { "OBJECTID *": 447, "Shape": "Point", "longitude": -90.242228, "latitude": 38.585305, "Agency": "<Null>", "Counsel": "<Null>", "Address": "3427 ALBERTA ST", "Address (Matching)": "<Null>", "State": "<Null>", "City": "<Null>", "Status of Case": "<Null>", "Back Taxes and Fees": "Classified as vacant by STL.", "Violations as of March 2026": "Most recent: 10/18/2025 (CSB)", "Narrative": "<Null>", "Notes": "<Null>", "Type/Units": "<Null>", "Developer": "<Null>", "Opposing Contacts": "<Null>", "Status": "Not currently targeted", "Occupancy Status": "<Null>", "DMS Data Parcel": "<Null>", "Owner": "JS DILLARD & ASSOC LLC", "Parcel": 94815 }, "geometry": { "type": "Point", "coordinates": [ -90.24223, 38.5853 ] } },
{ "type": "Feature", "properties": { "OBJECTID *": 448, "Shape": "Point", "longitude": -90.243964, "latitude": 38.585539, "Agency": "<Null>", "Counsel": "<Null>", "Address": "3511 ALBERTA ST", "Address (Matching)": "<Null>", "State": "<Null>", "City": "<Null>", "Status of Case": "<Null>", "Back Taxes and Fees": "Classified as vacant by STL.", "Violations as of March 2026": "Most recent: 2/21/2023 (Violation)", "Narrative": "<Null>", "Notes": "<Null>", "Type/Units": "<Null>", "Developer": "<Null>", "Opposing Contacts": "<Null>", "Status": "Not currently targeted", "Occupancy Status": "<Null>", "DMS Data Parcel": "<Null>", "Owner": "MUHOVIC", "Parcel": 111725 }, "geometry": { "type": "Point", "coordinates": [ -90.24396, 38.58554 ] } },
{ "type": "Feature", "properties": { "OBJECTID *": 449, "Shape": "Point", "longitude": -90.242458, "latitude": 38.584428, "Agency": "<Null>", "Counsel": "<Null>", "Address": "3429 OSAGE ST", "Address (Matching)": "<Null>", "State": "<Null>", "City": "<Null>", "Status of Case": "<Null>", "Back Taxes and Fees": "Classified as vacant by STL.", "Violations as of March 2026": "Most recent: 7/26/2023 (CSB)", "Narrative": "<Null>", "Notes": "<Null>", "Type/Units": "<Null>", "Developer": "<Null>", "Opposing Contacts": "<Null>", "Status": "Not currently targeted", "Occupancy Status": "<Null>", "DMS Data Parcel": "<Null>", "Owner": "JOHNSON", "Parcel": 39765 }, "geometry": { "type": "Point", "coordinates": [ -90.24246, 38.58443 ] } },
{ "type": "Feature", "properties": { "OBJECTID *": 450, "Shape": "Point", "longitude": -90.246013, "latitude": 38.584313, "Agency": "<Null>", "Counsel": "<Null>", "Address": "3628 LIERMANN AV", "Address (Matching)": "<Null>", "State": "<Null>", "City": "<Null>", "Status of Case": "<Null>", "Back Taxes and Fees": "Classified as vacant by STL.", "Violations as of March 2026": "Most recent: 5/27/2025 (Inspection)", "Narrative": "<Null>", "Notes": "<Null>", "Type/Units": "<Null>", "Developer": "<Null>", "Opposing Contacts": "<Null>", "Status": "Not currently targeted", "Occupancy Status": "<Null>", "DMS Data Parcel": "<Null>", "Owner": "DICKERSON", "Parcel": 19522 }, "geometry": { "type": "Point", "coordinates": [ -90.24601, 38.58431 ] } },
{ "type": "Feature", "properties": { "OBJECTID *": 451, "Shape": "Point", "longitude": -90.24626, "latitude": 38.58263, "Agency": "<Null>", "Counsel": "<Null>", "Address": "3647 GASCONADE ST", "Address (Matching)": "<Null>", "State": "<Null>", "City": "<Null>", "Status of Case": "<Null>", "Back Taxes and Fees": "Classified as vacant by STL. 2", "Violations as of March 2026": "Most recent: 5/4/2026 (Violation)", "Narrative": "<Null>", "Notes": "<Null>", "Type/Units": "<Null>", "Developer": "<Null>", "Opposing Contacts": "<Null>", "Status": "Not currently targeted", "Occupancy Status": "<Null>", "DMS Data Parcel": "<Null>", "Owner": "AMA MANAGEMENT LLC", "Parcel": 99557 }, "geometry": { "type": "Point", "coordinates": [ -90.24626, 38.58263 ] } },
{ "type": "Feature", "properties": { "OBJECTID *": 452, "Shape": "Point", "longitude": -90.246375, "latitude": 38.582643, "Agency": "<Null>", "Counsel": "<Null>", "Address": "3649 GASCONADE ST", "Address (Matching)": "<Null>", "State": "<Null>", "City": "<Null>", "Status of Case": "<Null>", "Back Taxes and Fees": "Classified as vacant by STL. 2", "Violations as of March 2026": "Most recent: 4/13/2026 (Violation)", "Narrative": "<Null>", "Notes": "<Null>", "Type/Units": "<Null>", "Developer": "<Null>", "Opposing Contacts": "<Null>", "Status": "Not currently targeted", "Occupancy Status": "<Null>", "DMS Data Parcel": "<Null>", "Owner": "AMA MANAGEMENT LLC", "Parcel": 99558 }, "geometry": { "type": "Point", "coordinates": [ -90.24638, 38.58264 ] } },
{ "type": "Feature", "properties": { "OBJECTID *": 453, "Shape": "Point", "longitude": -90.246093, "latitude": 38.583477, "Agency": "<Null>", "Counsel": "<Null>", "Address": "3637 MONTANA ST", "Address (Matching)": "<Null>", "State": "<Null>", "City": "<Null>", "Status of Case": "<Null>", "Back Taxes and Fees": "Classified as vacant by STL. 1", "Violations as of March 2026": "Most recent: 4/20/2026 (Violation)", "Narrative": "<Null>", "Notes": "<Null>", "Type/Units": "<Null>", "Developer": "<Null>", "Opposing Contacts": "<Null>", "Status": "Not currently targeted", "Occupancy Status": "<Null>", "DMS Data Parcel": "<Null>", "Owner": "KENTISH HILL PROPERTIES", "Parcel": 53218 }, "geometry": { "type": "Point", "coordinates": [ -90.24609, 38.58348 ] } },
{ "type": "Feature", "properties": { "OBJECTID *": 454, "Shape": "Point", "longitude": -90.2463, "latitude": 38.583503, "Agency": "<Null>", "Counsel": "<Null>", "Address": "3643 MONTANA ST", "Address (Matching)": "<Null>", "State": "<Null>", "City": "<Null>", "Status of Case": "<Null>", "Back Taxes and Fees": "Classified as vacant by STL.", "Violations as of March 2026": "Most recent: 4/20/2026 (Violation)", "Narrative": "<Null>", "Notes": "<Null>", "Type/Units": "<Null>", "Developer": "<Null>", "Opposing Contacts": "<Null>", "Status": "Not currently targeted", "Occupancy Status": "<Null>", "DMS Data Parcel": "<Null>", "Owner": "TAYLOR", "Parcel": 60584 }, "geometry": { "type": "Point", "coordinates": [ -90.2463, 38.5835 ] } },
{ "type": "Feature", "properties": { "OBJECTID *": 455, "Shape": "Point", "longitude": -90.246541, "latitude": 38.584439, "Agency": "<Null>", "Counsel": "<Null>", "Address": "3645 LIERMANN AV", "Address (Matching)": "<Null>", "State": "<Null>", "City": "<Null>", "Status of Case": "<Null>", "Back Taxes and Fees": "Classified as vacant by STL.", "Violations as of March 2026": "Most recent: 8/15/2025 (CSB)", "Narrative": "<Null>", "Notes": "<Null>", "Type/Units": "<Null>", "Developer": "<Null>", "Opposing Contacts": "<Null>", "Status": "Not currently targeted", "Occupancy Status": "<Null>", "DMS Data Parcel": "<Null>", "Owner": "EVERSOLE INVESTING LLC", "Parcel": 124504 }, "geometry": { "type": "Point", "coordinates": [ -90.24654, 38.58444 ] } },
{ "type": "Feature", "properties": { "OBJECTID *": 456, "Shape": "Point", "longitude": -90.246406, "latitude": 38.583517, "Agency": "<Null>", "Counsel": "<Null>", "Address": "3645 MONTANA ST", "Address (Matching)": "<Null>", "State": "<Null>", "City": "<Null>", "Status of Case": "<Null>", "Back Taxes and Fees": "Classified as vacant by STL.", "Violations as of March 2026": "Most recent: 2/16/2026 (Inspection)", "Narrative": "<Null>", "Notes": "<Null>", "Type/Units": "<Null>", "Developer": "<Null>", "Opposing Contacts": "<Null>", "Status": "Not currently targeted", "Occupancy Status": "<Null>", "DMS Data Parcel": "<Null>", "Owner": "ATAVISTA PROPERTIES LLC", "Parcel": 60585 }, "geometry": { "type": "Point", "coordinates": [ -90.24641, 38.58352 ] } },
{ "type": "Feature", "properties": { "OBJECTID *": 457, "Shape": "Point", "longitude": -90.247889, "latitude": 38.583699, "Agency": "<Null>", "Counsel": "<Null>", "Address": "3689 MONTANA ST", "Address (Matching)": "<Null>", "State": "<Null>", "City": "<Null>", "Status of Case": "<Null>", "Back Taxes and Fees": "Classified as vacant by STL.", "Violations as of March 2026": "Most recent: 5/1/2026 (Violation)", "Narrative": "<Null>", "Notes": "<Null>", "Type/Units": "<Null>", "Developer": "<Null>", "Opposing Contacts": "<Null>", "Status": "Not currently targeted", "Occupancy Status": "<Null>", "DMS Data Parcel": "<Null>", "Owner": "PARRETT", "Parcel": 80889 }, "geometry": { "type": "Point", "coordinates": [ -90.24789, 38.5837 ] } },
{ "type": "Feature", "properties": { "OBJECTID *": 458, "Shape": "Point", "longitude": -90.246976, "latitude": 38.584497, "Agency": "<Null>", "Counsel": "<Null>", "Address": "3657 LIERMANN AV", "Address (Matching)": "<Null>", "State": "<Null>", "City": "<Null>", "Status of Case": "<Null>", "Back Taxes and Fees": "Classified as vacant by STL. 1", "Violations as of March 2026": "Most recent: 4/6/2026 (Violation)", "Narrative": "<Null>", "Notes": "<Null>", "Type/Units": "<Null>", "Developer": "<Null>", "Opposing Contacts": "<Null>", "Status": "Not currently targeted", "Occupancy Status": "<Null>", "DMS Data Parcel": "<Null>", "Owner": "GUARDIAN FUND LLC", "Parcel": 123457 }, "geometry": { "type": "Point", "coordinates": [ -90.24698, 38.5845 ] } },
{ "type": "Feature", "properties": { "OBJECTID *": 459, "Shape": "Point", "longitude": -90.234794, "latitude": 38.582102, "Agency": "<Null>", "Counsel": "<Null>", "Address": "4042 NEBRASKA AV", "Address (Matching)": "<Null>", "State": "<Null>", "City": "<Null>", "Status of Case": "<Null>", "Back Taxes and Fees": "Classified as vacant by STL.", "Violations as of March 2026": "Most recent: 10/17/2025 (Violation)", "Narrative": "<Null>", "Notes": "<Null>", "Type/Units": "<Null>", "Developer": "<Null>", "Opposing Contacts": "<Null>", "Status": "Not currently targeted", "Occupancy Status": "<Null>", "DMS Data Parcel": "<Null>", "Owner": "VANDELAY LLC", "Parcel": 77547 }, "geometry": { "type": "Point", "coordinates": [ -90.23479, 38.5821 ] } },
{ "type": "Feature", "properties": { "OBJECTID *": 460, "Shape": "Point", "longitude": -90.235982, "latitude": 38.582255, "Agency": "<Null>", "Counsel": "<Null>", "Address": "4041 PENNSYLVANIA AV", "Address (Matching)": "<Null>", "State": "<Null>", "City": "<Null>", "Status of Case": "<Null>", "Back Taxes and Fees": "Classified as vacant by STL.", "Violations as of March 2026": "Most recent: 10/23/2025 (CSB)", "Narrative": "<Null>", "Notes": "<Null>", "Type/Units": "<Null>", "Developer": "<Null>", "Opposing Contacts": "<Null>", "Status": "Not currently targeted", "Occupancy Status": "<Null>", "DMS Data Parcel": "<Null>", "Owner": "PICTOR PROPERTIES LLC", "Parcel": 23187 }, "geometry": { "type": "Point", "coordinates": [ -90.23598, 38.58226 ] } },
{ "type": "Feature", "properties": { "OBJECTID *": 461, "Shape": "Point", "longitude": -90.233547, "latitude": 38.582641, "Agency": "<Null>", "Counsel": "<Null>", "Address": "4019 OREGON AV", "Address (Matching)": "<Null>", "State": "<Null>", "City": "<Null>", "Status of Case": "<Null>", "Back Taxes and Fees": "Classified as vacant by STL.", "Violations as of March 2026": "Most recent: 9/23/2025 (Inspection)", "Narrative": "<Null>", "Notes": "<Null>", "Type/Units": "<Null>", "Developer": "<Null>", "Opposing Contacts": "<Null>", "Status": "Not currently targeted", "Occupancy Status": "<Null>", "DMS Data Parcel": "<Null>", "Owner": "ANDON", "Parcel": 107779 }, "geometry": { "type": "Point", "coordinates": [ -90.23355, 38.58264 ] } },
{ "type": "Feature", "properties": { "OBJECTID *": 462, "Shape": "Point", "longitude": -90.233651, "latitude": 38.581939, "Agency": "<Null>", "Counsel": "<Null>", "Address": "4044 OREGON AV", "Address (Matching)": "<Null>", "State": "<Null>", "City": "<Null>", "Status of Case": "<Null>", "Back Taxes and Fees": "Classified as vacant by STL.", "Violations as of March 2026": "Most recent: 12/22/2025 (Inspection)", "Narrative": "<Null>", "Notes": "<Null>", "Type/Units": "<Null>", "Developer": "<Null>", "Opposing Contacts": "<Null>", "Status": "Not currently targeted", "Occupancy Status": "<Null>", "DMS Data Parcel": "<Null>", "Owner": "LRA", "Parcel": 122475 }, "geometry": { "type": "Point", "coordinates": [ -90.23365, 38.58194 ] } },
{ "type": "Feature", "properties": { "OBJECTID *": 463, "Shape": "Point", "longitude": -90.233563, "latitude": 38.582571, "Agency": "<Null>", "Counsel": "<Null>", "Address": "4021 OREGON AV", "Address (Matching)": "<Null>", "State": "<Null>", "City": "<Null>", "Status of Case": "<Null>", "Back Taxes and Fees": "Classified as vacant by STL.", "Violations as of March 2026": "Most recent: 6/20/2025 (CSB)", "Narrative": "<Null>", "Notes": "<Null>", "Type/Units": "<Null>", "Developer": "<Null>", "Opposing Contacts": "<Null>", "Status": "Not currently targeted", "Occupancy Status": "<Null>", "DMS Data Parcel": "<Null>", "Owner": "LRA", "Parcel": 116277 }, "geometry": { "type": "Point", "coordinates": [ -90.23356, 38.58257 ] } },
{ "type": "Feature", "properties": { "OBJECTID *": 464, "Shape": "Point", "longitude": -90.233512, "latitude": 38.582546, "Agency": "<Null>", "Counsel": "<Null>", "Address": "4024 OREGON AV", "Address (Matching)": "<Null>", "State": "<Null>", "City": "<Null>", "Status of Case": "<Null>", "Back Taxes and Fees": "Classified as vacant by STL.", "Violations as of March 2026": "Most recent: 5/13/2024 (Violation)", "Narrative": "<Null>", "Notes": "<Null>", "Type/Units": "<Null>", "Developer": "<Null>", "Opposing Contacts": "<Null>", "Status": "Not currently targeted", "Occupancy Status": "<Null>", "DMS Data Parcel": "<Null>", "Owner": "JOHNSON", "Parcel": 12581 }, "geometry": { "type": "Point", "coordinates": [ -90.23351, 38.58255 ] } },
{ "type": "Feature", "properties": { "OBJECTID *": 465, "Shape": "Point", "longitude": -90.232473, "latitude": 38.5821, "Agency": "<Null>", "Counsel": "<Null>", "Address": "4033 CALIFORNIA AV", "Address (Matching)": "<Null>", "State": "<Null>", "City": "<Null>", "Status of Case": "<Null>", "Back Taxes and Fees": "Classified as vacant by STL.", "Violations as of March 2026": "Most recent: 10/29/2025 (CSB)", "Narrative": "<Null>", "Notes": "<Null>", "Type/Units": "<Null>", "Developer": "<Null>", "Opposing Contacts": "<Null>", "Status": "Not currently targeted", "Occupancy Status": "<Null>", "DMS Data Parcel": "<Null>", "Owner": "MCKOY", "Parcel": 41466 }, "geometry": { "type": "Point", "coordinates": [ -90.23247, 38.5821 ] } },
{ "type": "Feature", "properties": { "OBJECTID *": 466, "Shape": "Point", "longitude": -90.232458, "latitude": 38.582173, "Agency": "<Null>", "Counsel": "<Null>", "Address": "4031 CALIFORNIA AV", "Address (Matching)": "<Null>", "State": "<Null>", "City": "<Null>", "Status of Case": "<Null>", "Back Taxes and Fees": "Classified as vacant by STL.", "Violations as of March 2026": "Most recent: 8/12/2023 (Violation)", "Narrative": "<Null>", "Notes": "<Null>", "Type/Units": "<Null>", "Developer": "<Null>", "Opposing Contacts": "<Null>", "Status": "Not currently targeted", "Occupancy Status": "<Null>", "DMS Data Parcel": "<Null>", "Owner": "HAGENS", "Parcel": 39753 }, "geometry": { "type": "Point", "coordinates": [ -90.23246, 38.58217 ] } },
{ "type": "Feature", "properties": { "OBJECTID *": 467, "Shape": "Point", "longitude": -90.232487, "latitude": 38.582028, "Agency": "<Null>", "Counsel": "<Null>", "Address": "4035 CALIFORNIA AV", "Address (Matching)": "<Null>", "State": "<Null>", "City": "<Null>", "Status of Case": "<Null>", "Back Taxes and Fees": "Classified as vacant by STL.", "Violations as of March 2026": "Most recent: 2/24/2026 (Inspection)", "Narrative": "<Null>", "Notes": "<Null>", "Type/Units": "<Null>", "Developer": "<Null>", "Opposing Contacts": "<Null>", "Status": "Not currently targeted", "Occupancy Status": "<Null>", "DMS Data Parcel": "<Null>", "Owner": "PROVO PARTNERS LLC", "Parcel": 42632 }, "geometry": { "type": "Point", "coordinates": [ -90.23249, 38.58203 ] } },
{ "type": "Feature", "properties": { "OBJECTID *": 468, "Shape": "Point", "longitude": -90.23256, "latitude": 38.581683, "Agency": "<Null>", "Counsel": "<Null>", "Address": "4049 CALIFORNIA AV", "Address (Matching)": "<Null>", "State": "<Null>", "City": "<Null>", "Status of Case": "<Null>", "Back Taxes and Fees": "Classified as vacant by STL.", "Violations as of March 2026": "Most recent: 10/10/2022 (CSB)", "Narrative": "<Null>", "Notes": "<Null>", "Type/Units": "<Null>", "Developer": "<Null>", "Opposing Contacts": "<Null>", "Status": "Not currently targeted", "Occupancy Status": "<Null>", "DMS Data Parcel": "<Null>", "Owner": "THOMAS", "Parcel": 42165 }, "geometry": { "type": "Point", "coordinates": [ -90.23256, 38.58168 ] } },
{ "type": "Feature", "properties": { "OBJECTID *": 469, "Shape": "Point", "longitude": -90.232515, "latitude": 38.58189, "Agency": "<Null>", "Counsel": "<Null>", "Address": "4041 CALIFORNIA AV", "Address (Matching)": "<Null>", "State": "<Null>", "City": "<Null>", "Status of Case": "<Null>", "Back Taxes and Fees": "Classified as vacant by STL.", "Violations as of March 2026": "Most recent: 6/6/2022 (Inspection)", "Narrative": "<Null>", "Notes": "<Null>", "Type/Units": "<Null>", "Developer": "<Null>", "Opposing Contacts": "<Null>", "Status": "Not currently targeted", "Occupancy Status": "<Null>", "DMS Data Parcel": "<Null>", "Owner": "THOMAS", "Parcel": 41443 }, "geometry": { "type": "Point", "coordinates": [ -90.23252, 38.58189 ] } },
{ "type": "Feature", "properties": { "OBJECTID *": 470, "Shape": "Point", "longitude": -90.232859, "latitude": 38.583152, "Agency": "<Null>", "Counsel": "<Null>", "Address": "2812 OSAGE ST", "Address (Matching)": "<Null>", "State": "<Null>", "City": "<Null>", "Status of Case": "<Null>", "Back Taxes and Fees": "Classified as vacant by STL.", "Violations as of March 2026": "Most recent: 2/24/2026 (Inspection)", "Narrative": "<Null>", "Notes": "<Null>", "Type/Units": "<Null>", "Developer": "<Null>", "Opposing Contacts": "<Null>", "Status": "Not currently targeted", "Occupancy Status": "<Null>", "DMS Data Parcel": "<Null>", "Owner": "MANCILLA", "Parcel": 14922 }, "geometry": { "type": "Point", "coordinates": [ -90.23286, 38.58315 ] } },
{ "type": "Feature", "properties": { "OBJECTID *": 471, "Shape": "Point", "longitude": -90.230151, "latitude": 38.582095, "Agency": "<Null>", "Counsel": "<Null>", "Address": "4023 OHIO AV", "Address (Matching)": "<Null>", "State": "<Null>", "City": "<Null>", "Status of Case": "<Null>", "Back Taxes and Fees": "Classified as vacant by STL.", "Violations as of March 2026": "Most recent: 9/15/2025 (CSB)", "Narrative": "<Null>", "Notes": "<Null>", "Type/Units": "<Null>", "Developer": "<Null>", "Opposing Contacts": "<Null>", "Status": "Not currently targeted", "Occupancy Status": "<Null>", "DMS Data Parcel": "<Null>", "Owner": "MISSOURI URBAN DEVELOPMENT LLC", "Parcel": 95574 }, "geometry": { "type": "Point", "coordinates": [ -90.23015, 38.5821 ] } },
{ "type": "Feature", "properties": { "OBJECTID *": 472, "Shape": "Point", "longitude": -90.23394, "latitude": 38.580545, "Agency": "<Null>", "Counsel": "<Null>", "Address": "4130 OREGON AV", "Address (Matching)": "<Null>", "State": "<Null>", "City": "<Null>", "Status of Case": "<Null>", "Back Taxes and Fees": "Classified as vacant by STL.", "Violations as of March 2026": "Most recent: 4/20/2026 (Violation)", "Narrative": "<Null>", "Notes": "<Null>", "Type/Units": "<Null>", "Developer": "<Null>", "Opposing Contacts": "<Null>", "Status": "Not currently targeted", "Occupancy Status": "<Null>", "DMS Data Parcel": "<Null>", "Owner": "TEAM PROPERTY MANAGEMENT LLC", "Parcel": 77681 }, "geometry": { "type": "Point", "coordinates": [ -90.23394, 38.58055 ] } },
{ "type": "Feature", "properties": { "OBJECTID *": 473, "Shape": "Point", "longitude": -90.233877, "latitude": 38.580841, "Agency": "<Null>", "Counsel": "<Null>", "Address": "4118 OREGON AV", "Address (Matching)": "<Null>", "State": "<Null>", "City": "<Null>", "Status of Case": "<Null>", "Back Taxes and Fees": "Classified as vacant by STL.", "Violations as of March 2026": "Most recent: 5/18/2026 (Violation)", "Narrative": "<Null>", "Notes": "<Null>", "Type/Units": "<Null>", "Developer": "<Null>", "Opposing Contacts": "<Null>", "Status": "Not currently targeted", "Occupancy Status": "<Null>", "DMS Data Parcel": "<Null>", "Owner": "STOTLER", "Parcel": 81782 }, "geometry": { "type": "Point", "coordinates": [ -90.23388, 38.58084 ] } },
{ "type": "Feature", "properties": { "OBJECTID *": 474, "Shape": "Point", "longitude": -90.233824, "latitude": 38.581092, "Agency": "<Null>", "Counsel": "<Null>", "Address": "4110 OREGON AV", "Address (Matching)": "<Null>", "State": "<Null>", "City": "<Null>", "Status of Case": "<Null>", "Back Taxes and Fees": "Classified as vacant by STL. 2", "Violations as of March 2026": "Most recent: 9/21/2025 (Inspection)", "Narrative": "<Null>", "Notes": "<Null>", "Type/Units": "<Null>", "Developer": "<Null>", "Opposing Contacts": "<Null>", "Status": "Not currently targeted", "Occupancy Status": "<Null>", "DMS Data Parcel": "<Null>", "Owner": "RSGT INVESTMENTS LLC", "Parcel": 91315 }, "geometry": { "type": "Point", "coordinates": [ -90.23382, 38.58109 ] } },
{ "type": "Feature", "properties": { "OBJECTID *": 475, "Shape": "Point", "longitude": -90.229311, "latitude": 38.582722, "Agency": "<Null>", "Counsel": "<Null>", "Address": "2640 OSAGE ST", "Address (Matching)": "<Null>", "State": "<Null>", "City": "<Null>", "Status of Case": "<Null>", "Back Taxes and Fees": "Classified as vacant by STL.", "Violations as of March 2026": "Most recent: 5/13/2024 (Violation)", "Narrative": "<Null>", "Notes": "<Null>", "Type/Units": "<Null>", "Developer": "<Null>", "Opposing Contacts": "<Null>", "Status": "Not currently targeted", "Occupancy Status": "<Null>", "DMS Data Parcel": "<Null>", "Owner": "DCI ENTERPRISES LLC", "Parcel": 124490 }, "geometry": { "type": "Point", "coordinates": [ -90.22931, 38.58272 ] } },
{ "type": "Feature", "properties": { "OBJECTID *": 476, "Shape": "Point", "longitude": -90.233797, "latitude": 38.581221, "Agency": "<Null>", "Counsel": "<Null>", "Address": "4106 OREGON AV", "Address (Matching)": "<Null>", "State": "<Null>", "City": "<Null>", "Status of Case": "<Null>", "Back Taxes and Fees": "Classified as vacant by STL.", "Violations as of March 2026": "Most recent: 5/4/2025 (Inspection)", "Narrative": "<Null>", "Notes": "<Null>", "Type/Units": "<Null>", "Developer": "<Null>", "Opposing Contacts": "<Null>", "Status": "Not currently targeted", "Occupancy Status": "<Null>", "DMS Data Parcel": "<Null>", "Owner": "BEST INVESTMENT ENTERPRISES LLC", "Parcel": 90691 }, "geometry": { "type": "Point", "coordinates": [ -90.2338, 38.58122 ] } },
{ "type": "Feature", "properties": { "OBJECTID *": 477, "Shape": "Point", "longitude": -90.234015, "latitude": 38.580455, "Agency": "<Null>", "Counsel": "<Null>", "Address": "4133 OREGON AV", "Address (Matching)": "<Null>", "State": "<Null>", "City": "<Null>", "Status of Case": "<Null>", "Back Taxes and Fees": "Classified as vacant by STL.", "Violations as of March 2026": "Most recent: 3/14/2022 (CSB)", "Narrative": "<Null>", "Notes": "<Null>", "Type/Units": "<Null>", "Developer": "<Null>", "Opposing Contacts": "<Null>", "Status": "Not currently targeted", "Occupancy Status": "<Null>", "DMS Data Parcel": "<Null>", "Owner": "GARCIA", "Parcel": 14402 }, "geometry": { "type": "Point", "coordinates": [ -90.23401, 38.58046 ] } },
{ "type": "Feature", "properties": { "OBJECTID *": 478, "Shape": "Point", "longitude": -90.23497, "latitude": 38.581495, "Agency": "<Null>", "Counsel": "<Null>", "Address": "4101 NEBRASKA AV", "Address (Matching)": "<Null>", "State": "<Null>", "City": "<Null>", "Status of Case": "<Null>", "Back Taxes and Fees": "Classified as vacant by STL. 2", "Violations as of March 2026": "Most recent: 2/26/2025 (Inspection)", "Narrative": "<Null>", "Notes": "<Null>", "Type/Units": "<Null>", "Developer": "<Null>", "Opposing Contacts": "<Null>", "Status": "Not currently targeted", "Occupancy Status": "<Null>", "DMS Data Parcel": "<Null>", "Owner": "JACKIE MARTIN MINISTRIES UNIVERSAL", "Parcel": 51953 }, "geometry": { "type": "Point", "coordinates": [ -90.23497, 38.58149 ] } },
{ "type": "Feature", "properties": { "OBJECTID *": 479, "Shape": "Point", "longitude": -90.237191, "latitude": 38.581656, "Agency": "<Null>", "Counsel": "<Null>", "Address": "4106 MINNESOTA AV", "Address (Matching)": "<Null>", "State": "<Null>", "City": "<Null>", "Status of Case": "<Null>", "Back Taxes and Fees": "Classified as vacant by STL.", "Violations as of March 2026": "Most recent: 5/1/2026 (Violation)", "Narrative": "<Null>", "Notes": "<Null>", "Type/Units": "<Null>", "Developer": "<Null>", "Opposing Contacts": "<Null>", "Status": "Not currently targeted", "Occupancy Status": "<Null>", "DMS Data Parcel": "<Null>", "Owner": "ENVISION PROPERTY GROUP LLC", "Parcel": 95398 }, "geometry": { "type": "Point", "coordinates": [ -90.23719, 38.58166 ] } },
{ "type": "Feature", "properties": { "OBJECTID *": 480, "Shape": "Point", "longitude": -90.242549, "latitude": 38.581629, "Agency": "<Null>", "Counsel": "<Null>", "Address": "3414 KLOCKE ST", "Address (Matching)": "<Null>", "State": "<Null>", "City": "<Null>", "Status of Case": "<Null>", "Back Taxes and Fees": "Classified as vacant by STL.", "Violations as of March 2026": "Most recent: 2/9/2026 (CSB)", "Narrative": "<Null>", "Notes": "<Null>", "Type/Units": "<Null>", "Developer": "<Null>", "Opposing Contacts": "<Null>", "Status": "Not currently targeted", "Occupancy Status": "<Null>", "DMS Data Parcel": "<Null>", "Owner": "TOLLIVER", "Parcel": 44202 }, "geometry": { "type": "Point", "coordinates": [ -90.24255, 38.58163 ] } },
{ "type": "Feature", "properties": { "OBJECTID *": 481, "Shape": "Point", "longitude": -90.241824, "latitude": 38.582111, "Agency": "<Null>", "Counsel": "<Null>", "Address": "4111 LOUISIANA AV", "Address (Matching)": "<Null>", "State": "<Null>", "City": "<Null>", "Status of Case": "<Null>", "Back Taxes and Fees": "Classified as vacant by STL.", "Violations as of March 2026": "Most recent: 5/2/2025 (CSB)", "Narrative": "<Null>", "Notes": "<Null>", "Type/Units": "<Null>", "Developer": "<Null>", "Opposing Contacts": "<Null>", "Status": "Not currently targeted", "Occupancy Status": "<Null>", "DMS Data Parcel": "<Null>", "Owner": "FELDEWERTH", "Parcel": 94266 }, "geometry": { "type": "Point", "coordinates": [ -90.24182, 38.58211 ] } },
{ "type": "Feature", "properties": { "OBJECTID *": 482, "Shape": "Point", "longitude": -90.247439, "latitude": 38.581806, "Agency": "<Null>", "Counsel": "<Null>", "Address": "4218 DEWEY AV", "Address (Matching)": "<Null>", "State": "<Null>", "City": "<Null>", "Status of Case": "<Null>", "Back Taxes and Fees": "Classified as vacant by STL. 1", "Violations as of March 2026": "Most recent: 3/9/2026 (Violation)", "Narrative": "<Null>", "Notes": "<Null>", "Type/Units": "<Null>", "Developer": "<Null>", "Opposing Contacts": "<Null>", "Status": "Not currently targeted", "Occupancy Status": "<Null>", "DMS Data Parcel": "<Null>", "Owner": "BHT LLC", "Parcel": 123411 }, "geometry": { "type": "Point", "coordinates": [ -90.24744, 38.58181 ] } },
{ "type": "Feature", "properties": { "OBJECTID *": 483, "Shape": "Point", "longitude": -90.249513, "latitude": 38.582553, "Agency": "<Null>", "Counsel": "<Null>", "Address": "4230 GILES AV", "Address (Matching)": "<Null>", "State": "<Null>", "City": "<Null>", "Status of Case": "<Null>", "Back Taxes and Fees": "Classified as vacant by STL.", "Violations as of March 2026": "Most recent: 3/2/2026 (Violation)", "Narrative": "<Null>", "Notes": "<Null>", "Type/Units": "<Null>", "Developer": "<Null>", "Opposing Contacts": "<Null>", "Status": "Not currently targeted", "Occupancy Status": "<Null>", "DMS Data Parcel": "<Null>", "Owner": "HAJDYLA", "Parcel": 41362 }, "geometry": { "type": "Point", "coordinates": [ -90.24951, 38.58255 ] } },
{ "type": "Feature", "properties": { "OBJECTID *": 484, "Shape": "Point", "longitude": -90.243305, "latitude": 38.582633, "Agency": "<Null>", "Counsel": "<Null>", "Address": "3442 GASCONADE ST", "Address (Matching)": "<Null>", "State": "<Null>", "City": "<Null>", "Status of Case": "<Null>", "Back Taxes and Fees": "Classified as vacant by STL.", "Violations as of March 2026": "Most recent: 8/18/2025 (CSB)", "Narrative": "<Null>", "Notes": "<Null>", "Type/Units": "<Null>", "Developer": "<Null>", "Opposing Contacts": "<Null>", "Status": "Not currently targeted", "Occupancy Status": "<Null>", "DMS Data Parcel": "<Null>", "Owner": "HUYNH", "Parcel": 77949 }, "geometry": { "type": "Point", "coordinates": [ -90.24331, 38.58263 ] } },
{ "type": "Feature", "properties": { "OBJECTID *": 485, "Shape": "Point", "longitude": -90.245598, "latitude": 38.582499, "Agency": "<Null>", "Counsel": "<Null>", "Address": "3626 GASCONADE ST", "Address (Matching)": "<Null>", "State": "<Null>", "City": "<Null>", "Status of Case": "<Null>", "Back Taxes and Fees": "Classified as vacant by STL.", "Violations as of March 2026": "Most recent: 3/10/2026 (Violation)", "Narrative": "<Null>", "Notes": "<Null>", "Type/Units": "<Null>", "Developer": "<Null>", "Opposing Contacts": "<Null>", "Status": "Not currently targeted", "Occupancy Status": "<Null>", "DMS Data Parcel": "<Null>", "Owner": "DE DEAUX", "Parcel": 123410 }, "geometry": { "type": "Point", "coordinates": [ -90.2456, 38.5825 ] } },
{ "type": "Feature", "properties": { "OBJECTID *": 486, "Shape": "Point", "longitude": -90.243359, "latitude": 38.576275, "Agency": "<Null>", "Counsel": "<Null>", "Address": "4427 ALASKA AV", "Address (Matching)": "<Null>", "State": "<Null>", "City": "<Null>", "Status of Case": "<Null>", "Back Taxes and Fees": "Classified as vacant by STL.", "Violations as of March 2026": "Most recent: 4/20/2026 (Violation)", "Narrative": "<Null>", "Notes": "<Null>", "Type/Units": "<Null>", "Developer": "<Null>", "Opposing Contacts": "<Null>", "Status": "Not currently targeted", "Occupancy Status": "<Null>", "DMS Data Parcel": "<Null>", "Owner": "MACK", "Parcel": 59514 }, "geometry": { "type": "Point", "coordinates": [ -90.24336, 38.57628 ] } },
{ "type": "Feature", "properties": { "OBJECTID *": 487, "Shape": "Point", "longitude": -90.243875, "latitude": 38.580092, "Agency": "<Null>", "Counsel": "<Null>", "Address": "3524 KINGSLAND CT", "Address (Matching)": "<Null>", "State": "<Null>", "City": "<Null>", "Status of Case": "<Null>", "Back Taxes and Fees": "Classified as vacant by STL. 6", "Violations as of March 2026": "Most recent: 4/30/2026 (Violation)", "Narrative": "<Null>", "Notes": "<Null>", "Type/Units": "<Null>", "Developer": "<Null>", "Opposing Contacts": "<Null>", "Status": "Not currently targeted", "Occupancy Status": "<Null>", "DMS Data Parcel": "<Null>", "Owner": "SHEPHERD LANDRY HOMES LLC", "Parcel": 121689 }, "geometry": { "type": "Point", "coordinates": [ -90.24388, 38.58009 ] } },
{ "type": "Feature", "properties": { "OBJECTID *": 488, "Shape": "Point", "longitude": -90.243307, "latitude": 38.579801, "Agency": "<Null>", "Counsel": "<Null>", "Address": "3506 KINGSLAND CT", "Address (Matching)": "<Null>", "State": "<Null>", "City": "<Null>", "Status of Case": "<Null>", "Back Taxes and Fees": "Classified as vacant by STL.", "Violations as of March 2026": "Most recent: 12/9/2025 (CSB)", "Narrative": "<Null>", "Notes": "<Null>", "Type/Units": "<Null>", "Developer": "<Null>", "Opposing Contacts": "<Null>", "Status": "Not currently targeted", "Occupancy Status": "<Null>", "DMS Data Parcel": "<Null>", "Owner": "LAROSE", "Parcel": 121933 }, "geometry": { "type": "Point", "coordinates": [ -90.24331, 38.5798 ] } },
{ "type": "Feature", "properties": { "OBJECTID *": 489, "Shape": "Point", "longitude": -90.243193, "latitude": 38.576387, "Agency": "<Null>", "Counsel": "<Null>", "Address": "4424 ALASKA AV", "Address (Matching)": "<Null>", "State": "<Null>", "City": "<Null>", "Status of Case": "<Null>", "Back Taxes and Fees": "Classified as vacant by STL.", "Violations as of March 2026": "Most recent: 2/29/2024 (Violation)", "Narrative": "<Null>", "Notes": "<Null>", "Type/Units": "<Null>", "Developer": "<Null>", "Opposing Contacts": "<Null>", "Status": "Not currently targeted", "Occupancy Status": "<Null>", "DMS Data Parcel": "<Null>", "Owner": "CALDWELL", "Parcel": 64588 }, "geometry": { "type": "Point", "coordinates": [ -90.24319, 38.57639 ] } },
{ "type": "Feature", "properties": { "OBJECTID *": 490, "Shape": "Point", "longitude": -90.246287, "latitude": 38.579854, "Agency": "<Null>", "Counsel": "<Null>", "Address": "4304 GRACE AV", "Address (Matching)": "<Null>", "State": "<Null>", "City": "<Null>", "Status of Case": "<Null>", "Back Taxes and Fees": "Classified as vacant by STL.", "Violations as of March 2026": "Most recent: 9/25/2024 (CSB)", "Narrative": "<Null>", "Notes": "<Null>", "Type/Units": "<Null>", "Developer": "<Null>", "Opposing Contacts": "<Null>", "Status": "Not currently targeted", "Occupancy Status": "<Null>", "DMS Data Parcel": "<Null>", "Owner": "MAUCK", "Parcel": 80702 }, "geometry": { "type": "Point", "coordinates": [ -90.24629, 38.57985 ] } },
{ "type": "Feature", "properties": { "OBJECTID *": 491, "Shape": "Point", "longitude": -90.241983, "latitude": 38.574334, "Agency": "<Null>", "Counsel": "<Null>", "Address": "3223 TAFT AV", "Address (Matching)": "<Null>", "State": "<Null>", "City": "<Null>", "Status of Case": "<Null>", "Back Taxes and Fees": "Classified as vacant by STL.", "Violations as of March 2026": "Most recent: 3/27/2025 (CSB)", "Narrative": "<Null>", "Notes": "<Null>", "Type/Units": "<Null>", "Developer": "<Null>", "Opposing Contacts": "<Null>", "Status": "Not currently targeted", "Occupancy Status": "<Null>", "DMS Data Parcel": "<Null>", "Owner": "TRIDENT REALTY INVESTMENTS REO LLC", "Parcel": 96319 }, "geometry": { "type": "Point", "coordinates": [ -90.24198, 38.57433 ] } },
{ "type": "Feature", "properties": { "OBJECTID *": 492, "Shape": "Point", "longitude": -90.24402, "latitude": 38.57549, "Agency": "<Null>", "Counsel": "<Null>", "Address": "4523 ALASKA AV", "Address (Matching)": "<Null>", "State": "<Null>", "City": "<Null>", "Status of Case": "<Null>", "Back Taxes and Fees": "Classified as vacant by STL.", "Violations as of March 2026": "Most recent: 1/5/2024 (Violation)", "Narrative": "<Null>", "Notes": "<Null>", "Type/Units": "<Null>", "Developer": "<Null>", "Opposing Contacts": "<Null>", "Status": "Not currently targeted", "Occupancy Status": "<Null>", "DMS Data Parcel": "<Null>", "Owner": "MORRIS", "Parcel": 81776 }, "geometry": { "type": "Point", "coordinates": [ -90.24402, 38.57549 ] } },
{ "type": "Feature", "properties": { "OBJECTID *": 493, "Shape": "Point", "longitude": -90.245956, "latitude": 38.57603, "Agency": "<Null>", "Counsel": "<Null>", "Address": "3519 TAFT AV", "Address (Matching)": "<Null>", "State": "<Null>", "City": "<Null>", "Status of Case": "<Null>", "Back Taxes and Fees": "Classified as vacant by STL.", "Violations as of March 2026": "Most recent: 11/5/2024 (CSB)", "Narrative": "<Null>", "Notes": "<Null>", "Type/Units": "<Null>", "Developer": "<Null>", "Opposing Contacts": "<Null>", "Status": "Not currently targeted", "Occupancy Status": "<Null>", "DMS Data Parcel": "<Null>", "Owner": "SCHAUMAN", "Parcel": 94233 }, "geometry": { "type": "Point", "coordinates": [ -90.24596, 38.57603 ] } },
{ "type": "Feature", "properties": { "OBJECTID *": 494, "Shape": "Point", "longitude": -90.244656, "latitude": 38.576535, "Agency": "<Null>", "Counsel": "<Null>", "Address": "4501 LOUISIANA AV", "Address (Matching)": "<Null>", "State": "<Null>", "City": "<Null>", "Status of Case": "<Null>", "Back Taxes and Fees": "Classified as vacant by STL. 4", "Violations as of March 2026": "Most recent: 3/20/2026 (Violation)", "Narrative": "<Null>", "Notes": "<Null>", "Type/Units": "<Null>", "Developer": "<Null>", "Opposing Contacts": "<Null>", "Status": "Not currently targeted", "Occupancy Status": "<Null>", "DMS Data Parcel": "<Null>", "Owner": "4501 LOUISIANA TRUST", "Parcel": 123398 }, "geometry": { "type": "Point", "coordinates": [ -90.24466, 38.57653 ] } },
{ "type": "Feature", "properties": { "OBJECTID *": 495, "Shape": "Point", "longitude": -90.246059, "latitude": 38.576654, "Agency": "<Null>", "Counsel": "<Null>", "Address": "4519 TENNESSEE AV", "Address (Matching)": "<Null>", "State": "<Null>", "City": "<Null>", "Status of Case": "<Null>", "Back Taxes and Fees": "Classified as vacant by STL.", "Violations as of March 2026": "Most recent: 5/4/2025 (Inspection)", "Narrative": "<Null>", "Notes": "<Null>", "Type/Units": "<Null>", "Developer": "<Null>", "Opposing Contacts": "<Null>", "Status": "Not currently targeted", "Occupancy Status": "<Null>", "DMS Data Parcel": "<Null>", "Owner": "EQUITY TRUST COMPANY &", "Parcel": 82164 }, "geometry": { "type": "Point", "coordinates": [ -90.24606, 38.57665 ] } },
{ "type": "Feature", "properties": { "OBJECTID *": 496, "Shape": "Point", "longitude": -90.248999, "latitude": 38.580154, "Agency": "<Null>", "Counsel": "<Null>", "Address": "3726 OSCEOLA ST", "Address (Matching)": "<Null>", "State": "<Null>", "City": "<Null>", "Status of Case": "<Null>", "Back Taxes and Fees": "Classified as vacant by STL.", "Violations as of March 2026": "Most recent: 2/17/2026 (Violation)", "Narrative": "<Null>", "Notes": "<Null>", "Type/Units": "<Null>", "Developer": "<Null>", "Opposing Contacts": "<Null>", "Status": "Not currently targeted", "Occupancy Status": "<Null>", "DMS Data Parcel": "<Null>", "Owner": "DEUTSCHE BANK NATIONAL TRUST CO", "Parcel": 93952 }, "geometry": { "type": "Point", "coordinates": [ -90.249, 38.58015 ] } },
{ "type": "Feature", "properties": { "OBJECTID *": 497, "Shape": "Point", "longitude": -90.248439, "latitude": 38.577518, "Agency": "<Null>", "Counsel": "<Null>", "Address": "4469 GRACE AV", "Address (Matching)": "<Null>", "State": "<Null>", "City": "<Null>", "Status of Case": "<Null>", "Back Taxes and Fees": "Classified as vacant by STL.", "Violations as of March 2026": "Most recent: 5/10/2022 (Violation)", "Narrative": "<Null>", "Notes": "<Null>", "Type/Units": "<Null>", "Developer": "<Null>", "Opposing Contacts": "<Null>", "Status": "Not currently targeted", "Occupancy Status": "<Null>", "DMS Data Parcel": "<Null>", "Owner": "TRAN", "Parcel": 88982 }, "geometry": { "type": "Point", "coordinates": [ -90.24844, 38.57752 ] } },
{ "type": "Feature", "properties": { "OBJECTID *": 498, "Shape": "Point", "longitude": -90.245767, "latitude": 38.575217, "Agency": "<Null>", "Counsel": "<Null>", "Address": "4617 LOUISIANA AV", "Address (Matching)": "<Null>", "State": "<Null>", "City": "<Null>", "Status of Case": "<Null>", "Back Taxes and Fees": "Classified as vacant by STL. 2", "Violations as of March 2026": "Most recent: 8/20/2024 (CSB)", "Narrative": "<Null>", "Notes": "<Null>", "Type/Units": "<Null>", "Developer": "<Null>", "Opposing Contacts": "<Null>", "Status": "Not currently targeted", "Occupancy Status": "<Null>", "DMS Data Parcel": "<Null>", "Owner": "FLIP COUPLE LLC", "Parcel": 83055 }, "geometry": { "type": "Point", "coordinates": [ -90.24577, 38.57522 ] } },
{ "type": "Feature", "properties": { "OBJECTID *": 499, "Shape": "Point", "longitude": -90.243893, "latitude": 38.574893, "Agency": "<Null>", "Counsel": "<Null>", "Address": "3416 TAFT AV", "Address (Matching)": "<Null>", "State": "<Null>", "City": "<Null>", "Status of Case": "<Null>", "Back Taxes and Fees": "Classified as vacant by STL.", "Violations as of March 2026": "Most recent: 7/11/2025 (CSB)", "Narrative": "<Null>", "Notes": "<Null>", "Type/Units": "<Null>", "Developer": "<Null>", "Opposing Contacts": "<Null>", "Status": "Not currently targeted", "Occupancy Status": "<Null>", "DMS Data Parcel": "<Null>", "Owner": "MAZANEC", "Parcel": 24370 }, "geometry": { "type": "Point", "coordinates": [ -90.24389, 38.57489 ] } },
{ "type": "Feature", "properties": { "OBJECTID *": 500, "Shape": "Point", "longitude": -90.244122, "latitude": 38.573494, "Agency": "<Null>", "Counsel": "<Null>", "Address": "4644 IDAHO AV", "Address (Matching)": "<Null>", "State": "<Null>", "City": "<Null>", "Status of Case": "<Null>", "Back Taxes and Fees": "Classified as vacant by STL.", "Violations as of March 2026": "Most recent: 5/26/2026 (Violation)", "Narrative": "<Null>", "Notes": "<Null>", "Type/Units": "<Null>", "Developer": "<Null>", "Opposing Contacts": "<Null>", "Status": "Not currently targeted", "Occupancy Status": "<Null>", "DMS Data Parcel": "<Null>", "Owner": "BEST INVESTMENT ENTERPRISES LLC", "Parcel": 62678 }, "geometry": { "type": "Point", "coordinates": [ -90.24412, 38.57349 ] } },
{ "type": "Feature", "properties": { "OBJECTID *": 501, "Shape": "Point", "longitude": -90.242784, "latitude": 38.572537, "Agency": "<Null>", "Counsel": "<Null>", "Address": "3235 PULASKI ST", "Address (Matching)": "<Null>", "State": "<Null>", "City": "<Null>", "Status of Case": "<Null>", "Back Taxes and Fees": "Classified as vacant by STL.", "Violations as of March 2026": "Most recent: 10/17/2024 (Violation)", "Narrative": "<Null>", "Notes": "<Null>", "Type/Units": "<Null>", "Developer": "<Null>", "Opposing Contacts": "<Null>", "Status": "Not currently targeted", "Occupancy Status": "<Null>", "DMS Data Parcel": "<Null>", "Owner": "SALEH", "Parcel": 125278 }, "geometry": { "type": "Point", "coordinates": [ -90.24278, 38.57254 ] } },
{ "type": "Feature", "properties": { "OBJECTID *": 502, "Shape": "Point", "longitude": -90.242265, "latitude": 38.569724, "Agency": "<Null>", "Counsel": "<Null>", "Address": "3203 DELOR ST", "Address (Matching)": "<Null>", "State": "<Null>", "City": "<Null>", "Status of Case": "<Null>", "Back Taxes and Fees": "Classified as vacant by STL.", "Violations as of March 2026": "Most recent: 2/1/2026 (Inspection)", "Narrative": "<Null>", "Notes": "<Null>", "Type/Units": "<Null>", "Developer": "<Null>", "Opposing Contacts": "<Null>", "Status": "Not currently targeted", "Occupancy Status": "<Null>", "DMS Data Parcel": "<Null>", "Owner": "GALLAGHER", "Parcel": 41318 }, "geometry": { "type": "Point", "coordinates": [ -90.24227, 38.56972 ] } },
{ "type": "Feature", "properties": { "OBJECTID *": 503, "Shape": "Point", "longitude": -90.242695, "latitude": 38.569779, "Agency": "<Null>", "Counsel": "<Null>", "Address": "3215 DELOR ST", "Address (Matching)": "<Null>", "State": "<Null>", "City": "<Null>", "Status of Case": "<Null>", "Back Taxes and Fees": "Classified as vacant by STL. 1", "Violations as of March 2026": "Most recent: 4/9/2026 (Violation)", "Narrative": "<Null>", "Notes": "<Null>", "Type/Units": "<Null>", "Developer": "<Null>", "Opposing Contacts": "<Null>", "Status": "Not currently targeted", "Occupancy Status": "<Null>", "DMS Data Parcel": "<Null>", "Owner": "CODY REAL ESTATES HOUSING & DEVELOPMENT", "Parcel": 50866 }, "geometry": { "type": "Point", "coordinates": [ -90.24269, 38.56978 ] } },
{ "type": "Feature", "properties": { "OBJECTID *": 504, "Shape": "Point", "longitude": -90.243232, "latitude": 38.569848, "Agency": "<Null>", "Counsel": "<Null>", "Address": "3231 DELOR ST", "Address (Matching)": "<Null>", "State": "<Null>", "City": "<Null>", "Status of Case": "<Null>", "Back Taxes and Fees": "Classified as vacant by STL. 2", "Violations as of March 2026": "Most recent: 7/7/2025 (CSB)", "Narrative": "<Null>", "Notes": "<Null>", "Type/Units": "<Null>", "Developer": "<Null>", "Opposing Contacts": "<Null>", "Status": "Not currently targeted", "Occupancy Status": "<Null>", "DMS Data Parcel": "<Null>", "Owner": "LHOME MORTGAGE TRUST 2023-RTL4", "Parcel": 58083 }, "geometry": { "type": "Point", "coordinates": [ -90.24323, 38.56985 ] } },
{ "type": "Feature", "properties": { "OBJECTID *": 505, "Shape": "Point", "longitude": -90.242624, "latitude": 38.57055, "Agency": "<Null>", "Counsel": "<Null>", "Address": "3216 LIBERTY ST", "Address (Matching)": "<Null>", "State": "<Null>", "City": "<Null>", "Status of Case": "<Null>", "Back Taxes and Fees": "Classified as vacant by STL.", "Violations as of March 2026": "Most recent: 8/28/2023 (CSB)", "Narrative": "<Null>", "Notes": "<Null>", "Type/Units": "<Null>", "Developer": "<Null>", "Opposing Contacts": "<Null>", "Status": "Not currently targeted", "Occupancy Status": "<Null>", "DMS Data Parcel": "<Null>", "Owner": "ROLLER", "Parcel": 27034 }, "geometry": { "type": "Point", "coordinates": [ -90.24262, 38.57055 ] } },
{ "type": "Feature", "properties": { "OBJECTID *": 506, "Shape": "Point", "longitude": -90.245656, "latitude": 38.573207, "Agency": "<Null>", "Counsel": "<Null>", "Address": "4670 ALASKA AV", "Address (Matching)": "<Null>", "State": "<Null>", "City": "<Null>", "Status of Case": "<Null>", "Back Taxes and Fees": "Classified as vacant by STL.", "Violations as of March 2026": "Most recent: 3/10/2026 (Inspection)", "Narrative": "<Null>", "Notes": "<Null>", "Type/Units": "<Null>", "Developer": "<Null>", "Opposing Contacts": "<Null>", "Status": "Not currently targeted", "Occupancy Status": "<Null>", "DMS Data Parcel": "<Null>", "Owner": "KATTA", "Parcel": 23726 }, "geometry": { "type": "Point", "coordinates": [ -90.24566, 38.57321 ] } },
{ "type": "Feature", "properties": { "OBJECTID *": 507, "Shape": "Point", "longitude": -90.241885, "latitude": 38.570767, "Agency": "<Null>", "Counsel": "<Null>", "Address": "4721 S COMPTON AV", "Address (Matching)": "<Null>", "State": "<Null>", "City": "<Null>", "Status of Case": "<Null>", "Back Taxes and Fees": "Classified as vacant by STL.", "Violations as of March 2026": "Most recent: 1/27/2026 (CSB)", "Narrative": "<Null>", "Notes": "<Null>", "Type/Units": "<Null>", "Developer": "<Null>", "Opposing Contacts": "<Null>", "Status": "Not currently targeted", "Occupancy Status": "<Null>", "DMS Data Parcel": "<Null>", "Owner": "BURRUS", "Parcel": 94275 }, "geometry": { "type": "Point", "coordinates": [ -90.24188, 38.57077 ] } },
{ "type": "Feature", "properties": { "OBJECTID *": 508, "Shape": "Point", "longitude": -90.24569, "latitude": 38.572723, "Agency": "<Null>", "Counsel": "<Null>", "Address": "3419 ITASKA ST", "Address (Matching)": "<Null>", "State": "<Null>", "City": "<Null>", "Status of Case": "<Null>", "Back Taxes and Fees": "Classified as vacant by STL.", "Violations as of March 2026": "Most recent: 5/31/2023 (CSB)", "Narrative": "<Null>", "Notes": "<Null>", "Type/Units": "<Null>", "Developer": "<Null>", "Opposing Contacts": "<Null>", "Status": "Not currently targeted", "Occupancy Status": "<Null>", "DMS Data Parcel": "<Null>", "Owner": "NUNGSTER", "Parcel": 62679 }, "geometry": { "type": "Point", "coordinates": [ -90.24569, 38.57272 ] } },
{ "type": "Feature", "properties": { "OBJECTID *": 509, "Shape": "Point", "longitude": -90.246509, "latitude": 38.573154, "Agency": "<Null>", "Counsel": "<Null>", "Address": "3447 ITASKA ST", "Address (Matching)": "<Null>", "State": "<Null>", "City": "<Null>", "Status of Case": "<Null>", "Back Taxes and Fees": "Classified as vacant by STL.", "Violations as of March 2026": "Most recent: 9/3/2021 (CSB)", "Narrative": "<Null>", "Notes": "<Null>", "Type/Units": "<Null>", "Developer": "<Null>", "Opposing Contacts": "<Null>", "Status": "Not currently targeted", "Occupancy Status": "<Null>", "DMS Data Parcel": "<Null>", "Owner": "KM RENTAL PLUS LLC", "Parcel": 97848 }, "geometry": { "type": "Point", "coordinates": [ -90.24651, 38.57315 ] } },
{ "type": "Feature", "properties": { "OBJECTID *": 510, "Shape": "Point", "longitude": -90.242284, "latitude": 38.570564, "Agency": "<Null>", "Counsel": "<Null>", "Address": "3205 LIBERTY ST", "Address (Matching)": "<Null>", "State": "<Null>", "City": "<Null>", "Status of Case": "<Null>", "Back Taxes and Fees": "Classified as vacant by STL.", "Violations as of March 2026": "Most recent: 11/3/2025 (CSB)", "Narrative": "<Null>", "Notes": "<Null>", "Type/Units": "<Null>", "Developer": "<Null>", "Opposing Contacts": "<Null>", "Status": "Not currently targeted", "Occupancy Status": "<Null>", "DMS Data Parcel": "<Null>", "Owner": "FUHRMAN", "Parcel": 93976 }, "geometry": { "type": "Point", "coordinates": [ -90.24228, 38.57056 ] } },
{ "type": "Feature", "properties": { "OBJECTID *": 511, "Shape": "Point", "longitude": -90.247338, "latitude": 38.573588, "Agency": "<Null>", "Counsel": "<Null>", "Address": "3503 ITASKA ST", "Address (Matching)": "<Null>", "State": "<Null>", "City": "<Null>", "Status of Case": "<Null>", "Back Taxes and Fees": "Classified as vacant by STL.", "Violations as of March 2026": "Most recent: 8/20/2024 (CSB)", "Narrative": "<Null>", "Notes": "<Null>", "Type/Units": "<Null>", "Developer": "<Null>", "Opposing Contacts": "<Null>", "Status": "Not currently targeted", "Occupancy Status": "<Null>", "DMS Data Parcel": "<Null>", "Owner": "YOUNG", "Parcel": 125506 }, "geometry": { "type": "Point", "coordinates": [ -90.24734, 38.57359 ] } },
{ "type": "Feature", "properties": { "OBJECTID *": 512, "Shape": "Point", "longitude": -90.246582, "latitude": 38.573192, "Agency": "<Null>", "Counsel": "<Null>", "Address": "3451 ITASKA ST", "Address (Matching)": "<Null>", "State": "<Null>", "City": "<Null>", "Status of Case": "<Null>", "Back Taxes and Fees": "Classified as vacant by STL.", "Violations as of March 2026": "Most recent: 8/15/2025 (Violation)", "Narrative": "<Null>", "Notes": "<Null>", "Type/Units": "<Null>", "Developer": "<Null>", "Opposing Contacts": "<Null>", "Status": "Not currently targeted", "Occupancy Status": "<Null>", "DMS Data Parcel": "<Null>", "Owner": "WILLIAMS", "Parcel": 96063 }, "geometry": { "type": "Point", "coordinates": [ -90.24658, 38.57319 ] } },
{ "type": "Feature", "properties": { "OBJECTID *": 513, "Shape": "Point", "longitude": -90.249352, "latitude": 38.572744, "Agency": "<Null>", "Counsel": "<Null>", "Address": "4751 TENNESSEE AV", "Address (Matching)": "<Null>", "State": "<Null>", "City": "<Null>", "Status of Case": "<Null>", "Back Taxes and Fees": "Classified as vacant by STL.", "Violations as of March 2026": "Most recent: 5/27/2026 (Violation)", "Narrative": "<Null>", "Notes": "<Null>", "Type/Units": "<Null>", "Developer": "<Null>", "Opposing Contacts": "<Null>", "Status": "Not currently targeted", "Occupancy Status": "<Null>", "DMS Data Parcel": "<Null>", "Owner": "BELLM", "Parcel": 84146 }, "geometry": { "type": "Point", "coordinates": [ -90.24935, 38.57274 ] } },
{ "type": "Feature", "properties": { "OBJECTID *": 514, "Shape": "Point", "longitude": -90.247639, "latitude": 38.574784, "Agency": "<Null>", "Counsel": "<Null>", "Address": "4659 TENNESSEE AV", "Address (Matching)": "<Null>", "State": "<Null>", "City": "<Null>", "Status of Case": "<Null>", "Back Taxes and Fees": "Classified as vacant by STL. 1", "Violations as of March 2026": "Most recent: 6/23/2025 (CSB)", "Narrative": "<Null>", "Notes": "<Null>", "Type/Units": "<Null>", "Developer": "<Null>", "Opposing Contacts": "<Null>", "Status": "Not currently targeted", "Occupancy Status": "<Null>", "DMS Data Parcel": "<Null>", "Owner": "TOGETHER CREDIT UNION", "Parcel": 20950 }, "geometry": { "type": "Point", "coordinates": [ -90.24764, 38.57478 ] } },
{ "type": "Feature", "properties": { "OBJECTID *": 515, "Shape": "Point", "longitude": -90.248189, "latitude": 38.572328, "Agency": "<Null>", "Counsel": "<Null>", "Address": "4743 LOUISIANA AV", "Address (Matching)": "<Null>", "State": "<Null>", "City": "<Null>", "Status of Case": "<Null>", "Back Taxes and Fees": "Classified as vacant by STL.", "Violations as of March 2026": "Most recent: 7/20/2025 (Inspection)", "Narrative": "<Null>", "Notes": "<Null>", "Type/Units": "<Null>", "Developer": "<Null>", "Opposing Contacts": "<Null>", "Status": "Not currently targeted", "Occupancy Status": "<Null>", "DMS Data Parcel": "<Null>", "Owner": "POOLE", "Parcel": 123688 }, "geometry": { "type": "Point", "coordinates": [ -90.24819, 38.57233 ] } },
{ "type": "Feature", "properties": { "OBJECTID *": 516, "Shape": "Point", "longitude": -90.246523, "latitude": 38.572509, "Agency": "<Null>", "Counsel": "<Null>", "Address": "4709 ALASKA AV", "Address (Matching)": "<Null>", "State": "<Null>", "City": "<Null>", "Status of Case": "<Null>", "Back Taxes and Fees": "Classified as vacant by STL.", "Violations as of March 2026": "Most recent: 6/13/2024 (CSB)", "Narrative": "<Null>", "Notes": "<Null>", "Type/Units": "<Null>", "Developer": "<Null>", "Opposing Contacts": "<Null>", "Status": "Not currently targeted", "Occupancy Status": "<Null>", "DMS Data Parcel": "<Null>", "Owner": "GOSS", "Parcel": 41306 }, "geometry": { "type": "Point", "coordinates": [ -90.24652, 38.57251 ] } },
{ "type": "Feature", "properties": { "OBJECTID *": 517, "Shape": "Point", "longitude": -90.247462, "latitude": 38.573085, "Agency": "<Null>", "Counsel": "<Null>", "Address": "4714 LOUISIANA AV", "Address (Matching)": "<Null>", "State": "<Null>", "City": "<Null>", "Status of Case": "<Null>", "Back Taxes and Fees": "Classified as vacant by STL.", "Violations as of March 2026": "Most recent: 5/15/2026 (Violation)", "Narrative": "<Null>", "Notes": "<Null>", "Type/Units": "<Null>", "Developer": "<Null>", "Opposing Contacts": "<Null>", "Status": "Not currently targeted", "Occupancy Status": "<Null>", "DMS Data Parcel": "<Null>", "Owner": "BHPH HOMES LLC", "Parcel": 19321 }, "geometry": { "type": "Point", "coordinates": [ -90.24746, 38.57308 ] } },
{ "type": "Feature", "properties": { "OBJECTID *": 518, "Shape": "Point", "longitude": -90.244852, "latitude": 38.572019, "Agency": "<Null>", "Counsel": "<Null>", "Address": "3324 ITASKA ST", "Address (Matching)": "<Null>", "State": "<Null>", "City": "<Null>", "Status of Case": "<Null>", "Back Taxes and Fees": "Classified as vacant by STL.", "Violations as of March 2026": "Most recent: 11/4/2025 (CSB)", "Narrative": "<Null>", "Notes": "<Null>", "Type/Units": "<Null>", "Developer": "<Null>", "Opposing Contacts": "<Null>", "Status": "Not currently targeted", "Occupancy Status": "<Null>", "DMS Data Parcel": "<Null>", "Owner": "MORON", "Parcel": 121721 }, "geometry": { "type": "Point", "coordinates": [ -90.24485, 38.57202 ] } },
{ "type": "Feature", "properties": { "OBJECTID *": 519, "Shape": "Point", "longitude": -90.242649, "latitude": 38.569718, "Agency": "<Null>", "Counsel": "<Null>", "Address": "3212 DELOR ST", "Address (Matching)": "<Null>", "State": "<Null>", "City": "<Null>", "Status of Case": "<Null>", "Back Taxes and Fees": "Classified as vacant by STL.", "Violations as of March 2026": "Most recent: 3/5/2026 (CSB)", "Narrative": "<Null>", "Notes": "<Null>", "Type/Units": "<Null>", "Developer": "<Null>", "Opposing Contacts": "<Null>", "Status": "Not currently targeted", "Occupancy Status": "<Null>", "DMS Data Parcel": "<Null>", "Owner": "AGBIGBE", "Parcel": 99874 }, "geometry": { "type": "Point", "coordinates": [ -90.24265, 38.56972 ] } },
{ "type": "Feature", "properties": { "OBJECTID *": 520, "Shape": "Point", "longitude": -90.243095, "latitude": 38.569775, "Agency": "<Null>", "Counsel": "<Null>", "Address": "3222 DELOR ST", "Address (Matching)": "<Null>", "State": "<Null>", "City": "<Null>", "Status of Case": "<Null>", "Back Taxes and Fees": "Classified as vacant by STL.", "Violations as of March 2026": "Most recent: 3/23/2026 (Violation)", "Narrative": "<Null>", "Notes": "<Null>", "Type/Units": "<Null>", "Developer": "<Null>", "Opposing Contacts": "<Null>", "Status": "Not currently targeted", "Occupancy Status": "<Null>", "DMS Data Parcel": "<Null>", "Owner": "CHESTNUTT", "Parcel": 92463 }, "geometry": { "type": "Point", "coordinates": [ -90.24309, 38.56977 ] } },
{ "type": "Feature", "properties": { "OBJECTID *": 521, "Shape": "Point", "longitude": -90.248712, "latitude": 38.571718, "Agency": "<Null>", "Counsel": "<Null>", "Address": "5001 LOUISIANA AV", "Address (Matching)": "<Null>", "State": "<Null>", "City": "<Null>", "Status of Case": "<Null>", "Back Taxes and Fees": "Classified as vacant by STL.", "Violations as of March 2026": "Most recent: 1/26/2026 (CSB)", "Narrative": "<Null>", "Notes": "<Null>", "Type/Units": "<Null>", "Developer": "<Null>", "Opposing Contacts": "<Null>", "Status": "Not currently targeted", "Occupancy Status": "<Null>", "DMS Data Parcel": "<Null>", "Owner": "POWELL", "Parcel": 65138 }, "geometry": { "type": "Point", "coordinates": [ -90.24871, 38.57172 ] } },
{ "type": "Feature", "properties": { "OBJECTID *": 522, "Shape": "Point", "longitude": -90.248974, "latitude": 38.587788, "Agency": "<Null>", "Counsel": "<Null>", "Address": "3754 DUNNICA AV", "Address (Matching)": "<Null>", "State": "<Null>", "City": "<Null>", "Status of Case": "<Null>", "Back Taxes and Fees": "Classified as vacant by STL.", "Violations as of March 2026": "Most recent: 5/4/2026 (Violation)", "Narrative": "<Null>", "Notes": "<Null>", "Type/Units": "<Null>", "Developer": "<Null>", "Opposing Contacts": "<Null>", "Status": "Not currently targeted", "Occupancy Status": "<Null>", "DMS Data Parcel": "<Null>", "Owner": "3754 DUNNICA ST LLC", "Parcel": 41638 }, "geometry": { "type": "Point", "coordinates": [ -90.24897, 38.58779 ] } },
{ "type": "Feature", "properties": { "OBJECTID *": 523, "Shape": "Point", "longitude": -90.246153, "latitude": 38.568612, "Agency": "<Null>", "Counsel": "<Null>", "Address": "619 WALSH ST", "Address (Matching)": "<Null>", "State": "<Null>", "City": "<Null>", "Status of Case": "<Null>", "Back Taxes and Fees": "Classified as vacant by STL.", "Violations as of March 2026": "Most recent: 10/2/2025 (CSB)", "Narrative": "<Null>", "Notes": "<Null>", "Type/Units": "<Null>", "Developer": "<Null>", "Opposing Contacts": "<Null>", "Status": "Not currently targeted", "Occupancy Status": "<Null>", "DMS Data Parcel": "<Null>", "Owner": "BORNS", "Parcel": 25387 }, "geometry": { "type": "Point", "coordinates": [ -90.24615, 38.56861 ] } },
{ "type": "Feature", "properties": { "OBJECTID *": 524, "Shape": "Point", "longitude": -90.253321, "latitude": 38.58722, "Agency": "<Null>", "Counsel": "<Null>", "Address": "3931 KEOKUK ST", "Address (Matching)": "<Null>", "State": "<Null>", "City": "<Null>", "Status of Case": "<Null>", "Back Taxes and Fees": "Classified as vacant by STL.", "Violations as of March 2026": "Most recent: 4/14/2026 (Violation)", "Narrative": "<Null>", "Notes": "<Null>", "Type/Units": "<Null>", "Developer": "<Null>", "Opposing Contacts": "<Null>", "Status": "Not currently targeted", "Occupancy Status": "<Null>", "DMS Data Parcel": "<Null>", "Owner": "CHRISTIAN & CHRISTIAN CO LLC", "Parcel": 55947 }, "geometry": { "type": "Point", "coordinates": [ -90.25332, 38.58722 ] } },
{ "type": "Feature", "properties": { "OBJECTID *": 525, "Shape": "Point", "longitude": -90.247921, "latitude": 38.58666, "Agency": "<Null>", "Counsel": "<Null>", "Address": "3719 KEOKUK ST", "Address (Matching)": "<Null>", "State": "<Null>", "City": "<Null>", "Status of Case": "<Null>", "Back Taxes and Fees": "Classified as vacant by STL.", "Violations as of March 2026": "Most recent: 2/16/2026 (Violation)", "Narrative": "<Null>", "Notes": "<Null>", "Type/Units": "<Null>", "Developer": "<Null>", "Opposing Contacts": "<Null>", "Status": "Not currently targeted", "Occupancy Status": "<Null>", "DMS Data Parcel": "<Null>", "Owner": "NGUYEN", "Parcel": 38596 }, "geometry": { "type": "Point", "coordinates": [ -90.24792, 38.58666 ] } },
{ "type": "Feature", "properties": { "OBJECTID *": 526, "Shape": "Point", "longitude": -90.252731, "latitude": 38.581642, "Agency": "<Null>", "Counsel": "<Null>", "Address": "3901 POMONA CT", "Address (Matching)": "<Null>", "State": "<Null>", "City": "<Null>", "Status of Case": "<Null>", "Back Taxes and Fees": "Classified as vacant by STL.", "Violations as of March 2026": "Most recent: 6/17/2025 (CSB)", "Narrative": "<Null>", "Notes": "<Null>", "Type/Units": "<Null>", "Developer": "<Null>", "Opposing Contacts": "<Null>", "Status": "Not currently targeted", "Occupancy Status": "<Null>", "DMS Data Parcel": "<Null>", "Owner": "SCHRAUTH", "Parcel": 41559 }, "geometry": { "type": "Point", "coordinates": [ -90.25273, 38.58164 ] } },
{ "type": "Feature", "properties": { "OBJECTID *": 527, "Shape": "Point", "longitude": -90.24919, "latitude": 38.588854, "Agency": "<Null>", "Counsel": "<Null>", "Address": "3764 CHIPPEWA ST", "Address (Matching)": "<Null>", "State": "<Null>", "City": "<Null>", "Status of Case": "<Null>", "Back Taxes and Fees": "Classified as vacant by STL.", "Violations as of March 2026": "Most recent: 11/27/2025 (Violation)", "Narrative": "<Null>", "Notes": "<Null>", "Type/Units": "<Null>", "Developer": "<Null>", "Opposing Contacts": "<Null>", "Status": "Not currently targeted", "Occupancy Status": "<Null>", "DMS Data Parcel": "<Null>", "Owner": "TRAN", "Parcel": 82794 }, "geometry": { "type": "Point", "coordinates": [ -90.24919, 38.58885 ] } },
{ "type": "Feature", "properties": { "OBJECTID *": 528, "Shape": "Point", "longitude": -90.252627, "latitude": 38.572538, "Agency": "<Null>", "Counsel": "<Null>", "Address": "5041 GRACE AV", "Address (Matching)": "<Null>", "State": "<Null>", "City": "<Null>", "Status of Case": "<Null>", "Back Taxes and Fees": "Classified as vacant by STL.", "Violations as of March 2026": "Most recent: 2/23/2026 (Violation)", "Narrative": "<Null>", "Notes": "<Null>", "Type/Units": "<Null>", "Developer": "<Null>", "Opposing Contacts": "<Null>", "Status": "Not currently targeted", "Occupancy Status": "<Null>", "DMS Data Parcel": "<Null>", "Owner": "SUNSET PROPERTY LLC", "Parcel": 56692 }, "geometry": { "type": "Point", "coordinates": [ -90.25263, 38.57254 ] } },
{ "type": "Feature", "properties": { "OBJECTID *": 529, "Shape": "Point", "longitude": -90.252739, "latitude": 38.572405, "Agency": "<Null>", "Counsel": "<Null>", "Address": "5047 GRACE AV", "Address (Matching)": "<Null>", "State": "<Null>", "City": "<Null>", "Status of Case": "<Null>", "Back Taxes and Fees": "Classified as vacant by STL.", "Violations as of March 2026": "Most recent: 8/3/2025 (CSB)", "Narrative": "<Null>", "Notes": "<Null>", "Type/Units": "<Null>", "Developer": "<Null>", "Opposing Contacts": "<Null>", "Status": "Not currently targeted", "Occupancy Status": "<Null>", "DMS Data Parcel": "<Null>", "Owner": "GOODMAN", "Parcel": 56701 }, "geometry": { "type": "Point", "coordinates": [ -90.25274, 38.57241 ] } },
{ "type": "Feature", "properties": { "OBJECTID *": 530, "Shape": "Point", "longitude": -90.248809, "latitude": 38.576132, "Agency": "<Null>", "Counsel": "<Null>", "Address": "3614 NEOSHO ST", "Address (Matching)": "<Null>", "State": "<Null>", "City": "<Null>", "Status of Case": "<Null>", "Back Taxes and Fees": "Classified as vacant by STL.", "Violations as of March 2026": "Most recent: 9/1/2025 (CSB)", "Narrative": "<Null>", "Notes": "<Null>", "Type/Units": "<Null>", "Developer": "<Null>", "Opposing Contacts": "<Null>", "Status": "Not currently targeted", "Occupancy Status": "<Null>", "DMS Data Parcel": "<Null>", "Owner": "DURGIN", "Parcel": 69199 }, "geometry": { "type": "Point", "coordinates": [ -90.24881, 38.57613 ] } },
{ "type": "Feature", "properties": { "OBJECTID *": 531, "Shape": "Point", "longitude": -90.251024, "latitude": 38.585387, "Agency": "<Null>", "Counsel": "<Null>", "Address": "4015 HYDRAULIC AV", "Address (Matching)": "<Null>", "State": "<Null>", "City": "<Null>", "Status of Case": "<Null>", "Back Taxes and Fees": "Classified as vacant by STL.", "Violations as of March 2026": "Most recent: 5/28/2026 (Violation)", "Narrative": "<Null>", "Notes": "<Null>", "Type/Units": "<Null>", "Developer": "<Null>", "Opposing Contacts": "<Null>", "Status": "Not currently targeted", "Occupancy Status": "<Null>", "DMS Data Parcel": "<Null>", "Owner": "POTLURI", "Parcel": 28221 }, "geometry": { "type": "Point", "coordinates": [ -90.25102, 38.58539 ] } },
{ "type": "Feature", "properties": { "OBJECTID *": 532, "Shape": "Point", "longitude": -90.251109, "latitude": 38.579721, "Agency": "<Null>", "Counsel": "<Null>", "Address": "4443 S 38TH ST", "Address (Matching)": "<Null>", "State": "<Null>", "City": "<Null>", "Status of Case": "<Null>", "Back Taxes and Fees": "Classified as vacant by STL.", "Violations as of March 2026": "Most recent: 11/17/2025 (Violation)", "Narrative": "<Null>", "Notes": "<Null>", "Type/Units": "<Null>", "Developer": "<Null>", "Opposing Contacts": "<Null>", "Status": "Not currently targeted", "Occupancy Status": "<Null>", "DMS Data Parcel": "<Null>", "Owner": "REXHEPI", "Parcel": 86579 }, "geometry": { "type": "Point", "coordinates": [ -90.25111, 38.57972 ] } },
{ "type": "Feature", "properties": { "OBJECTID *": 533, "Shape": "Point", "longitude": -90.252185, "latitude": 38.578414, "Agency": "<Null>", "Counsel": "<Null>", "Address": "4619 S 38TH ST", "Address (Matching)": "<Null>", "State": "<Null>", "City": "<Null>", "Status of Case": "<Null>", "Back Taxes and Fees": "Classified as vacant by STL.", "Violations as of March 2026": "Most recent: 3/23/2026 (Violation)", "Narrative": "<Null>", "Notes": "<Null>", "Type/Units": "<Null>", "Developer": "<Null>", "Opposing Contacts": "<Null>", "Status": "Not currently targeted", "Occupancy Status": "<Null>", "DMS Data Parcel": "<Null>", "Owner": "SCHMIDT", "Parcel": 112501 }, "geometry": { "type": "Point", "coordinates": [ -90.25218, 38.57841 ] } },
{ "type": "Feature", "properties": { "OBJECTID *": 534, "Shape": "Point", "longitude": -90.250827, "latitude": 38.583366, "Agency": "<Null>", "Counsel": "<Null>", "Address": "3870 KINGSLAND CT", "Address (Matching)": "<Null>", "State": "<Null>", "City": "<Null>", "Status of Case": "<Null>", "Back Taxes and Fees": "Classified as vacant by STL.", "Violations as of March 2026": "Most recent: 11/28/2017 (CSB)", "Narrative": "<Null>", "Notes": "<Null>", "Type/Units": "<Null>", "Developer": "<Null>", "Opposing Contacts": "<Null>", "Status": "Not currently targeted", "Occupancy Status": "<Null>", "DMS Data Parcel": "<Null>", "Owner": "SAJOL", "Parcel": 67117 }, "geometry": { "type": "Point", "coordinates": [ -90.25083, 38.58337 ] } },
{ "type": "Feature", "properties": { "OBJECTID *": 535, "Shape": "Point", "longitude": -90.250729, "latitude": 38.583314, "Agency": "<Null>", "Counsel": "<Null>", "Address": "3866 KINGSLAND CT", "Address (Matching)": "<Null>", "State": "<Null>", "City": "<Null>", "Status of Case": "<Null>", "Back Taxes and Fees": "Classified as vacant by STL.", "Violations as of March 2026": "Most recent: 5/16/2022 (CSB)", "Narrative": "<Null>", "Notes": "<Null>", "Type/Units": "<Null>", "Developer": "<Null>", "Opposing Contacts": "<Null>", "Status": "Not currently targeted", "Occupancy Status": "<Null>", "DMS Data Parcel": "<Null>", "Owner": "AUXTERO", "Parcel": 68930 }, "geometry": { "type": "Point", "coordinates": [ -90.25073, 38.58331 ] } },
{ "type": "Feature", "properties": { "OBJECTID *": 536, "Shape": "Point", "longitude": -90.249107, "latitude": 38.584307, "Agency": "<Null>", "Counsel": "<Null>", "Address": "4048 S SPRING AV", "Address (Matching)": "<Null>", "State": "<Null>", "City": "<Null>", "Status of Case": "<Null>", "Back Taxes and Fees": "Classified as vacant by STL.", "Violations as of March 2026": "Most recent: 12/22/2025 (Inspection)", "Narrative": "<Null>", "Notes": "<Null>", "Type/Units": "<Null>", "Developer": "<Null>", "Opposing Contacts": "<Null>", "Status": "Not currently targeted", "Occupancy Status": "<Null>", "DMS Data Parcel": "<Null>", "Owner": "DONNIE BURGERS LLC", "Parcel": 24072 }, "geometry": { "type": "Point", "coordinates": [ -90.24911, 38.58431 ] } },
{ "type": "Feature", "properties": { "OBJECTID *": 537, "Shape": "Point", "longitude": -90.257833, "latitude": 38.584756, "Agency": "<Null>", "Counsel": "<Null>", "Address": "4400 RAY AV", "Address (Matching)": "<Null>", "State": "<Null>", "City": "<Null>", "Status of Case": "<Null>", "Back Taxes and Fees": "Classified as vacant by STL.", "Violations as of March 2026": "Most recent: 8/11/2025 (CSB)", "Narrative": "<Null>", "Notes": "<Null>", "Type/Units": "Lot", "Developer": "<Null>", "Opposing Contacts": "<Null>", "Status": "Not currently targeted", "Occupancy Status": "<Null>", "DMS Data Parcel": "<Null>", "Owner": "<Null>", "Parcel": 17738 }, "geometry": { "type": "Point", "coordinates": [ -90.25783, 38.58476 ] } },
{ "type": "Feature", "properties": { "OBJECTID *": 538, "Shape": "Point", "longitude": -90.228473, "latitude": 38.584616, "Agency": "<Null>", "Counsel": "<Null>", "Address": "3858 TEXAS AV", "Address (Matching)": "<Null>", "State": "<Null>", "City": "<Null>", "Status of Case": "<Null>", "Back Taxes and Fees": "Classified as vacant by STL.", "Violations as of March 2026": "Most recent: 8/7/2025 (CSB)", "Narrative": "<Null>", "Notes": "<Null>", "Type/Units": "Lot", "Developer": "<Null>", "Opposing Contacts": "<Null>", "Status": "Not currently targeted", "Occupancy Status": "<Null>", "DMS Data Parcel": "<Null>", "Owner": "<Null>", "Parcel": 63270 }, "geometry": { "type": "Point", "coordinates": [ -90.22847, 38.58462 ] } },
{ "type": "Feature", "properties": { "OBJECTID *": 539, "Shape": "Point", "longitude": -90.229424, "latitude": 38.583195, "Agency": "<Null>", "Counsel": "<Null>", "Address": "3938 OHIO AV", "Address (Matching)": "<Null>", "State": "<Null>", "City": "<Null>", "Status of Case": "<Null>", "Back Taxes and Fees": "Classified as vacant by STL. 1", "Violations as of March 2026": "Most recent: 8/1/2025 (CSB)", "Narrative": "<Null>", "Notes": "<Null>", "Type/Units": "Lot", "Developer": "<Null>", "Opposing Contacts": "<Null>", "Status": "Not currently targeted", "Occupancy Status": "<Null>", "DMS Data Parcel": "<Null>", "Owner": "<Null>", "Parcel": 12128 }, "geometry": { "type": "Point", "coordinates": [ -90.22942, 38.5832 ] } },
{ "type": "Feature", "properties": { "OBJECTID *": 540, "Shape": "Point", "longitude": -90.229442, "latitude": 38.585258, "Agency": "<Null>", "Counsel": "<Null>", "Address": "3840 OHIO AV", "Address (Matching)": "<Null>", "State": "<Null>", "City": "<Null>", "Status of Case": "<Null>", "Back Taxes and Fees": "Classified as vacant by STL.", "Violations as of March 2026": "Most recent: 7/28/2025 (CSB)", "Narrative": "<Null>", "Notes": "<Null>", "Type/Units": "Lot", "Developer": "<Null>", "Opposing Contacts": "<Null>", "Status": "Not currently targeted", "Occupancy Status": "<Null>", "DMS Data Parcel": "<Null>", "Owner": "<Null>", "Parcel": 61882 }, "geometry": { "type": "Point", "coordinates": [ -90.22944, 38.58526 ] } },
{ "type": "Feature", "properties": { "OBJECTID *": 541, "Shape": "Point", "longitude": -90.239394, "latitude": 38.585871, "Agency": "<Null>", "Counsel": "<Null>", "Address": "3217 KEOKUK ST", "Address (Matching)": "<Null>", "State": "<Null>", "City": "<Null>", "Status of Case": "<Null>", "Back Taxes and Fees": "Classified as vacant by STL.", "Violations as of March 2026": "Most recent: 1/23/2024 (Violation)", "Narrative": "<Null>", "Notes": "<Null>", "Type/Units": "Lot", "Developer": "<Null>", "Opposing Contacts": "<Null>", "Status": "Not currently targeted", "Occupancy Status": "<Null>", "DMS Data Parcel": "<Null>", "Owner": "<Null>", "Parcel": 42764 }, "geometry": { "type": "Point", "coordinates": [ -90.23939, 38.58587 ] } },
{ "type": "Feature", "properties": { "OBJECTID *": 542, "Shape": "Point", "longitude": -90.246962, "latitude": 38.573326, "Agency": "<Null>", "Counsel": "<Null>", "Address": "3460 ITASKA ST", "Address (Matching)": "<Null>", "State": "<Null>", "City": "<Null>", "Status of Case": "<Null>", "Back Taxes and Fees": "Classified as vacant by STL.", "Violations as of March 2026": "Most recent: 2/11/2025 (CSB)", "Narrative": "<Null>", "Notes": "<Null>", "Type/Units": "Lot", "Developer": "<Null>", "Opposing Contacts": "<Null>", "Status": "Not currently targeted", "Occupancy Status": "<Null>", "DMS Data Parcel": "<Null>", "Owner": "<Null>", "Parcel": 17336 }, "geometry": { "type": "Point", "coordinates": [ -90.24696, 38.57333 ] } },
{ "type": "Feature", "properties": { "OBJECTID *": 543, "Shape": "Point", "longitude": -90.245401, "latitude": 38.587466, "Agency": "<Null>", "Counsel": "<Null>", "Address": "3617 DUNNICA AV(R)", "Address (Matching)": "<Null>", "State": "<Null>", "City": "<Null>", "Status of Case": "<Null>", "Back Taxes and Fees": "Classified as vacant by STL.", "Violations as of March 2026": "Most recent: 1/20/2020 (Inspection)", "Narrative": "<Null>", "Notes": "<Null>", "Type/Units": "Lot", "Developer": "<Null>", "Opposing Contacts": "<Null>", "Status": "Not currently targeted", "Occupancy Status": "<Null>", "DMS Data Parcel": "<Null>", "Owner": "<Null>", "Parcel": 59662 }, "geometry": { "type": "Point", "coordinates": [ -90.2454, 38.58747 ] } },
{ "type": "Feature", "properties": { "OBJECTID *": 544, "Shape": "Point", "longitude": -90.238655, "latitude": 38.586091, "Agency": "<Null>", "Counsel": "<Null>", "Address": "3849 S COMPTON AV", "Address (Matching)": "<Null>", "State": "<Null>", "City": "<Null>", "Status of Case": "<Null>", "Back Taxes and Fees": "Classified as vacant by STL.", "Violations as of March 2026": "Most recent: 7/31/2023 (CSB)", "Narrative": "<Null>", "Notes": "<Null>", "Type/Units": "Lot", "Developer": "<Null>", "Opposing Contacts": "<Null>", "Status": "Not currently targeted", "Occupancy Status": "<Null>", "DMS Data Parcel": "<Null>", "Owner": "<Null>", "Parcel": 47525 }, "geometry": { "type": "Point", "coordinates": [ -90.23865, 38.58609 ] } },
{ "type": "Feature", "properties": { "OBJECTID *": 545, "Shape": "Point", "longitude": -90.235516, "latitude": 38.587151, "Agency": "<Null>", "Counsel": "<Null>", "Address": "3012 CHIPPEWA ST", "Address (Matching)": "<Null>", "State": "<Null>", "City": "<Null>", "Status of Case": "<Null>", "Back Taxes and Fees": "Classified as vacant by STL.", "Violations as of March 2026": "Most recent: 9/21/2017 (CSB)", "Narrative": "<Null>", "Notes": "<Null>", "Type/Units": "Lot", "Developer": "<Null>", "Opposing Contacts": "<Null>", "Status": "Not currently targeted", "Occupancy Status": "<Null>", "DMS Data Parcel": "<Null>", "Owner": "<Null>", "Parcel": 26415 }, "geometry": { "type": "Point", "coordinates": [ -90.23552, 38.58715 ] } },
{ "type": "Feature", "properties": { "OBJECTID *": 546, "Shape": "Point", "longitude": -90.236146, "latitude": 38.586746, "Agency": "<Null>", "Counsel": "<Null>", "Address": "3814 MINNESOTA AV", "Address (Matching)": "<Null>", "State": "<Null>", "City": "<Null>", "Status of Case": "<Null>", "Back Taxes and Fees": "Classified as vacant by STL.", "Violations as of March 2026": "Most recent: 11/28/2020 (CSB)", "Narrative": "<Null>", "Notes": "<Null>", "Type/Units": "Lot", "Developer": "<Null>", "Opposing Contacts": "<Null>", "Status": "Not currently targeted", "Occupancy Status": "<Null>", "DMS Data Parcel": "<Null>", "Owner": "<Null>", "Parcel": 18762 }, "geometry": { "type": "Point", "coordinates": [ -90.23615, 38.58675 ] } },
{ "type": "Feature", "properties": { "OBJECTID *": 547, "Shape": "Point", "longitude": -90.236358, "latitude": 38.58604, "Agency": "<Null>", "Counsel": "<Null>", "Address": "3843 MINNESOTA AV", "Address (Matching)": "<Null>", "State": "<Null>", "City": "<Null>", "Status of Case": "<Null>", "Back Taxes and Fees": "Classified as vacant by STL.", "Violations as of March 2026": "Most recent: 1/16/2021 (CSB)", "Narrative": "<Null>", "Notes": "<Null>", "Type/Units": "Lot", "Developer": "<Null>", "Opposing Contacts": "<Null>", "Status": "Not currently targeted", "Occupancy Status": "<Null>", "DMS Data Parcel": "<Null>", "Owner": "<Null>", "Parcel": 126084 }, "geometry": { "type": "Point", "coordinates": [ -90.23636, 38.58604 ] } },
{ "type": "Feature", "properties": { "OBJECTID *": 548, "Shape": "Point", "longitude": -90.235012, "latitude": 38.586568, "Agency": "<Null>", "Counsel": "<Null>", "Address": "3818 PENNSYLVANIA AV", "Address (Matching)": "<Null>", "State": "<Null>", "City": "<Null>", "Status of Case": "<Null>", "Back Taxes and Fees": "Classified as vacant by STL.", "Violations as of March 2026": "Most recent: 5/25/2022 (CSB)", "Narrative": "<Null>", "Notes": "<Null>", "Type/Units": "Lot", "Developer": "<Null>", "Opposing Contacts": "<Null>", "Status": "Not currently targeted", "Occupancy Status": "<Null>", "DMS Data Parcel": "<Null>", "Owner": "<Null>", "Parcel": 46086 }, "geometry": { "type": "Point", "coordinates": [ -90.23501, 38.58657 ] } },
{ "type": "Feature", "properties": { "OBJECTID *": 549, "Shape": "Point", "longitude": -90.233821, "latitude": 38.585116, "Agency": "<Null>", "Counsel": "<Null>", "Address": "2848 KEOKUK ST", "Address (Matching)": "<Null>", "State": "<Null>", "City": "<Null>", "Status of Case": "<Null>", "Back Taxes and Fees": "Classified as vacant by STL. 2", "Violations as of March 2026": "Most recent: 5/17/2024 (Violation)", "Narrative": "<Null>", "Notes": "<Null>", "Type/Units": "Lot", "Developer": "<Null>", "Opposing Contacts": "<Null>", "Status": "Not currently targeted", "Occupancy Status": "<Null>", "DMS Data Parcel": "<Null>", "Owner": "<Null>", "Parcel": 62836 }, "geometry": { "type": "Point", "coordinates": [ -90.23382, 38.58512 ] } },
{ "type": "Feature", "properties": { "OBJECTID *": 550, "Shape": "Point", "longitude": -90.234085, "latitude": 38.585667, "Agency": "<Null>", "Counsel": "<Null>", "Address": "3847 NEBRASKA AV", "Address (Matching)": "<Null>", "State": "<Null>", "City": "<Null>", "Status of Case": "<Null>", "Back Taxes and Fees": "Classified as vacant by STL.", "Violations as of March 2026": "Most recent: 3/26/2021 (CSB)", "Narrative": "<Null>", "Notes": "<Null>", "Type/Units": "Lot", "Developer": "<Null>", "Opposing Contacts": "<Null>", "Status": "Not currently targeted", "Occupancy Status": "<Null>", "DMS Data Parcel": "<Null>", "Owner": "<Null>", "Parcel": 47349 }, "geometry": { "type": "Point", "coordinates": [ -90.23408, 38.58567 ] } },
{ "type": "Feature", "properties": { "OBJECTID *": 551, "Shape": "Point", "longitude": -90.230445, "latitude": 38.582916, "Agency": "<Null>", "Counsel": "<Null>", "Address": "2711 OSAGE ST", "Address (Matching)": "<Null>", "State": "<Null>", "City": "<Null>", "Status of Case": "<Null>", "Back Taxes and Fees": "Classified as vacant by STL.", "Violations as of March 2026": "Most recent: 3/29/2024 (CSB)", "Narrative": "<Null>", "Notes": "<Null>", "Type/Units": "Lot", "Developer": "<Null>", "Opposing Contacts": "<Null>", "Status": "Not currently targeted", "Occupancy Status": "<Null>", "DMS Data Parcel": "<Null>", "Owner": "<Null>", "Parcel": 79156 }, "geometry": { "type": "Point", "coordinates": [ -90.23045, 38.58292 ] } },
{ "type": "Feature", "properties": { "OBJECTID *": 552, "Shape": "Point", "longitude": -90.234342, "latitude": 38.583406, "Agency": "<Null>", "Counsel": "<Null>", "Address": "2853 OSAGE ST", "Address (Matching)": "<Null>", "State": "<Null>", "City": "<Null>", "Status of Case": "<Null>", "Back Taxes and Fees": "Classified as vacant by STL.", "Violations as of March 2026": "Most recent: 10/31/2023 (CSB)", "Narrative": "<Null>", "Notes": "<Null>", "Type/Units": "Lot", "Developer": "<Null>", "Opposing Contacts": "<Null>", "Status": "Not currently targeted", "Occupancy Status": "<Null>", "DMS Data Parcel": "<Null>", "Owner": "<Null>", "Parcel": 96180 }, "geometry": { "type": "Point", "coordinates": [ -90.23434, 38.58341 ] } },
{ "type": "Feature", "properties": { "OBJECTID *": 553, "Shape": "Point", "longitude": -90.235117, "latitude": 38.580479, "Agency": "<Null>", "Counsel": "<Null>", "Address": "4138 NEBRASKA AV", "Address (Matching)": "<Null>", "State": "<Null>", "City": "<Null>", "Status of Case": "<Null>", "Back Taxes and Fees": "Classified as vacant by STL. 3", "Violations as of March 2026": "Most recent: 3/11/2025 (Violation)", "Narrative": "<Null>", "Notes": "<Null>", "Type/Units": "Lot", "Developer": "<Null>", "Opposing Contacts": "<Null>", "Status": "Not currently targeted", "Occupancy Status": "<Null>", "DMS Data Parcel": "<Null>", "Owner": "<Null>", "Parcel": 113043 }, "geometry": { "type": "Point", "coordinates": [ -90.23512, 38.58048 ] } },
{ "type": "Feature", "properties": { "OBJECTID *": 554, "Shape": "Point", "longitude": -90.238394, "latitude": 38.583909, "Agency": "<Null>", "Counsel": "<Null>", "Address": "3141 OSAGE ST", "Address (Matching)": "<Null>", "State": "<Null>", "City": "<Null>", "Status of Case": "<Null>", "Back Taxes and Fees": "Classified as vacant by STL.", "Violations as of March 2026": "Most recent: 3/24/2023 (CSB)", "Narrative": "<Null>", "Notes": "<Null>", "Type/Units": "Lot", "Developer": "<Null>", "Opposing Contacts": "<Null>", "Status": "Not currently targeted", "Occupancy Status": "<Null>", "DMS Data Parcel": "<Null>", "Owner": "<Null>", "Parcel": 42254 }, "geometry": { "type": "Point", "coordinates": [ -90.23839, 38.58391 ] } },
{ "type": "Feature", "properties": { "OBJECTID *": 555, "Shape": "Point", "longitude": -90.232446, "latitude": 38.582234, "Agency": "<Null>", "Counsel": "<Null>", "Address": "4029 CALIFORNIA AV", "Address (Matching)": "<Null>", "State": "<Null>", "City": "<Null>", "Status of Case": "<Null>", "Back Taxes and Fees": "Classified as vacant by STL.", "Violations as of March 2026": "Most recent: 5/22/2025 (Violation)", "Narrative": "<Null>", "Notes": "<Null>", "Type/Units": "Lot", "Developer": "<Null>", "Opposing Contacts": "<Null>", "Status": "Not currently targeted", "Occupancy Status": "<Null>", "DMS Data Parcel": "<Null>", "Owner": "<Null>", "Parcel": 39752 }, "geometry": { "type": "Point", "coordinates": [ -90.23245, 38.58223 ] } },
{ "type": "Feature", "properties": { "OBJECTID *": 556, "Shape": "Point", "longitude": -90.235102, "latitude": 38.580553, "Agency": "<Null>", "Counsel": "<Null>", "Address": "4136 NEBRASKA AV", "Address (Matching)": "<Null>", "State": "<Null>", "City": "<Null>", "Status of Case": "<Null>", "Back Taxes and Fees": "Classified as vacant by STL.", "Violations as of March 2026": "Most recent: 3/11/2025 (Violation)", "Narrative": "<Null>", "Notes": "<Null>", "Type/Units": "Lot", "Developer": "<Null>", "Opposing Contacts": "<Null>", "Status": "Not currently targeted", "Occupancy Status": "<Null>", "DMS Data Parcel": "<Null>", "Owner": "<Null>", "Parcel": 116620 }, "geometry": { "type": "Point", "coordinates": [ -90.2351, 38.58055 ] } },
{ "type": "Feature", "properties": { "OBJECTID *": 557, "Shape": "Point", "longitude": -90.254768, "latitude": 38.588448, "Agency": "<Null>", "Counsel": "<Null>", "Address": "4013 DUNNICA AV", "Address (Matching)": "<Null>", "State": "<Null>", "City": "<Null>", "Status of Case": "<Null>", "Back Taxes and Fees": "Classified as vacant by STL.", "Violations as of March 2026": "Most recent: 1/3/2025 (CSB)", "Narrative": "<Null>", "Notes": "<Null>", "Type/Units": "Lot", "Developer": "<Null>", "Opposing Contacts": "<Null>", "Status": "Not currently targeted", "Occupancy Status": "<Null>", "DMS Data Parcel": "<Null>", "Owner": "<Null>", "Parcel": 113230 }, "geometry": { "type": "Point", "coordinates": [ -90.25477, 38.58845 ] } },
{ "type": "Feature", "properties": { "OBJECTID *": 558, "Shape": "Point", "longitude": -90.245129, "latitude": 38.570478, "Agency": "<Null>", "Counsel": "<Null>", "Address": "4754 ALABAMA AV", "Address (Matching)": "<Null>", "State": "<Null>", "City": "<Null>", "Status of Case": "<Null>", "Back Taxes and Fees": "Classified as vacant by STL.", "Violations as of March 2026": "Most recent: 6/20/2016 (CSB)", "Narrative": "<Null>", "Notes": "<Null>", "Type/Units": "Lot", "Developer": "<Null>", "Opposing Contacts": "<Null>", "Status": "Not currently targeted", "Occupancy Status": "<Null>", "DMS Data Parcel": "<Null>", "Owner": "<Null>", "Parcel": 65135 }, "geometry": { "type": "Point", "coordinates": [ -90.24513, 38.57048 ] } },
{ "type": "Feature", "properties": { "OBJECTID *": 559, "Shape": "Point", "longitude": -90.249107, "latitude": 38.573036, "Agency": "<Null>", "Counsel": "<Null>", "Address": "4737 TENNESSEE AV", "Address (Matching)": "<Null>", "State": "<Null>", "City": "<Null>", "Status of Case": "<Null>", "Back Taxes and Fees": "Classified as vacant by STL.", "Violations as of March 2026": "Most recent: 7/19/2022 (CSB)", "Narrative": "<Null>", "Notes": "<Null>", "Type/Units": "Lot", "Developer": "<Null>", "Opposing Contacts": "<Null>", "Status": "Not currently targeted", "Occupancy Status": "<Null>", "DMS Data Parcel": "<Null>", "Owner": "<Null>", "Parcel": 80695 }, "geometry": { "type": "Point", "coordinates": [ -90.24911, 38.57304 ] } },
{ "type": "Feature", "properties": { "OBJECTID *": 560, "Shape": "Point", "longitude": -90.241346, "latitude": 38.573355, "Agency": "<Null>", "Counsel": "<Null>", "Address": "4559 S COMPTON AV", "Address (Matching)": "<Null>", "State": "<Null>", "City": "<Null>", "Status of Case": "<Null>", "Back Taxes and Fees": "Classified as vacant by STL.", "Violations as of March 2026": "Most recent: 6/16/2017 (CSB)", "Narrative": "<Null>", "Notes": "<Null>", "Type/Units": "Lot", "Developer": "<Null>", "Opposing Contacts": "<Null>", "Status": "Not currently targeted", "Occupancy Status": "<Null>", "DMS Data Parcel": "<Null>", "Owner": "<Null>", "Parcel": 123392 }, "geometry": { "type": "Point", "coordinates": [ -90.24135, 38.57335 ] } },
{ "type": "Feature", "properties": { "OBJECTID *": 561, "Shape": "Point", "longitude": -90.258218, "latitude": 38.586279, "Agency": "<Null>", "Counsel": "<Null>", "Address": "4070 BINGHAM AV", "Address (Matching)": "<Null>", "State": "<Null>", "City": "<Null>", "Status of Case": "<Null>", "Back Taxes and Fees": "Classified as vacant by STL.", "Violations as of March 2026": "Most recent: 9/28/2022 (CSB)", "Narrative": "<Null>", "Notes": "<Null>", "Type/Units": "Lot", "Developer": "<Null>", "Opposing Contacts": "<Null>", "Status": "Not currently targeted", "Occupancy Status": "<Null>", "DMS Data Parcel": "<Null>", "Owner": "<Null>", "Parcel": 18084 }, "geometry": { "type": "Point", "coordinates": [ -90.25822, 38.58628 ] } },
{ "type": "Feature", "properties": { "OBJECTID *": 562, "Shape": "Point", "longitude": -90.228384, "latitude": 38.585086, "Agency": "<Null>", "Counsel": "<Null>", "Address": "3840 TEXAS AV", "Address (Matching)": "<Null>", "State": "<Null>", "City": "<Null>", "Status of Case": "<Null>", "Back Taxes and Fees": "Classified as vacant by STL.", "Violations as of March 2026": "Most recent: 8/12/2021 (CSB)", "Narrative": "<Null>", "Notes": "<Null>", "Type/Units": "Lot", "Developer": "<Null>", "Opposing Contacts": "<Null>", "Status": "Not currently targeted", "Occupancy Status": "<Null>", "DMS Data Parcel": "<Null>", "Owner": "<Null>", "Parcel": 84572 }, "geometry": { "type": "Point", "coordinates": [ -90.22838, 38.58509 ] } },
{ "type": "Feature", "properties": { "OBJECTID *": 563, "Shape": "Point", "longitude": -90.252475, "latitude": 38.583819, "Agency": "<Null>", "Counsel": "<Null>", "Address": "3923 KINGSLAND CT", "Address (Matching)": "<Null>", "State": "<Null>", "City": "<Null>", "Status of Case": "<Null>", "Back Taxes and Fees": "Classified as vacant by STL.", "Violations as of March 2026": "Most recent: 12/9/2022 (Violation)", "Narrative": "<Null>", "Notes": "<Null>", "Type/Units": "Lot", "Developer": "<Null>", "Opposing Contacts": "<Null>", "Status": "Not currently targeted", "Occupancy Status": "<Null>", "DMS Data Parcel": "<Null>", "Owner": "<Null>", "Parcel": 116292 }, "geometry": { "type": "Point", "coordinates": [ -90.25248, 38.58382 ] } },
{ "type": "Feature", "properties": { "OBJECTID *": 564, "Shape": "Point", "longitude": -90.254526, "latitude": 38.577364, "Agency": "<Null>", "Counsel": "<Null>", "Address": "4701 S SPRING AV", "Address (Matching)": "<Null>", "State": "<Null>", "City": "<Null>", "Status of Case": "<Null>", "Back Taxes and Fees": "Classified as vacant by STL.", "Violations as of March 2026": "Most recent: 7/26/2022 (CSB)", "Narrative": "<Null>", "Notes": "<Null>", "Type/Units": "Lot", "Developer": "<Null>", "Opposing Contacts": "<Null>", "Status": "Not currently targeted", "Occupancy Status": "<Null>", "DMS Data Parcel": "<Null>", "Owner": "<Null>", "Parcel": 41111 }, "geometry": { "type": "Point", "coordinates": [ -90.25453, 38.57736 ] } },
{ "type": "Feature", "properties": { "OBJECTID *": 565, "Shape": "Point", "longitude": -90.228371, "latitude": 38.585154, "Agency": "<Null>", "Counsel": "<Null>", "Address": "3838 TEXAS AV", "Address (Matching)": "<Null>", "State": "<Null>", "City": "<Null>", "Status of Case": "<Null>", "Back Taxes and Fees": "Classified as vacant by STL.", "Violations as of March 2026": "Most recent: 4/28/2025 (Inspection)", "Narrative": "<Null>", "Notes": "<Null>", "Type/Units": "Lot", "Developer": "<Null>", "Opposing Contacts": "<Null>", "Status": "Not currently targeted", "Occupancy Status": "<Null>", "DMS Data Parcel": "<Null>", "Owner": "<Null>", "Parcel": 84572 }, "geometry": { "type": "Point", "coordinates": [ -90.22837, 38.58515 ] } },
{ "type": "Feature", "properties": { "OBJECTID *": 566, "Shape": "Point", "longitude": -90.228358, "latitude": 38.585223, "Agency": "<Null>", "Counsel": "<Null>", "Address": "3836 TEXAS AV", "Address (Matching)": "<Null>", "State": "<Null>", "City": "<Null>", "Status of Case": "<Null>", "Back Taxes and Fees": "Classified as vacant by STL.", "Violations as of March 2026": "Most recent: 4/16/2025 (CSB)", "Narrative": "<Null>", "Notes": "<Null>", "Type/Units": "Lot", "Developer": "<Null>", "Opposing Contacts": "<Null>", "Status": "Not currently targeted", "Occupancy Status": "<Null>", "DMS Data Parcel": "<Null>", "Owner": "<Null>", "Parcel": 84572 }, "geometry": { "type": "Point", "coordinates": [ -90.22836, 38.58522 ] } },
{ "type": "Feature", "properties": { "OBJECTID *": 567, "Shape": "Point", "longitude": -90.246709, "latitude": 38.582664, "Agency": "<Null>", "Counsel": "<Null>", "Address": "3659 GASCONADE ST(R)", "Address (Matching)": "<Null>", "State": "<Null>", "City": "<Null>", "Status of Case": "<Null>", "Back Taxes and Fees": "Classified as vacant by STL.", "Violations as of March 2026": "Most recent: 6/27/2025 (CSB)", "Narrative": "<Null>", "Notes": "<Null>", "Type/Units": "Lot", "Developer": "<Null>", "Opposing Contacts": "<Null>", "Status": "Not currently targeted", "Occupancy Status": "<Null>", "DMS Data Parcel": "<Null>", "Owner": "<Null>", "Parcel": 26441 }, "geometry": { "type": "Point", "coordinates": [ -90.24671, 38.58266 ] } },
{ "type": "Feature", "properties": { "OBJECTID *": 568, "Shape": "Point", "longitude": -90.231394, "latitude": 38.582969, "Agency": "<Null>", "Counsel": "<Null>", "Address": "2732 OSAGE ST", "Address (Matching)": "<Null>", "State": "<Null>", "City": "<Null>", "Status of Case": "<Null>", "Back Taxes and Fees": "Classified as vacant by STL.", "Violations as of March 2026": "Most recent: 5/11/2022 (CSB)", "Narrative": "<Null>", "Notes": "<Null>", "Type/Units": "Lot", "Developer": "<Null>", "Opposing Contacts": "<Null>", "Status": "Not currently targeted", "Occupancy Status": "<Null>", "DMS Data Parcel": "<Null>", "Owner": "<Null>", "Parcel": 81159 }, "geometry": { "type": "Point", "coordinates": [ -90.23139, 38.58297 ] } },
{ "type": "Feature", "properties": { "OBJECTID *": 569, "Shape": "Point", "longitude": -90.254471, "latitude": 38.573855, "Agency": "<Null>", "Counsel": "<Null>", "Address": "5032 DEWEY AV", "Address (Matching)": "<Null>", "State": "<Null>", "City": "<Null>", "Status of Case": "<Null>", "Back Taxes and Fees": "Classified as vacant by STL.", "Violations as of March 2026": "Most recent: 4/28/2024 (Inspection)", "Narrative": "<Null>", "Notes": "<Null>", "Type/Units": "Lot", "Developer": "<Null>", "Opposing Contacts": "<Null>", "Status": "Not currently targeted", "Occupancy Status": "<Null>", "DMS Data Parcel": "<Null>", "Owner": "<Null>", "Parcel": 95739 }, "geometry": { "type": "Point", "coordinates": [ -90.25447, 38.57386 ] } },
{ "type": "Feature", "properties": { "OBJECTID *": 570, "Shape": "Point", "longitude": -90.255106, "latitude": 38.588482, "Agency": "<Null>", "Counsel": "<Null>", "Address": "4019 DUNNICA AV", "Address (Matching)": "<Null>", "State": "<Null>", "City": "<Null>", "Status of Case": "<Null>", "Back Taxes and Fees": "Classified as vacant by STL.", "Violations as of March 2026": "Most recent: 2/16/2025 (CSB)", "Narrative": "<Null>", "Notes": "<Null>", "Type/Units": "Lot", "Developer": "<Null>", "Opposing Contacts": "<Null>", "Status": "Not currently targeted", "Occupancy Status": "<Null>", "DMS Data Parcel": "<Null>", "Owner": "<Null>", "Parcel": 103217 }, "geometry": { "type": "Point", "coordinates": [ -90.25511, 38.58848 ] } },
{ "type": "Feature", "properties": { "OBJECTID *": 571, "Shape": "Point", "longitude": -90.230556, "latitude": 38.585405, "Agency": "<Null>", "Counsel": "<Null>", "Address": "3838 IOWA AV", "Address (Matching)": "<Null>", "State": "<Null>", "City": "<Null>", "Status of Case": "<Null>", "Back Taxes and Fees": "Classified as vacant by STL.", "Violations as of March 2026": "Most recent: 9/26/2025 (CSB)", "Narrative": "<Null>", "Notes": "<Null>", "Type/Units": "Lot", "Developer": "<Null>", "Opposing Contacts": "<Null>", "Status": "Not currently targeted", "Occupancy Status": "<Null>", "DMS Data Parcel": "<Null>", "Owner": "<Null>", "Parcel": 42375 }, "geometry": { "type": "Point", "coordinates": [ -90.23056, 38.58541 ] } },
{ "type": "Feature", "properties": { "OBJECTID *": 572, "Shape": "Point", "longitude": -90.227804, "latitude": 38.582316, "Agency": "<Null>", "Counsel": "<Null>", "Address": "4001 S BROADWAY", "Address (Matching)": "<Null>", "State": "<Null>", "City": "<Null>", "Status of Case": "<Null>", "Back Taxes and Fees": "Classified as vacant by STL.", "Violations as of March 2026": "Most recent: 6/2/2025 (CSB)", "Narrative": "<Null>", "Notes": "<Null>", "Type/Units": "Lot", "Developer": "<Null>", "Opposing Contacts": "<Null>", "Status": "Not currently targeted", "Occupancy Status": "<Null>", "DMS Data Parcel": "<Null>", "Owner": "<Null>", "Parcel": 124492 }, "geometry": { "type": "Point", "coordinates": [ -90.2278, 38.58232 ] } },
{ "type": "Feature", "properties": { "OBJECTID *": 573, "Shape": "Point", "longitude": -90.244909, "latitude": 38.576238, "Agency": "<Null>", "Counsel": "<Null>", "Address": "4513 LOUISIANA AV", "Address (Matching)": "<Null>", "State": "<Null>", "City": "<Null>", "Status of Case": "<Null>", "Back Taxes and Fees": "Classified as vacant by STL.", "Violations as of March 2026": "Most recent: 5/30/2025 (CSB)", "Narrative": "<Null>", "Notes": "<Null>", "Type/Units": "Lot", "Developer": "<Null>", "Opposing Contacts": "<Null>", "Status": "Not currently targeted", "Occupancy Status": "<Null>", "DMS Data Parcel": "<Null>", "Owner": "<Null>", "Parcel": 2882 }, "geometry": { "type": "Point", "coordinates": [ -90.24491, 38.57624 ] } },
{ "type": "Feature", "properties": { "OBJECTID *": 574, "Shape": "Point", "longitude": -90.232873, "latitude": 38.585663, "Agency": "<Null>", "Counsel": "<Null>", "Address": "3844 OREGON AV", "Address (Matching)": "<Null>", "State": "<Null>", "City": "<Null>", "Status of Case": "<Null>", "Back Taxes and Fees": "Classified as vacant by STL. 2", "Violations as of March 2026": "Most recent: 2/3/2026 (Violation)", "Narrative": "<Null>", "Notes": "<Null>", "Type/Units": "Lot", "Developer": "<Null>", "Opposing Contacts": "<Null>", "Status": "Not currently targeted", "Occupancy Status": "<Null>", "DMS Data Parcel": "<Null>", "Owner": "<Null>", "Parcel": 61610 }, "geometry": { "type": "Point", "coordinates": [ -90.23287, 38.58566 ] } },
{ "type": "Feature", "properties": { "OBJECTID *": 575, "Shape": "Point", "longitude": -90.229434, "latitude": 38.582738, "Agency": "<Null>", "Counsel": "<Null>", "Address": "2642 OSAGE ST", "Address (Matching)": "<Null>", "State": "<Null>", "City": "<Null>", "Status of Case": "<Null>", "Back Taxes and Fees": "Classified as vacant by STL.", "Violations as of March 2026": "Most recent: 7/15/2025 (CSB)", "Narrative": "<Null>", "Notes": "<Null>", "Type/Units": "Lot", "Developer": "<Null>", "Opposing Contacts": "<Null>", "Status": "Not currently targeted", "Occupancy Status": "<Null>", "DMS Data Parcel": "<Null>", "Owner": "<Null>", "Parcel": 114180 }, "geometry": { "type": "Point", "coordinates": [ -90.22943, 38.58274 ] } },
{ "type": "Feature", "properties": { "OBJECTID *": 576, "Shape": "Point", "longitude": -90.236919, "latitude": 38.587324, "Agency": "<Null>", "Counsel": "<Null>", "Address": "3122 CHIPPEWA ST", "Address (Matching)": "<Null>", "State": "<Null>", "City": "<Null>", "Status of Case": "<Null>", "Back Taxes and Fees": "Classified as vacant by STL.", "Violations as of March 2026": "Most recent: 9/30/2022 (CSB)", "Narrative": "<Null>", "Notes": "<Null>", "Type/Units": "Lot", "Developer": "<Null>", "Opposing Contacts": "<Null>", "Status": "Not currently targeted", "Occupancy Status": "<Null>", "DMS Data Parcel": "<Null>", "Owner": "<Null>", "Parcel": 110707 }, "geometry": { "type": "Point", "coordinates": [ -90.23692, 38.58732 ] } },
{ "type": "Feature", "properties": { "OBJECTID *": 577, "Shape": "Point", "longitude": -90.236206, "latitude": 38.586474, "Agency": "<Null>", "Counsel": "<Null>", "Address": "3826 MINNESOTA AV", "Address (Matching)": "<Null>", "State": "<Null>", "City": "<Null>", "Status of Case": "<Null>", "Back Taxes and Fees": "Classified as vacant by STL.", "Violations as of March 2026": "Most recent: 5/13/2022 (CSB)", "Narrative": "<Null>", "Notes": "<Null>", "Type/Units": "Lot", "Developer": "<Null>", "Opposing Contacts": "<Null>", "Status": "Not currently targeted", "Occupancy Status": "<Null>", "DMS Data Parcel": "<Null>", "Owner": "<Null>", "Parcel": 13972 }, "geometry": { "type": "Point", "coordinates": [ -90.23621, 38.58647 ] } },
{ "type": "Feature", "properties": { "OBJECTID *": 578, "Shape": "Point", "longitude": -90.235219, "latitude": 38.585855, "Agency": "<Null>", "Counsel": "<Null>", "Address": "3845 PENNSYLVANIA AV", "Address (Matching)": "<Null>", "State": "<Null>", "City": "<Null>", "Status of Case": "<Null>", "Back Taxes and Fees": "Classified as vacant by STL.", "Violations as of March 2026": "Most recent: 9/11/2022 (CSB)", "Narrative": "<Null>", "Notes": "<Null>", "Type/Units": "Lot", "Developer": "<Null>", "Opposing Contacts": "<Null>", "Status": "Not currently targeted", "Occupancy Status": "<Null>", "DMS Data Parcel": "<Null>", "Owner": "<Null>", "Parcel": 45127 }, "geometry": { "type": "Point", "coordinates": [ -90.23522, 38.58586 ] } },
{ "type": "Feature", "properties": { "OBJECTID *": 579, "Shape": "Point", "longitude": -90.236048, "latitude": 38.585442, "Agency": "<Null>", "Counsel": "<Null>", "Address": "3021 KEOKUK ST", "Address (Matching)": "<Null>", "State": "<Null>", "City": "<Null>", "Status of Case": "<Null>", "Back Taxes and Fees": "Classified as vacant by STL.", "Violations as of March 2026": "Most recent: 8/4/2025 (CSB)", "Narrative": "<Null>", "Notes": "<Null>", "Type/Units": "Lot", "Developer": "<Null>", "Opposing Contacts": "<Null>", "Status": "Not currently targeted", "Occupancy Status": "<Null>", "DMS Data Parcel": "<Null>", "Owner": "<Null>", "Parcel": 45353 }, "geometry": { "type": "Point", "coordinates": [ -90.23605, 38.58544 ] } },
{ "type": "Feature", "properties": { "OBJECTID *": 580, "Shape": "Point", "longitude": -90.236256, "latitude": 38.585466, "Agency": "<Null>", "Counsel": "<Null>", "Address": "3027 KEOKUK ST", "Address (Matching)": "<Null>", "State": "<Null>", "City": "<Null>", "Status of Case": "<Null>", "Back Taxes and Fees": "Classified as vacant by STL.", "Violations as of March 2026": "Most recent: 8/4/2025 (CSB)", "Narrative": "<Null>", "Notes": "<Null>", "Type/Units": "Lot", "Developer": "<Null>", "Opposing Contacts": "<Null>", "Status": "Not currently targeted", "Occupancy Status": "<Null>", "DMS Data Parcel": "<Null>", "Owner": "<Null>", "Parcel": 45455 }, "geometry": { "type": "Point", "coordinates": [ -90.23626, 38.58547 ] } },
{ "type": "Feature", "properties": { "OBJECTID *": 581, "Shape": "Point", "longitude": -90.235042, "latitude": 38.586428, "Agency": "<Null>", "Counsel": "<Null>", "Address": "3822 PENNSYLVANIA AV", "Address (Matching)": "<Null>", "State": "<Null>", "City": "<Null>", "Status of Case": "<Null>", "Back Taxes and Fees": "Classified as vacant by STL.", "Violations as of March 2026": "Most recent: 8/27/2024 (CSB)", "Narrative": "<Null>", "Notes": "<Null>", "Type/Units": "Lot", "Developer": "<Null>", "Opposing Contacts": "<Null>", "Status": "Not currently targeted", "Occupancy Status": "<Null>", "DMS Data Parcel": "<Null>", "Owner": "<Null>", "Parcel": 43681 }, "geometry": { "type": "Point", "coordinates": [ -90.23504, 38.58643 ] } },
{ "type": "Feature", "properties": { "OBJECTID *": 582, "Shape": "Point", "longitude": -90.235027, "latitude": 38.586496, "Agency": "<Null>", "Counsel": "<Null>", "Address": "3820 PENNSYLVANIA AV", "Address (Matching)": "<Null>", "State": "<Null>", "City": "<Null>", "Status of Case": "<Null>", "Back Taxes and Fees": "Classified as vacant by STL.", "Violations as of March 2026": "Most recent: 2/26/2018 (CSB)", "Narrative": "<Null>", "Notes": "<Null>", "Type/Units": "Lot", "Developer": "<Null>", "Opposing Contacts": "<Null>", "Status": "Not currently targeted", "Occupancy Status": "<Null>", "DMS Data Parcel": "<Null>", "Owner": "<Null>", "Parcel": 44357 }, "geometry": { "type": "Point", "coordinates": [ -90.23503, 38.5865 ] } },
{ "type": "Feature", "properties": { "OBJECTID *": 583, "Shape": "Point", "longitude": -90.235218, "latitude": 38.585598, "Agency": "<Null>", "Counsel": "<Null>", "Address": "3850 PENNSYLVANIA AV", "Address (Matching)": "<Null>", "State": "<Null>", "City": "<Null>", "Status of Case": "<Null>", "Back Taxes and Fees": "Classified as vacant by STL.", "Violations as of March 2026": "Most recent: 11/6/2025 (CSB)", "Narrative": "<Null>", "Notes": "<Null>", "Type/Units": "Lot", "Developer": "<Null>", "Opposing Contacts": "<Null>", "Status": "Not currently targeted", "Occupancy Status": "<Null>", "DMS Data Parcel": "<Null>", "Owner": "<Null>", "Parcel": 46283 }, "geometry": { "type": "Point", "coordinates": [ -90.23522, 38.5856 ] } },
{ "type": "Feature", "properties": { "OBJECTID *": 584, "Shape": "Point", "longitude": -90.232441, "latitude": 38.586337, "Agency": "<Null>", "Counsel": "<Null>", "Address": "3820 OREGON AV", "Address (Matching)": "<Null>", "State": "<Null>", "City": "<Null>", "Status of Case": "<Null>", "Back Taxes and Fees": "Classified as vacant by STL.", "Violations as of March 2026": "Most recent: 1/10/2026 (CSB)", "Narrative": "<Null>", "Notes": "<Null>", "Type/Units": "Lot", "Developer": "<Null>", "Opposing Contacts": "<Null>", "Status": "Not currently targeted", "Occupancy Status": "<Null>", "DMS Data Parcel": "<Null>", "Owner": "<Null>", "Parcel": 62144 }, "geometry": { "type": "Point", "coordinates": [ -90.23244, 38.58634 ] } },
{ "type": "Feature", "properties": { "OBJECTID *": 585, "Shape": "Point", "longitude": -90.230494, "latitude": 38.585714, "Agency": "<Null>", "Counsel": "<Null>", "Address": "3828 IOWA AV", "Address (Matching)": "<Null>", "State": "<Null>", "City": "<Null>", "Status of Case": "<Null>", "Back Taxes and Fees": "Classified as vacant by STL.", "Violations as of March 2026": "Most recent: 8/15/2020 (CSB)", "Narrative": "<Null>", "Notes": "<Null>", "Type/Units": "Lot", "Developer": "<Null>", "Opposing Contacts": "<Null>", "Status": "Not currently targeted", "Occupancy Status": "<Null>", "DMS Data Parcel": "<Null>", "Owner": "<Null>", "Parcel": 44362 }, "geometry": { "type": "Point", "coordinates": [ -90.23049, 38.58571 ] } },
{ "type": "Feature", "properties": { "OBJECTID *": 586, "Shape": "Point", "longitude": -90.229532, "latitude": 38.586424, "Agency": "<Null>", "Counsel": "<Null>", "Address": "2702 CHIPPEWA ST", "Address (Matching)": "<Null>", "State": "<Null>", "City": "<Null>", "Status of Case": "<Null>", "Back Taxes and Fees": "Classified as vacant by STL.", "Violations as of March 2026": "Most recent: 10/9/2025 (CSB)", "Narrative": "<Null>", "Notes": "<Null>", "Type/Units": "Lot", "Developer": "<Null>", "Opposing Contacts": "<Null>", "Status": "Not currently targeted", "Occupancy Status": "<Null>", "DMS Data Parcel": "<Null>", "Owner": "<Null>", "Parcel": 49418 }, "geometry": { "type": "Point", "coordinates": [ -90.22953, 38.58642 ] } },
{ "type": "Feature", "properties": { "OBJECTID *": 587, "Shape": "Point", "longitude": -90.230273, "latitude": 38.584723, "Agency": "<Null>", "Counsel": "<Null>", "Address": "2715 KEOKUK ST", "Address (Matching)": "<Null>", "State": "<Null>", "City": "<Null>", "Status of Case": "<Null>", "Back Taxes and Fees": "Classified as vacant by STL. 3", "Violations as of March 2026": "Most recent: 3/9/2026 (CSB)", "Narrative": "<Null>", "Notes": "<Null>", "Type/Units": "Lot", "Developer": "<Null>", "Opposing Contacts": "<Null>", "Status": "Not currently targeted", "Occupancy Status": "<Null>", "DMS Data Parcel": "<Null>", "Owner": "<Null>", "Parcel": 60830 }, "geometry": { "type": "Point", "coordinates": [ -90.23027, 38.58472 ] } },
{ "type": "Feature", "properties": { "OBJECTID *": 588, "Shape": "Point", "longitude": -90.228421, "latitude": 38.584893, "Agency": "<Null>", "Counsel": "<Null>", "Address": "3848 TEXAS AV", "Address (Matching)": "<Null>", "State": "<Null>", "City": "<Null>", "Status of Case": "<Null>", "Back Taxes and Fees": "Classified as vacant by STL.", "Violations as of March 2026": "Most recent: 11/3/2017 (CSB)", "Narrative": "<Null>", "Notes": "<Null>", "Type/Units": "Lot", "Developer": "<Null>", "Opposing Contacts": "<Null>", "Status": "Not currently targeted", "Occupancy Status": "<Null>", "DMS Data Parcel": "<Null>", "Owner": "<Null>", "Parcel": 84573 }, "geometry": { "type": "Point", "coordinates": [ -90.22842, 38.58489 ] } },
{ "type": "Feature", "properties": { "OBJECTID *": 589, "Shape": "Point", "longitude": -90.229743, "latitude": 38.584088, "Agency": "<Null>", "Counsel": "<Null>", "Address": "3917 OHIO AV", "Address (Matching)": "<Null>", "State": "<Null>", "City": "<Null>", "Status of Case": "<Null>", "Back Taxes and Fees": "Classified as vacant by STL.", "Violations as of March 2026": "Most recent: 8/17/2025 (CSB)", "Narrative": "<Null>", "Notes": "<Null>", "Type/Units": "Lot", "Developer": "<Null>", "Opposing Contacts": "<Null>", "Status": "Not currently targeted", "Occupancy Status": "<Null>", "DMS Data Parcel": "<Null>", "Owner": "<Null>", "Parcel": 50469 }, "geometry": { "type": "Point", "coordinates": [ -90.22974, 38.58409 ] } },
{ "type": "Feature", "properties": { "OBJECTID *": 590, "Shape": "Point", "longitude": -90.230002, "latitude": 38.583988, "Agency": "<Null>", "Counsel": "<Null>", "Address": "3921 OHIO AV", "Address (Matching)": "<Null>", "State": "<Null>", "City": "<Null>", "Status of Case": "<Null>", "Back Taxes and Fees": "Classified as vacant by STL.", "Violations as of March 2026": "Most recent: 8/17/2025 (CSB)", "Narrative": "<Null>", "Notes": "<Null>", "Type/Units": "Lot", "Developer": "<Null>", "Opposing Contacts": "<Null>", "Status": "Not currently targeted", "Occupancy Status": "<Null>", "DMS Data Parcel": "<Null>", "Owner": "<Null>", "Parcel": 53216 }, "geometry": { "type": "Point", "coordinates": [ -90.23, 38.58399 ] } },
{ "type": "Feature", "properties": { "OBJECTID *": 591, "Shape": "Point", "longitude": -90.227364, "latitude": 38.584404, "Agency": "<Null>", "Counsel": "<Null>", "Address": "3859 S BROADWAY", "Address (Matching)": "<Null>", "State": "<Null>", "City": "<Null>", "Status of Case": "<Null>", "Back Taxes and Fees": "Classified as vacant by STL.", "Violations as of March 2026": "Most recent: 8/7/2025 (CSB)", "Narrative": "<Null>", "Notes": "<Null>", "Type/Units": "Lot", "Developer": "<Null>", "Opposing Contacts": "<Null>", "Status": "Not currently targeted", "Occupancy Status": "<Null>", "DMS Data Parcel": "<Null>", "Owner": "<Null>", "Parcel": 82005 }, "geometry": { "type": "Point", "coordinates": [ -90.22736, 38.5844 ] } },
{ "type": "Feature", "properties": { "OBJECTID *": 592, "Shape": "Point", "longitude": -90.228133, "latitude": 38.583543, "Agency": "<Null>", "Counsel": "<Null>", "Address": "3927 S BROADWAY", "Address (Matching)": "<Null>", "State": "<Null>", "City": "<Null>", "Status of Case": "<Null>", "Back Taxes and Fees": "Classified as vacant by STL. 1", "Violations as of March 2026": "Most recent: 12/29/2025 (CSB)", "Narrative": "<Null>", "Notes": "<Null>", "Type/Units": "Lot", "Developer": "<Null>", "Opposing Contacts": "<Null>", "Status": "Not currently targeted", "Occupancy Status": "<Null>", "DMS Data Parcel": "<Null>", "Owner": "<Null>", "Parcel": 8945 }, "geometry": { "type": "Point", "coordinates": [ -90.22813, 38.58354 ] } },
{ "type": "Feature", "properties": { "OBJECTID *": 593, "Shape": "Point", "longitude": -90.237771, "latitude": 38.585608, "Agency": "<Null>", "Counsel": "<Null>", "Address": "3134 KEOKUK ST", "Address (Matching)": "<Null>", "State": "<Null>", "City": "<Null>", "Status of Case": "<Null>", "Back Taxes and Fees": "Classified as vacant by STL.", "Violations as of March 2026": "Most recent: 3/5/2026 (CSB)", "Narrative": "<Null>", "Notes": "<Null>", "Type/Units": "Lot", "Developer": "<Null>", "Opposing Contacts": "<Null>", "Status": "Not currently targeted", "Occupancy Status": "<Null>", "DMS Data Parcel": "<Null>", "Owner": "<Null>", "Parcel": 13611 }, "geometry": { "type": "Point", "coordinates": [ -90.23777, 38.58561 ] } },
{ "type": "Feature", "properties": { "OBJECTID *": 594, "Shape": "Point", "longitude": -90.241187, "latitude": 38.585069, "Agency": "<Null>", "Counsel": "<Null>", "Address": "3934 LOUISIANA AV", "Address (Matching)": "<Null>", "State": "<Null>", "City": "<Null>", "Status of Case": "<Null>", "Back Taxes and Fees": "Classified as vacant by STL.", "Violations as of March 2026": "Most recent: 12/19/2020 (CSB)", "Narrative": "<Null>", "Notes": "<Null>", "Type/Units": "Lot", "Developer": "<Null>", "Opposing Contacts": "<Null>", "Status": "Not currently targeted", "Occupancy Status": "<Null>", "DMS Data Parcel": "<Null>", "Owner": "<Null>", "Parcel": 95984 }, "geometry": { "type": "Point", "coordinates": [ -90.24119, 38.58507 ] } },
{ "type": "Feature", "properties": { "OBJECTID *": 595, "Shape": "Point", "longitude": -90.2411, "latitude": 38.585495, "Agency": "<Null>", "Counsel": "<Null>", "Address": "3918 LOUISIANA AV", "Address (Matching)": "<Null>", "State": "<Null>", "City": "<Null>", "Status of Case": "<Null>", "Back Taxes and Fees": "Classified as vacant by STL.", "Violations as of March 2026": "Most recent: 12/27/2022 (CSB)", "Narrative": "<Null>", "Notes": "<Null>", "Type/Units": "Lot", "Developer": "<Null>", "Opposing Contacts": "<Null>", "Status": "Not currently targeted", "Occupancy Status": "<Null>", "DMS Data Parcel": "<Null>", "Owner": "<Null>", "Parcel": 96089 }, "geometry": { "type": "Point", "coordinates": [ -90.2411, 38.5855 ] } },
{ "type": "Feature", "properties": { "OBJECTID *": 596, "Shape": "Point", "longitude": -90.247667, "latitude": 38.583617, "Agency": "<Null>", "Counsel": "<Null>", "Address": "3682 MONTANA ST", "Address (Matching)": "<Null>", "State": "<Null>", "City": "<Null>", "Status of Case": "<Null>", "Back Taxes and Fees": "Classified as vacant by STL.", "Violations as of March 2026": "No violations on record", "Narrative": "<Null>", "Notes": "<Null>", "Type/Units": "Lot", "Developer": "<Null>", "Opposing Contacts": "<Null>", "Status": "Not currently targeted", "Occupancy Status": "<Null>", "DMS Data Parcel": "<Null>", "Owner": "<Null>", "Parcel": 59626 }, "geometry": { "type": "Point", "coordinates": [ -90.24767, 38.58362 ] } },
{ "type": "Feature", "properties": { "OBJECTID *": 597, "Shape": "Point", "longitude": -90.246709, "latitude": 38.582664, "Agency": "<Null>", "Counsel": "<Null>", "Address": "3659 GASCONADE ST", "Address (Matching)": "<Null>", "State": "<Null>", "City": "<Null>", "Status of Case": "<Null>", "Back Taxes and Fees": "Classified as vacant by STL.", "Violations as of March 2026": "Most recent: 8/18/2025 (CSB)", "Narrative": "<Null>", "Notes": "<Null>", "Type/Units": "Lot", "Developer": "<Null>", "Opposing Contacts": "<Null>", "Status": "Not currently targeted", "Occupancy Status": "<Null>", "DMS Data Parcel": "<Null>", "Owner": "<Null>", "Parcel": 26441 }, "geometry": { "type": "Point", "coordinates": [ -90.24671, 38.58266 ] } },
{ "type": "Feature", "properties": { "OBJECTID *": 598, "Shape": "Point", "longitude": -90.24183, "latitude": 38.583351, "Agency": "<Null>", "Counsel": "<Null>", "Address": "3404 MONTANA ST", "Address (Matching)": "<Null>", "State": "<Null>", "City": "<Null>", "Status of Case": "<Null>", "Back Taxes and Fees": "Classified as vacant by STL.", "Violations as of March 2026": "No violations on record", "Narrative": "<Null>", "Notes": "<Null>", "Type/Units": "Lot", "Developer": "<Null>", "Opposing Contacts": "<Null>", "Status": "Not currently targeted", "Occupancy Status": "<Null>", "DMS Data Parcel": "<Null>", "Owner": "<Null>", "Parcel": 25218 }, "geometry": { "type": "Point", "coordinates": [ -90.24183, 38.58335 ] } },
{ "type": "Feature", "properties": { "OBJECTID *": 599, "Shape": "Point", "longitude": -90.242906, "latitude": 38.584431, "Agency": "<Null>", "Counsel": "<Null>", "Address": "3438 OSAGE ST", "Address (Matching)": "<Null>", "State": "<Null>", "City": "<Null>", "Status of Case": "<Null>", "Back Taxes and Fees": "Classified as vacant by STL.", "Violations as of March 2026": "Most recent: 2/20/2024 (CSB)", "Narrative": "<Null>", "Notes": "<Null>", "Type/Units": "Lot", "Developer": "<Null>", "Opposing Contacts": "<Null>", "Status": "Not currently targeted", "Occupancy Status": "<Null>", "DMS Data Parcel": "<Null>", "Owner": "<Null>", "Parcel": 63871 }, "geometry": { "type": "Point", "coordinates": [ -90.24291, 38.58443 ] } },
{ "type": "Feature", "properties": { "OBJECTID *": 600, "Shape": "Point", "longitude": -90.235844, "latitude": 38.582865, "Agency": "<Null>", "Counsel": "<Null>", "Address": "4021 PENNSYLVANIA AV", "Address (Matching)": "<Null>", "State": "<Null>", "City": "<Null>", "Status of Case": "<Null>", "Back Taxes and Fees": "Classified as vacant by STL.", "Violations as of March 2026": "Most recent: 10/8/2018 (CSB)", "Narrative": "<Null>", "Notes": "<Null>", "Type/Units": "Lot", "Developer": "<Null>", "Opposing Contacts": "<Null>", "Status": "Not currently targeted", "Occupancy Status": "<Null>", "DMS Data Parcel": "<Null>", "Owner": "<Null>", "Parcel": 9424 }, "geometry": { "type": "Point", "coordinates": [ -90.23584, 38.58286 ] } },
{ "type": "Feature", "properties": { "OBJECTID *": 601, "Shape": "Point", "longitude": -90.235064, "latitude": 38.583448, "Agency": "<Null>", "Counsel": "<Null>", "Address": "2910 OSAGE ST", "Address (Matching)": "<Null>", "State": "<Null>", "City": "<Null>", "Status of Case": "<Null>", "Back Taxes and Fees": "Classified as vacant by STL.", "Violations as of March 2026": "Most recent: 3/4/2026 (CSB)", "Narrative": "<Null>", "Notes": "<Null>", "Type/Units": "Lot", "Developer": "<Null>", "Opposing Contacts": "<Null>", "Status": "Not currently targeted", "Occupancy Status": "<Null>", "DMS Data Parcel": "<Null>", "Owner": "<Null>", "Parcel": 49914 }, "geometry": { "type": "Point", "coordinates": [ -90.23506, 38.58345 ] } },
{ "type": "Feature", "properties": { "OBJECTID *": 602, "Shape": "Point", "longitude": -90.234993, "latitude": 38.583439, "Agency": "<Null>", "Counsel": "<Null>", "Address": "2908 OSAGE ST", "Address (Matching)": "<Null>", "State": "<Null>", "City": "<Null>", "Status of Case": "<Null>", "Back Taxes and Fees": "Classified as vacant by STL.", "Violations as of March 2026": "Most recent: 7/9/2025 (CSB)", "Narrative": "<Null>", "Notes": "<Null>", "Type/Units": "Lot", "Developer": "<Null>", "Opposing Contacts": "<Null>", "Status": "Not currently targeted", "Occupancy Status": "<Null>", "DMS Data Parcel": "<Null>", "Owner": "<Null>", "Parcel": 54116 }, "geometry": { "type": "Point", "coordinates": [ -90.23499, 38.58344 ] } },
{ "type": "Feature", "properties": { "OBJECTID *": 603, "Shape": "Point", "longitude": -90.233527, "latitude": 38.582732, "Agency": "<Null>", "Counsel": "<Null>", "Address": "4015 OREGON AV", "Address (Matching)": "<Null>", "State": "<Null>", "City": "<Null>", "Status of Case": "<Null>", "Back Taxes and Fees": "Classified as vacant by STL.", "Violations as of March 2026": "Most recent: 12/15/2021 (CSB)", "Narrative": "<Null>", "Notes": "<Null>", "Type/Units": "Lot", "Developer": "<Null>", "Opposing Contacts": "<Null>", "Status": "Not currently targeted", "Occupancy Status": "<Null>", "DMS Data Parcel": "<Null>", "Owner": "<Null>", "Parcel": 107531 }, "geometry": { "type": "Point", "coordinates": [ -90.23353, 38.58273 ] } },
{ "type": "Feature", "properties": { "OBJECTID *": 604, "Shape": "Point", "longitude": -90.235569, "latitude": 38.581717, "Agency": "<Null>", "Counsel": "<Null>", "Address": "2917 GASCONADE ST(H)", "Address (Matching)": "<Null>", "State": "<Null>", "City": "<Null>", "Status of Case": "<Null>", "Back Taxes and Fees": "Classified as vacant by STL.", "Violations as of March 2026": "Most recent: 9/30/2024 (CSB)", "Narrative": "<Null>", "Notes": "<Null>", "Type/Units": "Lot", "Developer": "<Null>", "Opposing Contacts": "<Null>", "Status": "Not currently targeted", "Occupancy Status": "<Null>", "DMS Data Parcel": "<Null>", "Owner": "<Null>", "Parcel": 79144 }, "geometry": { "type": "Point", "coordinates": [ -90.23557, 38.58172 ] } },
{ "type": "Feature", "properties": { "OBJECTID *": 605, "Shape": "Point", "longitude": -90.233632, "latitude": 38.58202, "Agency": "<Null>", "Counsel": "<Null>", "Address": "4042 OREGON AV(H)", "Address (Matching)": "<Null>", "State": "<Null>", "City": "<Null>", "Status of Case": "<Null>", "Back Taxes and Fees": "Classified as vacant by STL.", "Violations as of March 2026": "Most recent: 8/13/2025 (Inspection)", "Narrative": "<Null>", "Notes": "<Null>", "Type/Units": "Lot", "Developer": "<Null>", "Opposing Contacts": "<Null>", "Status": "Not currently targeted", "Occupancy Status": "<Null>", "DMS Data Parcel": "<Null>", "Owner": "<Null>", "Parcel": 122476 }, "geometry": { "type": "Point", "coordinates": [ -90.23363, 38.58202 ] } },
{ "type": "Feature", "properties": { "OBJECTID *": 606, "Shape": "Point", "longitude": -90.232576, "latitude": 38.581614, "Agency": "<Null>", "Counsel": "<Null>", "Address": "4051 CALIFORNIA AV", "Address (Matching)": "<Null>", "State": "<Null>", "City": "<Null>", "Status of Case": "<Null>", "Back Taxes and Fees": "Classified as vacant by STL.", "Violations as of March 2026": "Most recent: 4/25/2023 (CSB)", "Narrative": "<Null>", "Notes": "<Null>", "Type/Units": "Lot", "Developer": "<Null>", "Opposing Contacts": "<Null>", "Status": "Not currently targeted", "Occupancy Status": "<Null>", "DMS Data Parcel": "<Null>", "Owner": "<Null>", "Parcel": 50861 }, "geometry": { "type": "Point", "coordinates": [ -90.23258, 38.58161 ] } },
{ "type": "Feature", "properties": { "OBJECTID *": 607, "Shape": "Point", "longitude": -90.230109, "latitude": 38.5823, "Agency": "<Null>", "Counsel": "<Null>", "Address": "4015 OHIO AV", "Address (Matching)": "<Null>", "State": "<Null>", "City": "<Null>", "Status of Case": "<Null>", "Back Taxes and Fees": "Classified as vacant by STL.", "Violations as of March 2026": "Most recent: 8/25/2024 (CSB)", "Narrative": "<Null>", "Notes": "<Null>", "Type/Units": "Lot", "Developer": "<Null>", "Opposing Contacts": "<Null>", "Status": "Not currently targeted", "Occupancy Status": "<Null>", "DMS Data Parcel": "<Null>", "Owner": "<Null>", "Parcel": 96181 }, "geometry": { "type": "Point", "coordinates": [ -90.23011, 38.5823 ] } },
{ "type": "Feature", "properties": { "OBJECTID *": 608, "Shape": "Point", "longitude": -90.233287, "latitude": 38.581437, "Agency": "<Null>", "Counsel": "<Null>", "Address": "2817 GASCONADE ST", "Address (Matching)": "<Null>", "State": "<Null>", "City": "<Null>", "Status of Case": "<Null>", "Back Taxes and Fees": "Classified as vacant by STL.", "Violations as of March 2026": "Most recent: 4/8/2024 (CSB)", "Narrative": "<Null>", "Notes": "<Null>", "Type/Units": "Lot", "Developer": "<Null>", "Opposing Contacts": "<Null>", "Status": "Not currently targeted", "Occupancy Status": "<Null>", "DMS Data Parcel": "<Null>", "Owner": "<Null>", "Parcel": 49922 }, "geometry": { "type": "Point", "coordinates": [ -90.23329, 38.58144 ] } },
{ "type": "Feature", "properties": { "OBJECTID *": 609, "Shape": "Point", "longitude": -90.231125, "latitude": 38.580249, "Agency": "<Null>", "Counsel": "<Null>", "Address": "4130 E IOWA AV", "Address (Matching)": "<Null>", "State": "<Null>", "City": "<Null>", "Status of Case": "<Null>", "Back Taxes and Fees": "Classified as vacant by STL.", "Violations as of March 2026": "Most recent: 3/19/2026 (Violation)", "Narrative": "<Null>", "Notes": "<Null>", "Type/Units": "Lot", "Developer": "<Null>", "Opposing Contacts": "<Null>", "Status": "Not currently targeted", "Occupancy Status": "<Null>", "DMS Data Parcel": "<Null>", "Owner": "<Null>", "Parcel": 24397 }, "geometry": { "type": "Point", "coordinates": [ -90.23113, 38.58025 ] } },
{ "type": "Feature", "properties": { "OBJECTID *": 610, "Shape": "Point", "longitude": -90.23503, "latitude": 38.580915, "Agency": "<Null>", "Counsel": "<Null>", "Address": "4120 NEBRASKA AV", "Address (Matching)": "<Null>", "State": "<Null>", "City": "<Null>", "Status of Case": "<Null>", "Back Taxes and Fees": "Classified as vacant by STL.", "Violations as of March 2026": "Most recent: 6/8/2024 (CSB)", "Narrative": "<Null>", "Notes": "<Null>", "Type/Units": "Lot", "Developer": "<Null>", "Opposing Contacts": "<Null>", "Status": "Not currently targeted", "Occupancy Status": "<Null>", "DMS Data Parcel": "<Null>", "Owner": "<Null>", "Parcel": 58582 }, "geometry": { "type": "Point", "coordinates": [ -90.23503, 38.58091 ] } },
{ "type": "Feature", "properties": { "OBJECTID *": 611, "Shape": "Point", "longitude": -90.227839, "latitude": 38.582146, "Agency": "<Null>", "Counsel": "<Null>", "Address": "4009 S BROADWAY", "Address (Matching)": "<Null>", "State": "<Null>", "City": "<Null>", "Status of Case": "<Null>", "Back Taxes and Fees": "Classified as vacant by STL.", "Violations as of March 2026": "Most recent: 6/2/2025 (CSB)", "Narrative": "<Null>", "Notes": "<Null>", "Type/Units": "Lot", "Developer": "<Null>", "Opposing Contacts": "<Null>", "Status": "Not currently targeted", "Occupancy Status": "<Null>", "DMS Data Parcel": "<Null>", "Owner": "<Null>", "Parcel": 122470 }, "geometry": { "type": "Point", "coordinates": [ -90.22784, 38.58215 ] } },
{ "type": "Feature", "properties": { "OBJECTID *": 612, "Shape": "Point", "longitude": -90.236183, "latitude": 38.58103, "Agency": "<Null>", "Counsel": "<Null>", "Address": "4124 PENNSYLVANIA AV", "Address (Matching)": "<Null>", "State": "<Null>", "City": "<Null>", "Status of Case": "<Null>", "Back Taxes and Fees": "Classified as vacant by STL. 18", "Violations as of March 2026": "Most recent: 10/1/2018 (CSB)", "Narrative": "<Null>", "Notes": "<Null>", "Type/Units": "Lot", "Developer": "<Null>", "Opposing Contacts": "<Null>", "Status": "Not currently targeted", "Occupancy Status": "<Null>", "DMS Data Parcel": "<Null>", "Owner": "<Null>", "Parcel": 101396 }, "geometry": { "type": "Point", "coordinates": [ -90.23618, 38.58103 ] } },
{ "type": "Feature", "properties": { "OBJECTID *": 613, "Shape": "Point", "longitude": -90.244729, "latitude": 38.576449, "Agency": "<Null>", "Counsel": "<Null>", "Address": "4503 LOUISIANA AV", "Address (Matching)": "<Null>", "State": "<Null>", "City": "<Null>", "Status of Case": "<Null>", "Back Taxes and Fees": "Classified as vacant by STL.", "Violations as of March 2026": "Most recent: 3/22/2023 (CSB)", "Narrative": "<Null>", "Notes": "<Null>", "Type/Units": "Lot", "Developer": "<Null>", "Opposing Contacts": "<Null>", "Status": "Not currently targeted", "Occupancy Status": "<Null>", "DMS Data Parcel": "<Null>", "Owner": "<Null>", "Parcel": 124761 }, "geometry": { "type": "Point", "coordinates": [ -90.24473, 38.57645 ] } },
{ "type": "Feature", "properties": { "OBJECTID *": 614, "Shape": "Point", "longitude": -90.245241, "latitude": 38.577619, "Agency": "<Null>", "Counsel": "<Null>", "Address": "4415 TENNESSEE AV(H)", "Address (Matching)": "<Null>", "State": "<Null>", "City": "<Null>", "Status of Case": "<Null>", "Back Taxes and Fees": "Classified as vacant by STL.", "Violations as of March 2026": "Most recent: 3/24/2022 (CSB)", "Narrative": "<Null>", "Notes": "<Null>", "Type/Units": "Lot", "Developer": "<Null>", "Opposing Contacts": "<Null>", "Status": "Not currently targeted", "Occupancy Status": "<Null>", "DMS Data Parcel": "<Null>", "Owner": "<Null>", "Parcel": 59411 }, "geometry": { "type": "Point", "coordinates": [ -90.24524, 38.57762 ] } },
{ "type": "Feature", "properties": { "OBJECTID *": 615, "Shape": "Point", "longitude": -90.244763, "latitude": 38.574588, "Agency": "<Null>", "Counsel": "<Null>", "Address": "4619 ALASKA AV", "Address (Matching)": "<Null>", "State": "<Null>", "City": "<Null>", "Status of Case": "<Null>", "Back Taxes and Fees": "Classified as vacant by STL. 4", "Violations as of March 2026": "Most recent: 8/26/2025 (CSB)", "Narrative": "<Null>", "Notes": "<Null>", "Type/Units": "Lot", "Developer": "<Null>", "Opposing Contacts": "<Null>", "Status": "Not currently targeted", "Occupancy Status": "<Null>", "DMS Data Parcel": "<Null>", "Owner": "<Null>", "Parcel": 123723 }, "geometry": { "type": "Point", "coordinates": [ -90.24476, 38.57459 ] } },
{ "type": "Feature", "properties": { "OBJECTID *": 616, "Shape": "Point", "longitude": -90.241478, "latitude": 38.572706, "Agency": "<Null>", "Counsel": "<Null>", "Address": "4615 S COMPTON AV", "Address (Matching)": "<Null>", "State": "<Null>", "City": "<Null>", "Status of Case": "<Null>", "Back Taxes and Fees": "Classified as vacant by STL.", "Violations as of March 2026": "Most recent: 4/12/2023 (CSB)", "Narrative": "<Null>", "Notes": "<Null>", "Type/Units": "Lot", "Developer": "<Null>", "Opposing Contacts": "<Null>", "Status": "Not currently targeted", "Occupancy Status": "<Null>", "DMS Data Parcel": "<Null>", "Owner": "<Null>", "Parcel": 99540 }, "geometry": { "type": "Point", "coordinates": [ -90.24148, 38.57271 ] } },
{ "type": "Feature", "properties": { "OBJECTID *": 617, "Shape": "Point", "longitude": -90.244423, "latitude": 38.572057, "Agency": "<Null>", "Counsel": "<Null>", "Address": "3317 ITASKA ST", "Address (Matching)": "<Null>", "State": "<Null>", "City": "<Null>", "Status of Case": "<Null>", "Back Taxes and Fees": "Classified as vacant by STL.", "Violations as of March 2026": "Most recent: 6/11/2025 (CSB)", "Narrative": "<Null>", "Notes": "<Null>", "Type/Units": "Lot", "Developer": "<Null>", "Opposing Contacts": "<Null>", "Status": "Not currently targeted", "Occupancy Status": "<Null>", "DMS Data Parcel": "<Null>", "Owner": "<Null>", "Parcel": 12902 }, "geometry": { "type": "Point", "coordinates": [ -90.24442, 38.57206 ] } },
{ "type": "Feature", "properties": { "OBJECTID *": 618, "Shape": "Point", "longitude": -90.244074, "latitude": 38.567726, "Agency": "<Null>", "Counsel": "<Null>", "Address": "451 WALSH ST", "Address (Matching)": "<Null>", "State": "<Null>", "City": "<Null>", "Status of Case": "<Null>", "Back Taxes and Fees": "Classified as vacant by STL.", "Violations as of March 2026": "Most recent: 3/30/2022 (CSB)", "Narrative": "<Null>", "Notes": "<Null>", "Type/Units": "Lot", "Developer": "<Null>", "Opposing Contacts": "<Null>", "Status": "Not currently targeted", "Occupancy Status": "<Null>", "DMS Data Parcel": "<Null>", "Owner": "<Null>", "Parcel": 113009 }, "geometry": { "type": "Point", "coordinates": [ -90.24407, 38.56773 ] } },
{ "type": "Feature", "properties": { "OBJECTID *": 619, "Shape": "Point", "longitude": -90.243392, "latitude": 38.567775, "Agency": "<Null>", "Counsel": "<Null>", "Address": "5119 S COMPTON AV", "Address (Matching)": "<Null>", "State": "<Null>", "City": "<Null>", "Status of Case": "<Null>", "Back Taxes and Fees": "Classified as vacant by STL.", "Violations as of March 2026": "Most recent: 9/17/2024 (CSB)", "Narrative": "<Null>", "Notes": "<Null>", "Type/Units": "Lot", "Developer": "<Null>", "Opposing Contacts": "<Null>", "Status": "Not currently targeted", "Occupancy Status": "<Null>", "DMS Data Parcel": "<Null>", "Owner": "<Null>", "Parcel": 107499 }, "geometry": { "type": "Point", "coordinates": [ -90.24339, 38.56777 ] } },
{ "type": "Feature", "properties": { "OBJECTID *": 620, "Shape": "Point", "longitude": -90.24421, "latitude": 38.5678, "Agency": "<Null>", "Counsel": "<Null>", "Address": "455 WALSH ST", "Address (Matching)": "<Null>", "State": "<Null>", "City": "<Null>", "Status of Case": "<Null>", "Back Taxes and Fees": "Classified as vacant by STL.", "Violations as of March 2026": "Most recent: 7/5/2025 (CSB)", "Narrative": "<Null>", "Notes": "<Null>", "Type/Units": "Lot", "Developer": "<Null>", "Opposing Contacts": "<Null>", "Status": "Not currently targeted", "Occupancy Status": "<Null>", "DMS Data Parcel": "<Null>", "Owner": "<Null>", "Parcel": 113864 }, "geometry": { "type": "Point", "coordinates": [ -90.24421, 38.5678 ] } },
{ "type": "Feature", "properties": { "OBJECTID *": 621, "Shape": "Point", "longitude": -90.244292, "latitude": 38.567844, "Agency": "<Null>", "Counsel": "<Null>", "Address": "461 WALSH ST", "Address (Matching)": "<Null>", "State": "<Null>", "City": "<Null>", "Status of Case": "<Null>", "Back Taxes and Fees": "Classified as vacant by STL.", "Violations as of March 2026": "Most recent: 10/29/2020 (CSB)", "Narrative": "<Null>", "Notes": "<Null>", "Type/Units": "Lot", "Developer": "<Null>", "Opposing Contacts": "<Null>", "Status": "Not currently targeted", "Occupancy Status": "<Null>", "DMS Data Parcel": "<Null>", "Owner": "<Null>", "Parcel": 113864 }, "geometry": { "type": "Point", "coordinates": [ -90.24429, 38.56784 ] } },
{ "type": "Feature", "properties": { "OBJECTID *": 622, "Shape": "Point", "longitude": -90.246405, "latitude": 38.568736, "Agency": "<Null>", "Counsel": "<Null>", "Address": "629 WALSH ST", "Address (Matching)": "<Null>", "State": "<Null>", "City": "<Null>", "Status of Case": "<Null>", "Back Taxes and Fees": "Classified as vacant by STL.", "Violations as of March 2026": "Most recent: 7/3/2025 (CSB)", "Narrative": "<Null>", "Notes": "<Null>", "Type/Units": "Lot", "Developer": "<Null>", "Opposing Contacts": "<Null>", "Status": "Not currently targeted", "Occupancy Status": "<Null>", "DMS Data Parcel": "<Null>", "Owner": "<Null>", "Parcel": 29039 }, "geometry": { "type": "Point", "coordinates": [ -90.2464, 38.56874 ] } },
{ "type": "Feature", "properties": { "OBJECTID *": 623, "Shape": "Point", "longitude": -90.247265, "latitude": 38.569836, "Agency": "<Null>", "Counsel": "<Null>", "Address": "5035 IDAHO AV", "Address (Matching)": "<Null>", "State": "<Null>", "City": "<Null>", "Status of Case": "<Null>", "Back Taxes and Fees": "Classified as vacant by STL.", "Violations as of March 2026": "Most recent: 2/27/2025 (CSB)", "Narrative": "<Null>", "Notes": "<Null>", "Type/Units": "Lot", "Developer": "<Null>", "Opposing Contacts": "<Null>", "Status": "Not currently targeted", "Occupancy Status": "<Null>", "DMS Data Parcel": "<Null>", "Owner": "<Null>", "Parcel": 124028 }, "geometry": { "type": "Point", "coordinates": [ -90.24726, 38.56984 ] } },
{ "type": "Feature", "properties": { "OBJECTID *": 624, "Shape": "Point", "longitude": -90.25201, "latitude": 38.581702, "Agency": "<Null>", "Counsel": "<Null>", "Address": "3898 OSCEOLA ST", "Address (Matching)": "<Null>", "State": "<Null>", "City": "<Null>", "Status of Case": "<Null>", "Back Taxes and Fees": "Classified as vacant by STL.", "Violations as of March 2026": "No violations on record", "Narrative": "<Null>", "Notes": "<Null>", "Type/Units": "Lot", "Developer": "<Null>", "Opposing Contacts": "<Null>", "Status": "Not currently targeted", "Occupancy Status": "<Null>", "DMS Data Parcel": "<Null>", "Owner": "<Null>", "Parcel": 6010 }, "geometry": { "type": "Point", "coordinates": [ -90.25201, 38.5817 ] } },
{ "type": "Feature", "properties": { "OBJECTID *": 625, "Shape": "Point", "longitude": -90.245047, "latitude": 38.56708, "Agency": "<Null>", "Counsel": "<Null>", "Address": "463 EICHELBERGER ST", "Address (Matching)": "<Null>", "State": "<Null>", "City": "<Null>", "Status of Case": "<Null>", "Back Taxes and Fees": "Classified as vacant by STL.", "Violations as of March 2026": "Most recent: 1/14/2026 (CSB)", "Narrative": "<Null>", "Notes": "<Null>", "Type/Units": "Lot", "Developer": "<Null>", "Opposing Contacts": "<Null>", "Status": "Not currently targeted", "Occupancy Status": "<Null>", "DMS Data Parcel": "<Null>", "Owner": "<Null>", "Parcel": 124031 }, "geometry": { "type": "Point", "coordinates": [ -90.24505, 38.56708 ] } },
{ "type": "Feature", "properties": { "OBJECTID *": 626, "Shape": "Point", "longitude": -90.25418, "latitude": 38.574278, "Agency": "<Null>", "Counsel": "<Null>", "Address": "5011 DEWEY AV", "Address (Matching)": "<Null>", "State": "<Null>", "City": "<Null>", "Status of Case": "<Null>", "Back Taxes and Fees": "Classified as vacant by STL.", "Violations as of March 2026": "Most recent: 7/29/2025 (CSB)", "Narrative": "<Null>", "Notes": "<Null>", "Type/Units": "Lot", "Developer": "<Null>", "Opposing Contacts": "<Null>", "Status": "Not currently targeted", "Occupancy Status": "<Null>", "DMS Data Parcel": "<Null>", "Owner": "<Null>", "Parcel": 71371 }, "geometry": { "type": "Point", "coordinates": [ -90.25418, 38.57428 ] } },
{ "type": "Feature", "properties": { "OBJECTID *": 627, "Shape": "Point", "longitude": -90.254469, "latitude": 38.57904, "Agency": "<Null>", "Counsel": "<Null>", "Address": "3869 NEOSHO ST", "Address (Matching)": "<Null>", "State": "<Null>", "City": "<Null>", "Status of Case": "<Null>", "Back Taxes and Fees": "Classified as vacant by STL.", "Violations as of March 2026": "Most recent: 6/14/2025 (CSB)", "Narrative": "<Null>", "Notes": "<Null>", "Type/Units": "Lot", "Developer": "<Null>", "Opposing Contacts": "<Null>", "Status": "Not currently targeted", "Occupancy Status": "<Null>", "DMS Data Parcel": "<Null>", "Owner": "<Null>", "Parcel": 35873 }, "geometry": { "type": "Point", "coordinates": [ -90.25447, 38.57904 ] } },
{ "type": "Feature", "properties": { "OBJECTID *": 628, "Shape": "Point", "longitude": -90.253246, "latitude": 38.583631, "Agency": "<Null>", "Counsel": "<Null>", "Address": "3960 BINGHAM AV", "Address (Matching)": "<Null>", "State": "<Null>", "City": "<Null>", "Status of Case": "<Null>", "Back Taxes and Fees": "Classified as vacant by STL.", "Violations as of March 2026": "Most recent: 9/12/2024 (CSB)", "Narrative": "<Null>", "Notes": "<Null>", "Type/Units": "Lot", "Developer": "<Null>", "Opposing Contacts": "<Null>", "Status": "Not currently targeted", "Occupancy Status": "<Null>", "DMS Data Parcel": "<Null>", "Owner": "<Null>", "Parcel": 15606 }, "geometry": { "type": "Point", "coordinates": [ -90.25325, 38.58363 ] } }
]
}
