{
"type": "FeatureCollection",
"name": "output",
"crs": { "type": "name", "properties": { "name": "urn:ogc:def:crs:OGC:1.3:CRS84" } },
"features": [
{ "type": "Feature", "properties": { "NIBRS_cat": "Motor Vehicle Theft", "crime_type": "Property", "latitude": 38.549339, "longitude": -90.27272, "date": "8/22/2025" }, "geometry": { "type": "Point", "coordinates": [ -90.27272, 38.54934 ] } },
{ "type": "Feature", "properties": { "NIBRS_cat": "Motor Vehicle Theft", "crime_type": "Property", "latitude": 38.549339, "longitude": -90.27272, "date": "8/22/2025" }, "geometry": { "type": "Point", "coordinates": [ -90.27272, 38.54934 ] } },
{ "type": "Feature", "properties": { "NIBRS_cat": "All Other Larceny", "crime_type": "Property", "latitude": 38.549858, "longitude": -90.252762, "date": "8/26/2025" }, "geometry": { "type": "Point", "coordinates": [ -90.25276, 38.54986 ] } },
{ "type": "Feature", "properties": { "NIBRS_cat": "All Other Larceny", "crime_type": "Property", "latitude": 38.549858, "longitude": -90.252762, "date": "8/26/2025" }, "geometry": { "type": "Point", "coordinates": [ -90.25276, 38.54986 ] } },
{ "type": "Feature", "properties": { "NIBRS_cat": "All Other Offenses", "crime_type": "Unspecified", "latitude": 38.549934, "longitude": -90.267982, "date": "8/8/2025" }, "geometry": { "type": "Point", "coordinates": [ -90.26798, 38.54993 ] } },
{ "type": "Feature", "properties": { "NIBRS_cat": "Motor Vehicle Theft", "crime_type": "Property", "latitude": 38.549934, "longitude": -90.267982, "date": "8/8/2025" }, "geometry": { "type": "Point", "coordinates": [ -90.26798, 38.54993 ] } },
{ "type": "Feature", "properties": { "NIBRS_cat": "Motor Vehicle Theft", "crime_type": "Property", "latitude": 38.549934, "longitude": -90.267982, "date": "8/8/2025" }, "geometry": { "type": "Point", "coordinates": [ -90.26798, 38.54993 ] } },
{ "type": "Feature", "properties": { "NIBRS_cat": "All Other Offenses", "crime_type": "Unspecified", "latitude": 38.549934, "longitude": -90.267982, "date": "8/8/2025" }, "geometry": { "type": "Point", "coordinates": [ -90.26798, 38.54993 ] } },
{ "type": "Feature", "properties": { "NIBRS_cat": "Aggravated Assault", "crime_type": "Person", "latitude": 38.550533, "longitude": -90.266388, "date": "9/8/2025" }, "geometry": { "type": "Point", "coordinates": [ -90.26639, 38.55053 ] } },
{ "type": "Feature", "properties": { "NIBRS_cat": "Aggravated Assault", "crime_type": "Person", "latitude": 38.550533, "longitude": -90.266388, "date": "9/8/2025" }, "geometry": { "type": "Point", "coordinates": [ -90.26639, 38.55053 ] } },
{ "type": "Feature", "properties": { "NIBRS_cat": "Kidnapping/Abduction", "crime_type": "Person", "latitude": 38.550533, "longitude": -90.266388, "date": "9/8/2025" }, "geometry": { "type": "Point", "coordinates": [ -90.26639, 38.55053 ] } },
{ "type": "Feature", "properties": { "NIBRS_cat": "Kidnapping/Abduction", "crime_type": "Person", "latitude": 38.550533, "longitude": -90.266388, "date": "9/8/2025" }, "geometry": { "type": "Point", "coordinates": [ -90.26639, 38.55053 ] } },
{ "type": "Feature", "properties": { "NIBRS_cat": "Aggravated Assault", "crime_type": "Person", "latitude": 38.550533, "longitude": -90.266388, "date": "9/8/2025" }, "geometry": { "type": "Point", "coordinates": [ -90.26639, 38.55053 ] } },
{ "type": "Feature", "properties": { "NIBRS_cat": "Aggravated Assault", "crime_type": "Person", "latitude": 38.550533, "longitude": -90.266388, "date": "9/8/2025" }, "geometry": { "type": "Point", "coordinates": [ -90.26639, 38.55053 ] } },
{ "type": "Feature", "properties": { "NIBRS_cat": "Weapons Law Violations", "crime_type": "Society", "latitude": 38.550903, "longitude": -90.265549, "date": "9/2/2025" }, "geometry": { "type": "Point", "coordinates": [ -90.26555, 38.5509 ] } },
{ "type": "Feature", "properties": { "NIBRS_cat": "Weapons Law Violations", "crime_type": "Society", "latitude": 38.550903, "longitude": -90.265549, "date": "9/2/2025" }, "geometry": { "type": "Point", "coordinates": [ -90.26555, 38.5509 ] } },
{ "type": "Feature", "properties": { "NIBRS_cat": "Theft From Motor Vehicle Parts/Accessories", "crime_type": "Property", "latitude": 38.550907, "longitude": -90.26886, "date": "9/27/2025" }, "geometry": { "type": "Point", "coordinates": [ -90.26886, 38.55091 ] } },
{ "type": "Feature", "properties": { "NIBRS_cat": "Theft From Motor Vehicle Parts/Accessories", "crime_type": "Property", "latitude": 38.550907, "longitude": -90.26886, "date": "9/27/2025" }, "geometry": { "type": "Point", "coordinates": [ -90.26886, 38.55091 ] } },
{ "type": "Feature", "properties": { "NIBRS_cat": "Theft From Building", "crime_type": "Property", "latitude": 38.550945, "longitude": -90.266182, "date": "9/21/2025" }, "geometry": { "type": "Point", "coordinates": [ -90.26618, 38.55094 ] } },
{ "type": "Feature", "properties": { "NIBRS_cat": "Theft From Building", "crime_type": "Property", "latitude": 38.550945, "longitude": -90.266182, "date": "9/21/2025" }, "geometry": { "type": "Point", "coordinates": [ -90.26618, 38.55094 ] } },
{ "type": "Feature", "properties": { "NIBRS_cat": "Destruction/Damage/Vandalism of Property", "crime_type": "Property", "latitude": 38.551327, "longitude": -90.267242, "date": "9/28/2025" }, "geometry": { "type": "Point", "coordinates": [ -90.26724, 38.55133 ] } },
{ "type": "Feature", "properties": { "NIBRS_cat": "Weapons Law Violations", "crime_type": "Society", "latitude": 38.551327, "longitude": -90.267242, "date": "9/28/2025" }, "geometry": { "type": "Point", "coordinates": [ -90.26724, 38.55133 ] } },
{ "type": "Feature", "properties": { "NIBRS_cat": "Destruction/Damage/Vandalism of Property", "crime_type": "Property", "latitude": 38.551327, "longitude": -90.267242, "date": "9/28/2025" }, "geometry": { "type": "Point", "coordinates": [ -90.26724, 38.55133 ] } },
{ "type": "Feature", "properties": { "NIBRS_cat": "Weapons Law Violations", "crime_type": "Society", "latitude": 38.551327, "longitude": -90.267242, "date": "9/28/2025" }, "geometry": { "type": "Point", "coordinates": [ -90.26724, 38.55133 ] } },
{ "type": "Feature", "properties": { "NIBRS_cat": "Intimidation", "crime_type": "Person", "latitude": 38.551556, "longitude": -90.249718, "date": "9/3/2025" }, "geometry": { "type": "Point", "coordinates": [ -90.24972, 38.55156 ] } },
{ "type": "Feature", "properties": { "NIBRS_cat": "Intimidation", "crime_type": "Person", "latitude": 38.551556, "longitude": -90.249718, "date": "9/3/2025" }, "geometry": { "type": "Point", "coordinates": [ -90.24972, 38.55156 ] } },
{ "type": "Feature", "properties": { "NIBRS_cat": "Intimidation", "crime_type": "Person", "latitude": 38.551556, "longitude": -90.249718, "date": "9/3/2025" }, "geometry": { "type": "Point", "coordinates": [ -90.24972, 38.55156 ] } },
{ "type": "Feature", "properties": { "NIBRS_cat": "Intimidation", "crime_type": "Person", "latitude": 38.551556, "longitude": -90.249718, "date": "9/3/2025" }, "geometry": { "type": "Point", "coordinates": [ -90.24972, 38.55156 ] } },
{ "type": "Feature", "properties": { "NIBRS_cat": "Intimidation", "crime_type": "Person", "latitude": 38.551556, "longitude": -90.249718, "date": "9/3/2025" }, "geometry": { "type": "Point", "coordinates": [ -90.24972, 38.55156 ] } },
{ "type": "Feature", "properties": { "NIBRS_cat": "Intimidation", "crime_type": "Person", "latitude": 38.551556, "longitude": -90.249718, "date": "9/3/2025" }, "geometry": { "type": "Point", "coordinates": [ -90.24972, 38.55156 ] } },
{ "type": "Feature", "properties": { "NIBRS_cat": "Aggravated Assault", "crime_type": "Person", "latitude": 38.551773, "longitude": -90.261864, "date": "8/30/2025" }, "geometry": { "type": "Point", "coordinates": [ -90.26186, 38.55177 ] } },
{ "type": "Feature", "properties": { "NIBRS_cat": "Weapons Law Violations", "crime_type": "Society", "latitude": 38.551773, "longitude": -90.261864, "date": "8/30/2025" }, "geometry": { "type": "Point", "coordinates": [ -90.26186, 38.55177 ] } },
{ "type": "Feature", "properties": { "NIBRS_cat": "Simple Assault", "crime_type": "Person", "latitude": 38.551773, "longitude": -90.261864, "date": "8/30/2025" }, "geometry": { "type": "Point", "coordinates": [ -90.26186, 38.55177 ] } },
{ "type": "Feature", "properties": { "NIBRS_cat": "All Other Offenses", "crime_type": "Unspecified", "latitude": 38.551773, "longitude": -90.261864, "date": "8/30/2025" }, "geometry": { "type": "Point", "coordinates": [ -90.26186, 38.55177 ] } },
{ "type": "Feature", "properties": { "NIBRS_cat": "Aggravated Assault", "crime_type": "Person", "latitude": 38.551773, "longitude": -90.261864, "date": "8/30/2025" }, "geometry": { "type": "Point", "coordinates": [ -90.26186, 38.55177 ] } },
{ "type": "Feature", "properties": { "NIBRS_cat": "Aggravated Assault", "crime_type": "Person", "latitude": 38.551773, "longitude": -90.261864, "date": "8/30/2025" }, "geometry": { "type": "Point", "coordinates": [ -90.26186, 38.55177 ] } },
{ "type": "Feature", "properties": { "NIBRS_cat": "Aggravated Assault", "crime_type": "Person", "latitude": 38.551773, "longitude": -90.261864, "date": "8/30/2025" }, "geometry": { "type": "Point", "coordinates": [ -90.26186, 38.55177 ] } },
{ "type": "Feature", "properties": { "NIBRS_cat": "Aggravated Assault", "crime_type": "Person", "latitude": 38.551773, "longitude": -90.261864, "date": "8/30/2025" }, "geometry": { "type": "Point", "coordinates": [ -90.26186, 38.55177 ] } },
{ "type": "Feature", "properties": { "NIBRS_cat": "Aggravated Assault", "crime_type": "Person", "latitude": 38.551773, "longitude": -90.261864, "date": "8/30/2025" }, "geometry": { "type": "Point", "coordinates": [ -90.26186, 38.55177 ] } },
{ "type": "Feature", "properties": { "NIBRS_cat": "All Other Offenses", "crime_type": "Unspecified", "latitude": 38.551773, "longitude": -90.261864, "date": "8/30/2025" }, "geometry": { "type": "Point", "coordinates": [ -90.26186, 38.55177 ] } },
{ "type": "Feature", "properties": { "NIBRS_cat": "Weapons Law Violations", "crime_type": "Society", "latitude": 38.551773, "longitude": -90.261864, "date": "8/30/2025" }, "geometry": { "type": "Point", "coordinates": [ -90.26186, 38.55177 ] } },
{ "type": "Feature", "properties": { "NIBRS_cat": "Simple Assault", "crime_type": "Person", "latitude": 38.551773, "longitude": -90.261864, "date": "8/30/2025" }, "geometry": { "type": "Point", "coordinates": [ -90.26186, 38.55177 ] } },
{ "type": "Feature", "properties": { "NIBRS_cat": "Weapons Law Violations", "crime_type": "Society", "latitude": 38.552689, "longitude": -90.255173, "date": "9/3/2025" }, "geometry": { "type": "Point", "coordinates": [ -90.25517, 38.55269 ] } },
{ "type": "Feature", "properties": { "NIBRS_cat": "Weapons Law Violations", "crime_type": "Society", "latitude": 38.552689, "longitude": -90.255173, "date": "9/3/2025" }, "geometry": { "type": "Point", "coordinates": [ -90.25517, 38.55269 ] } },
{ "type": "Feature", "properties": { "NIBRS_cat": "Motor Vehicle Theft", "crime_type": "Property", "latitude": 38.55283, "longitude": -90.252937, "date": "9/18/2025" }, "geometry": { "type": "Point", "coordinates": [ -90.25294, 38.55283 ] } },
{ "type": "Feature", "properties": { "NIBRS_cat": "Motor Vehicle Theft", "crime_type": "Property", "latitude": 38.55283, "longitude": -90.252937, "date": "9/18/2025" }, "geometry": { "type": "Point", "coordinates": [ -90.25294, 38.55283 ] } },
{ "type": "Feature", "properties": { "NIBRS_cat": "Drug/Narcotic Violations", "crime_type": "Society", "latitude": 38.553524, "longitude": -90.257492, "date": "9/25/2025" }, "geometry": { "type": "Point", "coordinates": [ -90.25749, 38.55352 ] } },
{ "type": "Feature", "properties": { "NIBRS_cat": "Drug/Narcotic Violations", "crime_type": "Society", "latitude": 38.553524, "longitude": -90.257492, "date": "9/25/2025" }, "geometry": { "type": "Point", "coordinates": [ -90.25749, 38.55352 ] } },
{ "type": "Feature", "properties": { "NIBRS_cat": "Destruction/Damage/Vandalism of Property", "crime_type": "Property", "latitude": 38.553577, "longitude": -90.254662, "date": "9/9/2025" }, "geometry": { "type": "Point", "coordinates": [ -90.25466, 38.55358 ] } },
{ "type": "Feature", "properties": { "NIBRS_cat": "Destruction/Damage/Vandalism of Property", "crime_type": "Property", "latitude": 38.553577, "longitude": -90.254662, "date": "9/9/2025" }, "geometry": { "type": "Point", "coordinates": [ -90.25466, 38.55358 ] } },
{ "type": "Feature", "properties": { "NIBRS_cat": "Simple Assault", "crime_type": "Person", "latitude": 38.554173, "longitude": -90.266846, "date": "9/17/2025" }, "geometry": { "type": "Point", "coordinates": [ -90.26685, 38.55417 ] } },
{ "type": "Feature", "properties": { "NIBRS_cat": "Simple Assault", "crime_type": "Person", "latitude": 38.554173, "longitude": -90.266846, "date": "9/17/2025" }, "geometry": { "type": "Point", "coordinates": [ -90.26685, 38.55417 ] } },
{ "type": "Feature", "properties": { "NIBRS_cat": "Stolen Property Offenses", "crime_type": "Property", "latitude": 38.554173, "longitude": -90.266846, "date": "9/17/2025" }, "geometry": { "type": "Point", "coordinates": [ -90.26685, 38.55417 ] } },
{ "type": "Feature", "properties": { "NIBRS_cat": "All Other Offenses", "crime_type": "Unspecified", "latitude": 38.554173, "longitude": -90.266846, "date": "9/17/2025" }, "geometry": { "type": "Point", "coordinates": [ -90.26685, 38.55417 ] } },
{ "type": "Feature", "properties": { "NIBRS_cat": "Simple Assault", "crime_type": "Person", "latitude": 38.554173, "longitude": -90.266846, "date": "9/17/2025" }, "geometry": { "type": "Point", "coordinates": [ -90.26685, 38.55417 ] } },
{ "type": "Feature", "properties": { "NIBRS_cat": "Stolen Property Offenses", "crime_type": "Property", "latitude": 38.554173, "longitude": -90.266846, "date": "9/17/2025" }, "geometry": { "type": "Point", "coordinates": [ -90.26685, 38.55417 ] } },
{ "type": "Feature", "properties": { "NIBRS_cat": "Stolen Property Offenses", "crime_type": "Property", "latitude": 38.554173, "longitude": -90.266846, "date": "9/17/2025" }, "geometry": { "type": "Point", "coordinates": [ -90.26685, 38.55417 ] } },
{ "type": "Feature", "properties": { "NIBRS_cat": "Stolen Property Offenses", "crime_type": "Property", "latitude": 38.554173, "longitude": -90.266846, "date": "9/17/2025" }, "geometry": { "type": "Point", "coordinates": [ -90.26685, 38.55417 ] } },
{ "type": "Feature", "properties": { "NIBRS_cat": "Simple Assault", "crime_type": "Person", "latitude": 38.554173, "longitude": -90.266846, "date": "9/17/2025" }, "geometry": { "type": "Point", "coordinates": [ -90.26685, 38.55417 ] } },
{ "type": "Feature", "properties": { "NIBRS_cat": "All Other Offenses", "crime_type": "Unspecified", "latitude": 38.554173, "longitude": -90.266846, "date": "9/17/2025" }, "geometry": { "type": "Point", "coordinates": [ -90.26685, 38.55417 ] } },
{ "type": "Feature", "properties": { "NIBRS_cat": "All Other Offenses", "crime_type": "Unspecified", "latitude": 38.554173, "longitude": -90.266846, "date": "9/17/2025" }, "geometry": { "type": "Point", "coordinates": [ -90.26685, 38.55417 ] } },
{ "type": "Feature", "properties": { "NIBRS_cat": "All Other Offenses", "crime_type": "Unspecified", "latitude": 38.554173, "longitude": -90.266846, "date": "9/17/2025" }, "geometry": { "type": "Point", "coordinates": [ -90.26685, 38.55417 ] } },
{ "type": "Feature", "properties": { "NIBRS_cat": "All Other Offenses", "crime_type": "Unspecified", "latitude": 38.554173, "longitude": -90.266846, "date": "9/17/2025" }, "geometry": { "type": "Point", "coordinates": [ -90.26685, 38.55417 ] } },
{ "type": "Feature", "properties": { "NIBRS_cat": "All Other Offenses", "crime_type": "Unspecified", "latitude": 38.554173, "longitude": -90.266846, "date": "9/17/2025" }, "geometry": { "type": "Point", "coordinates": [ -90.26685, 38.55417 ] } },
{ "type": "Feature", "properties": { "NIBRS_cat": "Simple Assault", "crime_type": "Person", "latitude": 38.554188, "longitude": -90.25827, "date": "8/19/2024" }, "geometry": { "type": "Point", "coordinates": [ -90.25827, 38.55419 ] } },
{ "type": "Feature", "properties": { "NIBRS_cat": "Destruction/Damage/Vandalism of Property", "crime_type": "Property", "latitude": 38.554188, "longitude": -90.25827, "date": "3/29/2024" }, "geometry": { "type": "Point", "coordinates": [ -90.25827, 38.55419 ] } },
{ "type": "Feature", "properties": { "NIBRS_cat": "All Other Offenses", "crime_type": "Unspecified", "latitude": 38.554188, "longitude": -90.25827, "date": "8/19/2024" }, "geometry": { "type": "Point", "coordinates": [ -90.25827, 38.55419 ] } },
{ "type": "Feature", "properties": { "NIBRS_cat": "All Other Offenses", "crime_type": "Unspecified", "latitude": 38.554188, "longitude": -90.25827, "date": "8/19/2024" }, "geometry": { "type": "Point", "coordinates": [ -90.25827, 38.55419 ] } },
{ "type": "Feature", "properties": { "NIBRS_cat": "Simple Assault", "crime_type": "Person", "latitude": 38.554188, "longitude": -90.25827, "date": "3/29/2024" }, "geometry": { "type": "Point", "coordinates": [ -90.25827, 38.55419 ] } },
{ "type": "Feature", "properties": { "NIBRS_cat": "Simple Assault", "crime_type": "Person", "latitude": 38.554188, "longitude": -90.25827, "date": "3/29/2024" }, "geometry": { "type": "Point", "coordinates": [ -90.25827, 38.55419 ] } },
{ "type": "Feature", "properties": { "NIBRS_cat": "Destruction/Damage/Vandalism of Property", "crime_type": "Property", "latitude": 38.554188, "longitude": -90.25827, "date": "3/29/2024" }, "geometry": { "type": "Point", "coordinates": [ -90.25827, 38.55419 ] } },
{ "type": "Feature", "properties": { "NIBRS_cat": "Simple Assault", "crime_type": "Person", "latitude": 38.554188, "longitude": -90.25827, "date": "8/19/2024" }, "geometry": { "type": "Point", "coordinates": [ -90.25827, 38.55419 ] } },
{ "type": "Feature", "properties": { "NIBRS_cat": "All Other Offenses", "crime_type": "Unspecified", "latitude": 38.554436, "longitude": -90.255043, "date": "9/25/2025" }, "geometry": { "type": "Point", "coordinates": [ -90.25504, 38.55444 ] } },
{ "type": "Feature", "properties": { "NIBRS_cat": "All Other Offenses", "crime_type": "Unspecified", "latitude": 38.554436, "longitude": -90.255043, "date": "9/25/2025" }, "geometry": { "type": "Point", "coordinates": [ -90.25504, 38.55444 ] } },
{ "type": "Feature", "properties": { "NIBRS_cat": "Weapons Law Violations", "crime_type": "Society", "latitude": 38.55447, "longitude": -90.250931, "date": "2/28/2025" }, "geometry": { "type": "Point", "coordinates": [ -90.25093, 38.55447 ] } },
{ "type": "Feature", "properties": { "NIBRS_cat": "Destruction/Damage/Vandalism of Property", "crime_type": "Property", "latitude": 38.55447, "longitude": -90.250931, "date": "2/28/2025" }, "geometry": { "type": "Point", "coordinates": [ -90.25093, 38.55447 ] } },
{ "type": "Feature", "properties": { "NIBRS_cat": "Destruction/Damage/Vandalism of Property", "crime_type": "Property", "latitude": 38.55447, "longitude": -90.250931, "date": "2/28/2025" }, "geometry": { "type": "Point", "coordinates": [ -90.25093, 38.55447 ] } },
{ "type": "Feature", "properties": { "NIBRS_cat": "Weapons Law Violations", "crime_type": "Society", "latitude": 38.55447, "longitude": -90.250931, "date": "2/28/2025" }, "geometry": { "type": "Point", "coordinates": [ -90.25093, 38.55447 ] } },
{ "type": "Feature", "properties": { "NIBRS_cat": "Motor Vehicle Theft", "crime_type": "Property", "latitude": 38.554695, "longitude": -90.255173, "date": "9/26/2025" }, "geometry": { "type": "Point", "coordinates": [ -90.25517, 38.5547 ] } },
{ "type": "Feature", "properties": { "NIBRS_cat": "Motor Vehicle Theft", "crime_type": "Property", "latitude": 38.554695, "longitude": -90.255173, "date": "9/26/2025" }, "geometry": { "type": "Point", "coordinates": [ -90.25517, 38.5547 ] } },
{ "type": "Feature", "properties": { "NIBRS_cat": "All Other Offenses", "crime_type": "Unspecified", "latitude": 38.555187, "longitude": -90.259682, "date": "9/10/2025" }, "geometry": { "type": "Point", "coordinates": [ -90.25968, 38.55519 ] } },
{ "type": "Feature", "properties": { "NIBRS_cat": "All Other Offenses", "crime_type": "Unspecified", "latitude": 38.555187, "longitude": -90.259682, "date": "9/10/2025" }, "geometry": { "type": "Point", "coordinates": [ -90.25968, 38.55519 ] } },
{ "type": "Feature", "properties": { "NIBRS_cat": "Theft From Motor Vehicle", "crime_type": "Property", "latitude": 38.555363, "longitude": -90.253487, "date": "9/19/2025" }, "geometry": { "type": "Point", "coordinates": [ -90.25349, 38.55536 ] } },
{ "type": "Feature", "properties": { "NIBRS_cat": "Theft From Motor Vehicle", "crime_type": "Property", "latitude": 38.555363, "longitude": -90.253487, "date": "9/19/2025" }, "geometry": { "type": "Point", "coordinates": [ -90.25349, 38.55536 ] } },
{ "type": "Feature", "properties": { "NIBRS_cat": "Weapons Law Violations", "crime_type": "Society", "latitude": 38.555367, "longitude": -90.258804, "date": "9/28/2025" }, "geometry": { "type": "Point", "coordinates": [ -90.2588, 38.55537 ] } },
{ "type": "Feature", "properties": { "NIBRS_cat": "All Other Offenses", "crime_type": "Unspecified", "latitude": 38.555367, "longitude": -90.258804, "date": "9/28/2025" }, "geometry": { "type": "Point", "coordinates": [ -90.2588, 38.55537 ] } },
{ "type": "Feature", "properties": { "NIBRS_cat": "Weapons Law Violations", "crime_type": "Society", "latitude": 38.555367, "longitude": -90.258804, "date": "9/28/2025" }, "geometry": { "type": "Point", "coordinates": [ -90.2588, 38.55537 ] } },
{ "type": "Feature", "properties": { "NIBRS_cat": "Weapons Law Violations", "crime_type": "Society", "latitude": 38.555367, "longitude": -90.258804, "date": "9/28/2025" }, "geometry": { "type": "Point", "coordinates": [ -90.2588, 38.55537 ] } },
{ "type": "Feature", "properties": { "NIBRS_cat": "All Other Offenses", "crime_type": "Unspecified", "latitude": 38.555367, "longitude": -90.258804, "date": "9/28/2025" }, "geometry": { "type": "Point", "coordinates": [ -90.2588, 38.55537 ] } },
{ "type": "Feature", "properties": { "NIBRS_cat": "Drug/Narcotic Violations", "crime_type": "Society", "latitude": 38.555367, "longitude": -90.258804, "date": "9/28/2025" }, "geometry": { "type": "Point", "coordinates": [ -90.2588, 38.55537 ] } },
{ "type": "Feature", "properties": { "NIBRS_cat": "Weapons Law Violations", "crime_type": "Society", "latitude": 38.555367, "longitude": -90.258804, "date": "9/28/2025" }, "geometry": { "type": "Point", "coordinates": [ -90.2588, 38.55537 ] } },
{ "type": "Feature", "properties": { "NIBRS_cat": "Drug/Narcotic Violations", "crime_type": "Society", "latitude": 38.555367, "longitude": -90.258804, "date": "9/28/2025" }, "geometry": { "type": "Point", "coordinates": [ -90.2588, 38.55537 ] } },
{ "type": "Feature", "properties": { "NIBRS_cat": "Simple Assault", "crime_type": "Person", "latitude": 38.555775, "longitude": -90.255539, "date": "7/2/2025" }, "geometry": { "type": "Point", "coordinates": [ -90.25554, 38.55577 ] } },
{ "type": "Feature", "properties": { "NIBRS_cat": "Simple Assault", "crime_type": "Person", "latitude": 38.555775, "longitude": -90.255539, "date": "7/2/2025" }, "geometry": { "type": "Point", "coordinates": [ -90.25554, 38.55577 ] } },
{ "type": "Feature", "properties": { "NIBRS_cat": "All Other Larceny", "crime_type": "Property", "latitude": 38.556156, "longitude": -90.255096, "date": "9/25/2025" }, "geometry": { "type": "Point", "coordinates": [ -90.2551, 38.55616 ] } },
{ "type": "Feature", "properties": { "NIBRS_cat": "All Other Larceny", "crime_type": "Property", "latitude": 38.556156, "longitude": -90.255096, "date": "9/25/2025" }, "geometry": { "type": "Point", "coordinates": [ -90.2551, 38.55616 ] } },
{ "type": "Feature", "properties": { "NIBRS_cat": "Destruction/Damage/Vandalism of Property", "crime_type": "Property", "latitude": 38.556267, "longitude": -90.25164, "date": "8/3/2025" }, "geometry": { "type": "Point", "coordinates": [ -90.25164, 38.55627 ] } },
{ "type": "Feature", "properties": { "NIBRS_cat": "Aggravated Assault", "crime_type": "Person", "latitude": 38.556267, "longitude": -90.25164, "date": "8/3/2025" }, "geometry": { "type": "Point", "coordinates": [ -90.25164, 38.55627 ] } },
{ "type": "Feature", "properties": { "NIBRS_cat": "Destruction/Damage/Vandalism of Property", "crime_type": "Property", "latitude": 38.556267, "longitude": -90.25164, "date": "8/3/2025" }, "geometry": { "type": "Point", "coordinates": [ -90.25164, 38.55627 ] } },
{ "type": "Feature", "properties": { "NIBRS_cat": "Aggravated Assault", "crime_type": "Person", "latitude": 38.556267, "longitude": -90.25164, "date": "8/3/2025" }, "geometry": { "type": "Point", "coordinates": [ -90.25164, 38.55627 ] } },
{ "type": "Feature", "properties": { "NIBRS_cat": "All Other Larceny", "crime_type": "Property", "latitude": 38.556293, "longitude": -90.254959, "date": "6/24/2025" }, "geometry": { "type": "Point", "coordinates": [ -90.25496, 38.55629 ] } },
{ "type": "Feature", "properties": { "NIBRS_cat": "All Other Larceny", "crime_type": "Property", "latitude": 38.556293, "longitude": -90.254959, "date": "6/24/2025" }, "geometry": { "type": "Point", "coordinates": [ -90.25496, 38.55629 ] } },
{ "type": "Feature", "properties": { "NIBRS_cat": "Shoplifting", "crime_type": "Property", "latitude": 38.556396, "longitude": -90.26297, "date": "9/28/2025" }, "geometry": { "type": "Point", "coordinates": [ -90.26297, 38.5564 ] } },
{ "type": "Feature", "properties": { "NIBRS_cat": "All Other Offenses", "crime_type": "Unspecified", "latitude": 38.556396, "longitude": -90.26297, "date": "9/11/2025" }, "geometry": { "type": "Point", "coordinates": [ -90.26297, 38.5564 ] } },
{ "type": "Feature", "properties": { "NIBRS_cat": "All Other Offenses", "crime_type": "Unspecified", "latitude": 38.556396, "longitude": -90.26297, "date": "9/11/2025" }, "geometry": { "type": "Point", "coordinates": [ -90.26297, 38.5564 ] } },
{ "type": "Feature", "properties": { "NIBRS_cat": "Shoplifting", "crime_type": "Property", "latitude": 38.556396, "longitude": -90.26297, "date": "9/28/2025" }, "geometry": { "type": "Point", "coordinates": [ -90.26297, 38.5564 ] } },
{ "type": "Feature", "properties": { "NIBRS_cat": "Murder and Nonnegligent Manslaughter", "crime_type": "Person", "latitude": 38.5564, "longitude": -90.251579, "date": "12/18/2024" }, "geometry": { "type": "Point", "coordinates": [ -90.25158, 38.5564 ] } },
{ "type": "Feature", "properties": { "NIBRS_cat": "Robbery", "crime_type": "Person", "latitude": 38.5564, "longitude": -90.251579, "date": "12/18/2024" }, "geometry": { "type": "Point", "coordinates": [ -90.25158, 38.5564 ] } },
{ "type": "Feature", "properties": { "NIBRS_cat": "Murder and Nonnegligent Manslaughter", "crime_type": "Person", "latitude": 38.5564, "longitude": -90.251579, "date": "12/18/2024" }, "geometry": { "type": "Point", "coordinates": [ -90.25158, 38.5564 ] } },
{ "type": "Feature", "properties": { "NIBRS_cat": "All Other Offenses", "crime_type": "Unspecified", "latitude": 38.5564, "longitude": -90.251579, "date": "12/18/2024" }, "geometry": { "type": "Point", "coordinates": [ -90.25158, 38.5564 ] } },
{ "type": "Feature", "properties": { "NIBRS_cat": "Weapons Law Violations", "crime_type": "Society", "latitude": 38.5564, "longitude": -90.258278, "date": "8/23/2025" }, "geometry": { "type": "Point", "coordinates": [ -90.25828, 38.5564 ] } },
{ "type": "Feature", "properties": { "NIBRS_cat": "Robbery", "crime_type": "Person", "latitude": 38.5564, "longitude": -90.251579, "date": "12/18/2024" }, "geometry": { "type": "Point", "coordinates": [ -90.25158, 38.5564 ] } },
{ "type": "Feature", "properties": { "NIBRS_cat": "Aggravated Assault", "crime_type": "Person", "latitude": 38.5564, "longitude": -90.258278, "date": "8/23/2025" }, "geometry": { "type": "Point", "coordinates": [ -90.25828, 38.5564 ] } },
{ "type": "Feature", "properties": { "NIBRS_cat": "Aggravated Assault", "crime_type": "Person", "latitude": 38.5564, "longitude": -90.258278, "date": "8/23/2025" }, "geometry": { "type": "Point", "coordinates": [ -90.25828, 38.5564 ] } },
{ "type": "Feature", "properties": { "NIBRS_cat": "Aggravated Assault", "crime_type": "Person", "latitude": 38.5564, "longitude": -90.258278, "date": "8/23/2025" }, "geometry": { "type": "Point", "coordinates": [ -90.25828, 38.5564 ] } },
{ "type": "Feature", "properties": { "NIBRS_cat": "Weapons Law Violations", "crime_type": "Society", "latitude": 38.5564, "longitude": -90.258278, "date": "8/23/2025" }, "geometry": { "type": "Point", "coordinates": [ -90.25828, 38.5564 ] } },
{ "type": "Feature", "properties": { "NIBRS_cat": "All Other Offenses", "crime_type": "Unspecified", "latitude": 38.5564, "longitude": -90.251579, "date": "12/18/2024" }, "geometry": { "type": "Point", "coordinates": [ -90.25158, 38.5564 ] } },
{ "type": "Feature", "properties": { "NIBRS_cat": "Aggravated Assault", "crime_type": "Person", "latitude": 38.5564, "longitude": -90.258278, "date": "8/23/2025" }, "geometry": { "type": "Point", "coordinates": [ -90.25828, 38.5564 ] } },
{ "type": "Feature", "properties": { "NIBRS_cat": "All Other Offenses", "crime_type": "Unspecified", "latitude": 38.556526, "longitude": -90.256737, "date": "9/10/2025" }, "geometry": { "type": "Point", "coordinates": [ -90.25674, 38.55653 ] } },
{ "type": "Feature", "properties": { "NIBRS_cat": "All Other Offenses", "crime_type": "Unspecified", "latitude": 38.556526, "longitude": -90.256737, "date": "9/10/2025" }, "geometry": { "type": "Point", "coordinates": [ -90.25674, 38.55653 ] } },
{ "type": "Feature", "properties": { "NIBRS_cat": "All Other Offenses", "crime_type": "Unspecified", "latitude": 38.55661, "longitude": -90.259003, "date": "9/19/2025" }, "geometry": { "type": "Point", "coordinates": [ -90.259, 38.55661 ] } },
{ "type": "Feature", "properties": { "NIBRS_cat": "All Other Offenses", "crime_type": "Unspecified", "latitude": 38.55661, "longitude": -90.259003, "date": "9/19/2025" }, "geometry": { "type": "Point", "coordinates": [ -90.259, 38.55661 ] } },
{ "type": "Feature", "properties": { "NIBRS_cat": "All Other Offenses", "crime_type": "Unspecified", "latitude": 38.556774, "longitude": -90.259323, "date": "9/22/2025" }, "geometry": { "type": "Point", "coordinates": [ -90.25932, 38.55677 ] } },
{ "type": "Feature", "properties": { "NIBRS_cat": "All Other Offenses", "crime_type": "Unspecified", "latitude": 38.556774, "longitude": -90.259323, "date": "9/22/2025" }, "geometry": { "type": "Point", "coordinates": [ -90.25932, 38.55677 ] } },
{ "type": "Feature", "properties": { "NIBRS_cat": "Shoplifting", "crime_type": "Property", "latitude": 38.556831, "longitude": -90.262634, "date": "9/6/2025" }, "geometry": { "type": "Point", "coordinates": [ -90.26263, 38.55683 ] } },
{ "type": "Feature", "properties": { "NIBRS_cat": "Weapons Law Violations", "crime_type": "Society", "latitude": 38.556831, "longitude": -90.262634, "date": "9/27/2025" }, "geometry": { "type": "Point", "coordinates": [ -90.26263, 38.55683 ] } },
{ "type": "Feature", "properties": { "NIBRS_cat": "Shoplifting", "crime_type": "Property", "latitude": 38.556831, "longitude": -90.262634, "date": "9/6/2025" }, "geometry": { "type": "Point", "coordinates": [ -90.26263, 38.55683 ] } },
{ "type": "Feature", "properties": { "NIBRS_cat": "Shoplifting", "crime_type": "Property", "latitude": 38.556831, "longitude": -90.262634, "date": "9/6/2025" }, "geometry": { "type": "Point", "coordinates": [ -90.26263, 38.55683 ] } },
{ "type": "Feature", "properties": { "NIBRS_cat": "Weapons Law Violations", "crime_type": "Society", "latitude": 38.556831, "longitude": -90.262634, "date": "9/27/2025" }, "geometry": { "type": "Point", "coordinates": [ -90.26263, 38.55683 ] } },
{ "type": "Feature", "properties": { "NIBRS_cat": "Shoplifting", "crime_type": "Property", "latitude": 38.556831, "longitude": -90.262634, "date": "9/6/2025" }, "geometry": { "type": "Point", "coordinates": [ -90.26263, 38.55683 ] } },
{ "type": "Feature", "properties": { "NIBRS_cat": "Drug/Narcotic Violations", "crime_type": "Society", "latitude": 38.556961, "longitude": -90.261169, "date": "4/22/2025" }, "geometry": { "type": "Point", "coordinates": [ -90.26117, 38.55696 ] } },
{ "type": "Feature", "properties": { "NIBRS_cat": "All Other Offenses", "crime_type": "Unspecified", "latitude": 38.556961, "longitude": -90.261169, "date": "4/22/2025" }, "geometry": { "type": "Point", "coordinates": [ -90.26117, 38.55696 ] } },
{ "type": "Feature", "properties": { "NIBRS_cat": "All Other Offenses", "crime_type": "Unspecified", "latitude": 38.556961, "longitude": -90.261169, "date": "4/22/2025" }, "geometry": { "type": "Point", "coordinates": [ -90.26117, 38.55696 ] } },
{ "type": "Feature", "properties": { "NIBRS_cat": "All Other Offenses", "crime_type": "Unspecified", "latitude": 38.556961, "longitude": -90.261169, "date": "4/22/2025" }, "geometry": { "type": "Point", "coordinates": [ -90.26117, 38.55696 ] } },
{ "type": "Feature", "properties": { "NIBRS_cat": "Drug/Narcotic Violations", "crime_type": "Society", "latitude": 38.556961, "longitude": -90.261169, "date": "4/22/2025" }, "geometry": { "type": "Point", "coordinates": [ -90.26117, 38.55696 ] } },
{ "type": "Feature", "properties": { "NIBRS_cat": "All Other Offenses", "crime_type": "Unspecified", "latitude": 38.556961, "longitude": -90.261169, "date": "4/22/2025" }, "geometry": { "type": "Point", "coordinates": [ -90.26117, 38.55696 ] } },
{ "type": "Feature", "properties": { "NIBRS_cat": "Simple Assault", "crime_type": "Person", "latitude": 38.556961, "longitude": -90.261169, "date": "4/22/2025" }, "geometry": { "type": "Point", "coordinates": [ -90.26117, 38.55696 ] } },
{ "type": "Feature", "properties": { "NIBRS_cat": "All Other Offenses", "crime_type": "Unspecified", "latitude": 38.556961, "longitude": -90.261169, "date": "4/22/2025" }, "geometry": { "type": "Point", "coordinates": [ -90.26117, 38.55696 ] } },
{ "type": "Feature", "properties": { "NIBRS_cat": "Drug/Narcotic Violations", "crime_type": "Society", "latitude": 38.556961, "longitude": -90.261169, "date": "4/22/2025" }, "geometry": { "type": "Point", "coordinates": [ -90.26117, 38.55696 ] } },
{ "type": "Feature", "properties": { "NIBRS_cat": "Drug/Narcotic Violations", "crime_type": "Society", "latitude": 38.556961, "longitude": -90.261169, "date": "4/22/2025" }, "geometry": { "type": "Point", "coordinates": [ -90.26117, 38.55696 ] } },
{ "type": "Feature", "properties": { "NIBRS_cat": "All Other Offenses", "crime_type": "Unspecified", "latitude": 38.556961, "longitude": -90.261169, "date": "4/22/2025" }, "geometry": { "type": "Point", "coordinates": [ -90.26117, 38.55696 ] } },
{ "type": "Feature", "properties": { "NIBRS_cat": "Theft From Motor Vehicle", "crime_type": "Property", "latitude": 38.556961, "longitude": -90.261169, "date": "4/22/2025" }, "geometry": { "type": "Point", "coordinates": [ -90.26117, 38.55696 ] } },
{ "type": "Feature", "properties": { "NIBRS_cat": "Weapons Law Violations", "crime_type": "Society", "latitude": 38.556961, "longitude": -90.261169, "date": "4/22/2025" }, "geometry": { "type": "Point", "coordinates": [ -90.26117, 38.55696 ] } },
{ "type": "Feature", "properties": { "NIBRS_cat": "Destruction/Damage/Vandalism of Property", "crime_type": "Property", "latitude": 38.556961, "longitude": -90.261169, "date": "4/22/2025" }, "geometry": { "type": "Point", "coordinates": [ -90.26117, 38.55696 ] } },
{ "type": "Feature", "properties": { "NIBRS_cat": "Theft From Motor Vehicle", "crime_type": "Property", "latitude": 38.556961, "longitude": -90.261169, "date": "4/22/2025" }, "geometry": { "type": "Point", "coordinates": [ -90.26117, 38.55696 ] } },
{ "type": "Feature", "properties": { "NIBRS_cat": "Destruction/Damage/Vandalism of Property", "crime_type": "Property", "latitude": 38.556961, "longitude": -90.261169, "date": "4/22/2025" }, "geometry": { "type": "Point", "coordinates": [ -90.26117, 38.55696 ] } },
{ "type": "Feature", "properties": { "NIBRS_cat": "Simple Assault", "crime_type": "Person", "latitude": 38.556961, "longitude": -90.261169, "date": "4/22/2025" }, "geometry": { "type": "Point", "coordinates": [ -90.26117, 38.55696 ] } },
{ "type": "Feature", "properties": { "NIBRS_cat": "Weapons Law Violations", "crime_type": "Society", "latitude": 38.556961, "longitude": -90.261169, "date": "4/22/2025" }, "geometry": { "type": "Point", "coordinates": [ -90.26117, 38.55696 ] } },
{ "type": "Feature", "properties": { "NIBRS_cat": "All Other Offenses", "crime_type": "Unspecified", "latitude": 38.556988, "longitude": -90.261139, "date": "9/11/2025" }, "geometry": { "type": "Point", "coordinates": [ -90.26114, 38.55699 ] } },
{ "type": "Feature", "properties": { "NIBRS_cat": "Destruction/Damage/Vandalism of Property", "crime_type": "Property", "latitude": 38.556988, "longitude": -90.261139, "date": "8/28/2025" }, "geometry": { "type": "Point", "coordinates": [ -90.26114, 38.55699 ] } },
{ "type": "Feature", "properties": { "NIBRS_cat": "Shoplifting", "crime_type": "Property", "latitude": 38.556988, "longitude": -90.261139, "date": "9/11/2025" }, "geometry": { "type": "Point", "coordinates": [ -90.26114, 38.55699 ] } },
{ "type": "Feature", "properties": { "NIBRS_cat": "Destruction/Damage/Vandalism of Property", "crime_type": "Property", "latitude": 38.556988, "longitude": -90.261139, "date": "8/28/2025" }, "geometry": { "type": "Point", "coordinates": [ -90.26114, 38.55699 ] } },
{ "type": "Feature", "properties": { "NIBRS_cat": "Shoplifting", "crime_type": "Property", "latitude": 38.556988, "longitude": -90.261139, "date": "9/11/2025" }, "geometry": { "type": "Point", "coordinates": [ -90.26114, 38.55699 ] } },
{ "type": "Feature", "properties": { "NIBRS_cat": "All Other Offenses", "crime_type": "Unspecified", "latitude": 38.556988, "longitude": -90.261139, "date": "9/11/2025" }, "geometry": { "type": "Point", "coordinates": [ -90.26114, 38.55699 ] } },
{ "type": "Feature", "properties": { "NIBRS_cat": "Theft From Motor Vehicle", "crime_type": "Property", "latitude": 38.557392, "longitude": -90.252007, "date": "9/10/2025" }, "geometry": { "type": "Point", "coordinates": [ -90.25201, 38.55739 ] } },
{ "type": "Feature", "properties": { "NIBRS_cat": "Motor Vehicle Theft", "crime_type": "Property", "latitude": 38.557392, "longitude": -90.252007, "date": "9/10/2025" }, "geometry": { "type": "Point", "coordinates": [ -90.25201, 38.55739 ] } },
{ "type": "Feature", "properties": { "NIBRS_cat": "Motor Vehicle Theft", "crime_type": "Property", "latitude": 38.557392, "longitude": -90.252007, "date": "9/10/2025" }, "geometry": { "type": "Point", "coordinates": [ -90.25201, 38.55739 ] } },
{ "type": "Feature", "properties": { "NIBRS_cat": "Theft From Motor Vehicle", "crime_type": "Property", "latitude": 38.557392, "longitude": -90.252007, "date": "9/10/2025" }, "geometry": { "type": "Point", "coordinates": [ -90.25201, 38.55739 ] } },
{ "type": "Feature", "properties": { "NIBRS_cat": "All Other Larceny", "crime_type": "Property", "latitude": 38.557442, "longitude": -90.261642, "date": "9/19/2025" }, "geometry": { "type": "Point", "coordinates": [ -90.26164, 38.55744 ] } },
{ "type": "Feature", "properties": { "NIBRS_cat": "All Other Larceny", "crime_type": "Property", "latitude": 38.557442, "longitude": -90.261642, "date": "9/19/2025" }, "geometry": { "type": "Point", "coordinates": [ -90.26164, 38.55744 ] } },
{ "type": "Feature", "properties": { "NIBRS_cat": "All Other Larceny", "crime_type": "Property", "latitude": 38.557751, "longitude": -90.261223, "date": "9/7/2025" }, "geometry": { "type": "Point", "coordinates": [ -90.26122, 38.55775 ] } },
{ "type": "Feature", "properties": { "NIBRS_cat": "Shoplifting", "crime_type": "Property", "latitude": 38.557751, "longitude": -90.261223, "date": "9/8/2025" }, "geometry": { "type": "Point", "coordinates": [ -90.26122, 38.55775 ] } },
{ "type": "Feature", "properties": { "NIBRS_cat": "Shoplifting", "crime_type": "Property", "latitude": 38.557751, "longitude": -90.261223, "date": "9/2/2025" }, "geometry": { "type": "Point", "coordinates": [ -90.26122, 38.55775 ] } },
{ "type": "Feature", "properties": { "NIBRS_cat": "Shoplifting", "crime_type": "Property", "latitude": 38.557751, "longitude": -90.261223, "date": "9/2/2025" }, "geometry": { "type": "Point", "coordinates": [ -90.26122, 38.55775 ] } },
{ "type": "Feature", "properties": { "NIBRS_cat": "Shoplifting", "crime_type": "Property", "latitude": 38.557751, "longitude": -90.261223, "date": "9/8/2025" }, "geometry": { "type": "Point", "coordinates": [ -90.26122, 38.55775 ] } },
{ "type": "Feature", "properties": { "NIBRS_cat": "All Other Larceny", "crime_type": "Property", "latitude": 38.557751, "longitude": -90.261223, "date": "9/7/2025" }, "geometry": { "type": "Point", "coordinates": [ -90.26122, 38.55775 ] } },
{ "type": "Feature", "properties": { "NIBRS_cat": "Shoplifting", "crime_type": "Property", "latitude": 38.557751, "longitude": -90.261223, "date": "9/4/2025" }, "geometry": { "type": "Point", "coordinates": [ -90.26122, 38.55775 ] } },
{ "type": "Feature", "properties": { "NIBRS_cat": "Shoplifting", "crime_type": "Property", "latitude": 38.557751, "longitude": -90.261223, "date": "9/4/2025" }, "geometry": { "type": "Point", "coordinates": [ -90.26122, 38.55775 ] } },
{ "type": "Feature", "properties": { "NIBRS_cat": "Shoplifting", "crime_type": "Property", "latitude": 38.55825, "longitude": -90.262177, "date": "9/3/2025" }, "geometry": { "type": "Point", "coordinates": [ -90.26218, 38.55825 ] } },
{ "type": "Feature", "properties": { "NIBRS_cat": "Shoplifting", "crime_type": "Property", "latitude": 38.55825, "longitude": -90.262177, "date": "9/3/2025" }, "geometry": { "type": "Point", "coordinates": [ -90.26218, 38.55825 ] } },
{ "type": "Feature", "properties": { "NIBRS_cat": "All Other Offenses", "crime_type": "Unspecified", "latitude": 38.558331, "longitude": -90.250061, "date": "9/16/2025" }, "geometry": { "type": "Point", "coordinates": [ -90.25006, 38.55833 ] } },
{ "type": "Feature", "properties": { "NIBRS_cat": "All Other Offenses", "crime_type": "Unspecified", "latitude": 38.558331, "longitude": -90.250061, "date": "9/16/2025" }, "geometry": { "type": "Point", "coordinates": [ -90.25006, 38.55833 ] } },
{ "type": "Feature", "properties": { "NIBRS_cat": "All Other Offenses", "crime_type": "Unspecified", "latitude": 38.558418, "longitude": -90.250923, "date": "9/11/2025" }, "geometry": { "type": "Point", "coordinates": [ -90.25092, 38.55842 ] } },
{ "type": "Feature", "properties": { "NIBRS_cat": "All Other Offenses", "crime_type": "Unspecified", "latitude": 38.558418, "longitude": -90.250923, "date": "9/11/2025" }, "geometry": { "type": "Point", "coordinates": [ -90.25092, 38.55842 ] } },
{ "type": "Feature", "properties": { "NIBRS_cat": "Family Offenses, Nonviolent", "crime_type": "Society", "latitude": 38.558418, "longitude": -90.250923, "date": "9/11/2025" }, "geometry": { "type": "Point", "coordinates": [ -90.25092, 38.55842 ] } },
{ "type": "Feature", "properties": { "NIBRS_cat": "Drug/Narcotic Violations", "crime_type": "Society", "latitude": 38.558418, "longitude": -90.250923, "date": "9/25/2025" }, "geometry": { "type": "Point", "coordinates": [ -90.25092, 38.55842 ] } },
{ "type": "Feature", "properties": { "NIBRS_cat": "Destruction/Damage/Vandalism of Property", "crime_type": "Property", "latitude": 38.558418, "longitude": -90.250923, "date": "9/25/2025" }, "geometry": { "type": "Point", "coordinates": [ -90.25092, 38.55842 ] } },
{ "type": "Feature", "properties": { "NIBRS_cat": "Family Offenses, Nonviolent", "crime_type": "Society", "latitude": 38.558418, "longitude": -90.250923, "date": "9/11/2025" }, "geometry": { "type": "Point", "coordinates": [ -90.25092, 38.55842 ] } },
{ "type": "Feature", "properties": { "NIBRS_cat": "All Other Offenses", "crime_type": "Unspecified", "latitude": 38.558418, "longitude": -90.250923, "date": "9/25/2025" }, "geometry": { "type": "Point", "coordinates": [ -90.25092, 38.55842 ] } },
{ "type": "Feature", "properties": { "NIBRS_cat": "Drug/Narcotic Violations", "crime_type": "Society", "latitude": 38.558418, "longitude": -90.250923, "date": "9/25/2025" }, "geometry": { "type": "Point", "coordinates": [ -90.25092, 38.55842 ] } },
{ "type": "Feature", "properties": { "NIBRS_cat": "All Other Offenses", "crime_type": "Unspecified", "latitude": 38.558418, "longitude": -90.250923, "date": "9/25/2025" }, "geometry": { "type": "Point", "coordinates": [ -90.25092, 38.55842 ] } },
{ "type": "Feature", "properties": { "NIBRS_cat": "All Other Offenses", "crime_type": "Unspecified", "latitude": 38.558418, "longitude": -90.250923, "date": "9/25/2025" }, "geometry": { "type": "Point", "coordinates": [ -90.25092, 38.55842 ] } },
{ "type": "Feature", "properties": { "NIBRS_cat": "Destruction/Damage/Vandalism of Property", "crime_type": "Property", "latitude": 38.558418, "longitude": -90.250923, "date": "9/25/2025" }, "geometry": { "type": "Point", "coordinates": [ -90.25092, 38.55842 ] } },
{ "type": "Feature", "properties": { "NIBRS_cat": "All Other Offenses", "crime_type": "Unspecified", "latitude": 38.558418, "longitude": -90.250923, "date": "9/25/2025" }, "geometry": { "type": "Point", "coordinates": [ -90.25092, 38.55842 ] } },
{ "type": "Feature", "properties": { "NIBRS_cat": "Motor Vehicle Theft", "crime_type": "Property", "latitude": 38.558846, "longitude": -90.26593, "date": "9/8/2025" }, "geometry": { "type": "Point", "coordinates": [ -90.26593, 38.55885 ] } },
{ "type": "Feature", "properties": { "NIBRS_cat": "Motor Vehicle Theft", "crime_type": "Property", "latitude": 38.558846, "longitude": -90.26593, "date": "9/8/2025" }, "geometry": { "type": "Point", "coordinates": [ -90.26593, 38.55885 ] } },
{ "type": "Feature", "properties": { "NIBRS_cat": "Motor Vehicle Theft", "crime_type": "Property", "latitude": 38.55928, "longitude": -90.250771, "date": "9/20/2025" }, "geometry": { "type": "Point", "coordinates": [ -90.25077, 38.55928 ] } },
{ "type": "Feature", "properties": { "NIBRS_cat": "Motor Vehicle Theft", "crime_type": "Property", "latitude": 38.55928, "longitude": -90.250771, "date": "9/20/2025" }, "geometry": { "type": "Point", "coordinates": [ -90.25077, 38.55928 ] } },
{ "type": "Feature", "properties": { "NIBRS_cat": "Trespass of Real Property", "crime_type": "Society", "latitude": 38.559521, "longitude": -90.246887, "date": "9/7/2025" }, "geometry": { "type": "Point", "coordinates": [ -90.24689, 38.55952 ] } },
{ "type": "Feature", "properties": { "NIBRS_cat": "Trespass of Real Property", "crime_type": "Society", "latitude": 38.559521, "longitude": -90.246887, "date": "9/7/2025" }, "geometry": { "type": "Point", "coordinates": [ -90.24689, 38.55952 ] } },
{ "type": "Feature", "properties": { "NIBRS_cat": "Drug/Narcotic Violations", "crime_type": "Society", "latitude": 38.559521, "longitude": -90.246887, "date": "9/7/2025" }, "geometry": { "type": "Point", "coordinates": [ -90.24689, 38.55952 ] } },
{ "type": "Feature", "properties": { "NIBRS_cat": "Drug/Narcotic Violations", "crime_type": "Society", "latitude": 38.559521, "longitude": -90.246887, "date": "9/7/2025" }, "geometry": { "type": "Point", "coordinates": [ -90.24689, 38.55952 ] } },
{ "type": "Feature", "properties": { "NIBRS_cat": "Simple Assault", "crime_type": "Person", "latitude": 38.559628, "longitude": -90.249008, "date": "11/28/2023" }, "geometry": { "type": "Point", "coordinates": [ -90.24901, 38.55963 ] } },
{ "type": "Feature", "properties": { "NIBRS_cat": "Simple Assault", "crime_type": "Person", "latitude": 38.559628, "longitude": -90.249008, "date": "11/28/2023" }, "geometry": { "type": "Point", "coordinates": [ -90.24901, 38.55963 ] } },
{ "type": "Feature", "properties": { "NIBRS_cat": "Aggravated Assault", "crime_type": "Person", "latitude": 38.559692, "longitude": -90.252693, "date": "5/2/2025" }, "geometry": { "type": "Point", "coordinates": [ -90.25269, 38.55969 ] } },
{ "type": "Feature", "properties": { "NIBRS_cat": "Aggravated Assault", "crime_type": "Person", "latitude": 38.559692, "longitude": -90.252693, "date": "5/2/2025" }, "geometry": { "type": "Point", "coordinates": [ -90.25269, 38.55969 ] } },
{ "type": "Feature", "properties": { "NIBRS_cat": "Murder and Nonnegligent Manslaughter", "crime_type": "Person", "latitude": 38.559692, "longitude": -90.252693, "date": "5/2/2025" }, "geometry": { "type": "Point", "coordinates": [ -90.25269, 38.55969 ] } },
{ "type": "Feature", "properties": { "NIBRS_cat": "All Other Offenses", "crime_type": "Unspecified", "latitude": 38.559692, "longitude": -90.252693, "date": "5/2/2025" }, "geometry": { "type": "Point", "coordinates": [ -90.25269, 38.55969 ] } },
{ "type": "Feature", "properties": { "NIBRS_cat": "All Other Offenses", "crime_type": "Unspecified", "latitude": 38.559692, "longitude": -90.252693, "date": "5/2/2025" }, "geometry": { "type": "Point", "coordinates": [ -90.25269, 38.55969 ] } },
{ "type": "Feature", "properties": { "NIBRS_cat": "Murder and Nonnegligent Manslaughter", "crime_type": "Person", "latitude": 38.559692, "longitude": -90.252693, "date": "5/2/2025" }, "geometry": { "type": "Point", "coordinates": [ -90.25269, 38.55969 ] } },
{ "type": "Feature", "properties": { "NIBRS_cat": "All Other Offenses", "crime_type": "Unspecified", "latitude": 38.559795, "longitude": -90.243881, "date": "8/22/2025" }, "geometry": { "type": "Point", "coordinates": [ -90.24388, 38.5598 ] } },
{ "type": "Feature", "properties": { "NIBRS_cat": "Simple Assault", "crime_type": "Person", "latitude": 38.559795, "longitude": -90.243881, "date": "8/22/2025" }, "geometry": { "type": "Point", "coordinates": [ -90.24388, 38.5598 ] } },
{ "type": "Feature", "properties": { "NIBRS_cat": "All Other Offenses", "crime_type": "Unspecified", "latitude": 38.559795, "longitude": -90.243881, "date": "8/22/2025" }, "geometry": { "type": "Point", "coordinates": [ -90.24388, 38.5598 ] } },
{ "type": "Feature", "properties": { "NIBRS_cat": "Simple Assault", "crime_type": "Person", "latitude": 38.559795, "longitude": -90.243881, "date": "8/22/2025" }, "geometry": { "type": "Point", "coordinates": [ -90.24388, 38.5598 ] } },
{ "type": "Feature", "properties": { "NIBRS_cat": "Aggravated Assault", "crime_type": "Person", "latitude": 38.559795, "longitude": -90.243881, "date": "8/22/2025" }, "geometry": { "type": "Point", "coordinates": [ -90.24388, 38.5598 ] } },
{ "type": "Feature", "properties": { "NIBRS_cat": "Aggravated Assault", "crime_type": "Person", "latitude": 38.559795, "longitude": -90.243881, "date": "8/22/2025" }, "geometry": { "type": "Point", "coordinates": [ -90.24388, 38.5598 ] } },
{ "type": "Feature", "properties": { "NIBRS_cat": "Robbery", "crime_type": "Person", "latitude": 38.559975, "longitude": -90.245499, "date": "5/11/2025" }, "geometry": { "type": "Point", "coordinates": [ -90.2455, 38.55998 ] } },
{ "type": "Feature", "properties": { "NIBRS_cat": "Robbery", "crime_type": "Person", "latitude": 38.559975, "longitude": -90.245499, "date": "5/11/2025" }, "geometry": { "type": "Point", "coordinates": [ -90.2455, 38.55998 ] } },
{ "type": "Feature", "properties": { "NIBRS_cat": "All Other Offenses", "crime_type": "Unspecified", "latitude": 38.560162, "longitude": -90.247841, "date": "9/5/2025" }, "geometry": { "type": "Point", "coordinates": [ -90.24784, 38.56016 ] } },
{ "type": "Feature", "properties": { "NIBRS_cat": "All Other Offenses", "crime_type": "Unspecified", "latitude": 38.560162, "longitude": -90.247841, "date": "9/5/2025" }, "geometry": { "type": "Point", "coordinates": [ -90.24784, 38.56016 ] } },
{ "type": "Feature", "properties": { "NIBRS_cat": "Aggravated Assault", "crime_type": "Person", "latitude": 38.560528, "longitude": -90.243919, "date": "3/4/2023" }, "geometry": { "type": "Point", "coordinates": [ -90.24392, 38.56053 ] } },
{ "type": "Feature", "properties": { "NIBRS_cat": "Aggravated Assault", "crime_type": "Person", "latitude": 38.560528, "longitude": -90.243919, "date": "3/4/2023" }, "geometry": { "type": "Point", "coordinates": [ -90.24392, 38.56053 ] } },
{ "type": "Feature", "properties": { "NIBRS_cat": "All Other Offenses", "crime_type": "Unspecified", "latitude": 38.560646, "longitude": -90.248756, "date": "9/21/2025" }, "geometry": { "type": "Point", "coordinates": [ -90.24876, 38.56065 ] } },
{ "type": "Feature", "properties": { "NIBRS_cat": "Weapons Law Violations", "crime_type": "Society", "latitude": 38.560646, "longitude": -90.248756, "date": "9/21/2025" }, "geometry": { "type": "Point", "coordinates": [ -90.24876, 38.56065 ] } },
{ "type": "Feature", "properties": { "NIBRS_cat": "Weapons Law Violations", "crime_type": "Society", "latitude": 38.560646, "longitude": -90.248756, "date": "9/21/2025" }, "geometry": { "type": "Point", "coordinates": [ -90.24876, 38.56065 ] } },
{ "type": "Feature", "properties": { "NIBRS_cat": "Aggravated Assault", "crime_type": "Person", "latitude": 38.560646, "longitude": -90.248756, "date": "9/21/2025" }, "geometry": { "type": "Point", "coordinates": [ -90.24876, 38.56065 ] } },
{ "type": "Feature", "properties": { "NIBRS_cat": "Weapons Law Violations", "crime_type": "Society", "latitude": 38.560646, "longitude": -90.248756, "date": "9/21/2025" }, "geometry": { "type": "Point", "coordinates": [ -90.24876, 38.56065 ] } },
{ "type": "Feature", "properties": { "NIBRS_cat": "Weapons Law Violations", "crime_type": "Society", "latitude": 38.560646, "longitude": -90.248756, "date": "9/21/2025" }, "geometry": { "type": "Point", "coordinates": [ -90.24876, 38.56065 ] } },
{ "type": "Feature", "properties": { "NIBRS_cat": "All Other Offenses", "crime_type": "Unspecified", "latitude": 38.560646, "longitude": -90.248756, "date": "9/21/2025" }, "geometry": { "type": "Point", "coordinates": [ -90.24876, 38.56065 ] } },
{ "type": "Feature", "properties": { "NIBRS_cat": "Aggravated Assault", "crime_type": "Person", "latitude": 38.560646, "longitude": -90.248756, "date": "9/21/2025" }, "geometry": { "type": "Point", "coordinates": [ -90.24876, 38.56065 ] } },
{ "type": "Feature", "properties": { "NIBRS_cat": "All Other Offenses", "crime_type": "Unspecified", "latitude": 38.560734, "longitude": -90.247147, "date": "9/13/2025" }, "geometry": { "type": "Point", "coordinates": [ -90.24715, 38.56073 ] } },
{ "type": "Feature", "properties": { "NIBRS_cat": "Stolen Property Offenses", "crime_type": "Property", "latitude": 38.560734, "longitude": -90.247147, "date": "9/13/2025" }, "geometry": { "type": "Point", "coordinates": [ -90.24715, 38.56073 ] } },
{ "type": "Feature", "properties": { "NIBRS_cat": "All Other Offenses", "crime_type": "Unspecified", "latitude": 38.560734, "longitude": -90.247147, "date": "9/13/2025" }, "geometry": { "type": "Point", "coordinates": [ -90.24715, 38.56073 ] } },
{ "type": "Feature", "properties": { "NIBRS_cat": "Stolen Property Offenses", "crime_type": "Property", "latitude": 38.560734, "longitude": -90.247147, "date": "9/13/2025" }, "geometry": { "type": "Point", "coordinates": [ -90.24715, 38.56073 ] } },
{ "type": "Feature", "properties": { "NIBRS_cat": "All Other Offenses", "crime_type": "Unspecified", "latitude": 38.560879, "longitude": -90.246948, "date": "9/1/2025" }, "geometry": { "type": "Point", "coordinates": [ -90.24695, 38.56088 ] } },
{ "type": "Feature", "properties": { "NIBRS_cat": "All Other Offenses", "crime_type": "Unspecified", "latitude": 38.560879, "longitude": -90.247108, "date": "9/7/2025" }, "geometry": { "type": "Point", "coordinates": [ -90.24711, 38.56088 ] } },
{ "type": "Feature", "properties": { "NIBRS_cat": "All Other Offenses", "crime_type": "Unspecified", "latitude": 38.560879, "longitude": -90.247108, "date": "9/7/2025" }, "geometry": { "type": "Point", "coordinates": [ -90.24711, 38.56088 ] } },
{ "type": "Feature", "properties": { "NIBRS_cat": "All Other Offenses", "crime_type": "Unspecified", "latitude": 38.560879, "longitude": -90.246948, "date": "9/1/2025" }, "geometry": { "type": "Point", "coordinates": [ -90.24695, 38.56088 ] } },
{ "type": "Feature", "properties": { "NIBRS_cat": "All Other Larceny", "crime_type": "Property", "latitude": 38.561066, "longitude": -90.249367, "date": "9/9/2025" }, "geometry": { "type": "Point", "coordinates": [ -90.24937, 38.56107 ] } },
{ "type": "Feature", "properties": { "NIBRS_cat": "All Other Larceny", "crime_type": "Property", "latitude": 38.561066, "longitude": -90.249367, "date": "9/6/2025" }, "geometry": { "type": "Point", "coordinates": [ -90.24937, 38.56107 ] } },
{ "type": "Feature", "properties": { "NIBRS_cat": "All Other Larceny", "crime_type": "Property", "latitude": 38.561066, "longitude": -90.249367, "date": "9/6/2025" }, "geometry": { "type": "Point", "coordinates": [ -90.24937, 38.56107 ] } },
{ "type": "Feature", "properties": { "NIBRS_cat": "All Other Larceny", "crime_type": "Property", "latitude": 38.561066, "longitude": -90.249367, "date": "9/9/2025" }, "geometry": { "type": "Point", "coordinates": [ -90.24937, 38.56107 ] } },
{ "type": "Feature", "properties": { "NIBRS_cat": "Trespass of Real Property", "crime_type": "Society", "latitude": 38.561222, "longitude": -90.256897, "date": "9/13/2025" }, "geometry": { "type": "Point", "coordinates": [ -90.2569, 38.56122 ] } },
{ "type": "Feature", "properties": { "NIBRS_cat": "Trespass of Real Property", "crime_type": "Society", "latitude": 38.561222, "longitude": -90.256897, "date": "9/13/2025" }, "geometry": { "type": "Point", "coordinates": [ -90.2569, 38.56122 ] } },
{ "type": "Feature", "properties": { "NIBRS_cat": "Theft From Motor Vehicle Parts/Accessories", "crime_type": "Property", "latitude": 38.561459, "longitude": -90.243782, "date": "9/20/2025" }, "geometry": { "type": "Point", "coordinates": [ -90.24378, 38.56146 ] } },
{ "type": "Feature", "properties": { "NIBRS_cat": "Theft From Motor Vehicle Parts/Accessories", "crime_type": "Property", "latitude": 38.561459, "longitude": -90.243782, "date": "9/20/2025" }, "geometry": { "type": "Point", "coordinates": [ -90.24378, 38.56146 ] } },
{ "type": "Feature", "properties": { "NIBRS_cat": "Weapons Law Violations", "crime_type": "Society", "latitude": 38.561646, "longitude": -90.246117, "date": "9/25/2025" }, "geometry": { "type": "Point", "coordinates": [ -90.24612, 38.56165 ] } },
{ "type": "Feature", "properties": { "NIBRS_cat": "Aggravated Assault", "crime_type": "Person", "latitude": 38.561646, "longitude": -90.246117, "date": "9/25/2025" }, "geometry": { "type": "Point", "coordinates": [ -90.24612, 38.56165 ] } },
{ "type": "Feature", "properties": { "NIBRS_cat": "Weapons Law Violations", "crime_type": "Society", "latitude": 38.561646, "longitude": -90.246117, "date": "9/25/2025" }, "geometry": { "type": "Point", "coordinates": [ -90.24612, 38.56165 ] } },
{ "type": "Feature", "properties": { "NIBRS_cat": "Aggravated Assault", "crime_type": "Person", "latitude": 38.561646, "longitude": -90.246117, "date": "9/25/2025" }, "geometry": { "type": "Point", "coordinates": [ -90.24612, 38.56165 ] } },
{ "type": "Feature", "properties": { "NIBRS_cat": "All Other Offenses", "crime_type": "Unspecified", "latitude": 38.56171, "longitude": -90.244431, "date": "9/26/2025" }, "geometry": { "type": "Point", "coordinates": [ -90.24443, 38.56171 ] } },
{ "type": "Feature", "properties": { "NIBRS_cat": "All Other Offenses", "crime_type": "Unspecified", "latitude": 38.56171, "longitude": -90.244431, "date": "9/26/2025" }, "geometry": { "type": "Point", "coordinates": [ -90.24443, 38.56171 ] } },
{ "type": "Feature", "properties": { "NIBRS_cat": "Drug Equipment Violations", "crime_type": "Society", "latitude": 38.561745, "longitude": -90.243317, "date": "9/8/2025" }, "geometry": { "type": "Point", "coordinates": [ -90.24332, 38.56175 ] } },
{ "type": "Feature", "properties": { "NIBRS_cat": "Drug/Narcotic Violations", "crime_type": "Society", "latitude": 38.561745, "longitude": -90.243317, "date": "9/8/2025" }, "geometry": { "type": "Point", "coordinates": [ -90.24332, 38.56175 ] } },
{ "type": "Feature", "properties": { "NIBRS_cat": "Drug/Narcotic Violations", "crime_type": "Society", "latitude": 38.561745, "longitude": -90.243317, "date": "9/8/2025" }, "geometry": { "type": "Point", "coordinates": [ -90.24332, 38.56175 ] } },
{ "type": "Feature", "properties": { "NIBRS_cat": "Drug Equipment Violations", "crime_type": "Society", "latitude": 38.561745, "longitude": -90.243317, "date": "9/8/2025" }, "geometry": { "type": "Point", "coordinates": [ -90.24332, 38.56175 ] } },
{ "type": "Feature", "properties": { "NIBRS_cat": "All Other Offenses", "crime_type": "Unspecified", "latitude": 38.561745, "longitude": -90.243317, "date": "9/8/2025" }, "geometry": { "type": "Point", "coordinates": [ -90.24332, 38.56175 ] } },
{ "type": "Feature", "properties": { "NIBRS_cat": "All Other Offenses", "crime_type": "Unspecified", "latitude": 38.561745, "longitude": -90.243317, "date": "9/8/2025" }, "geometry": { "type": "Point", "coordinates": [ -90.24332, 38.56175 ] } },
{ "type": "Feature", "properties": { "NIBRS_cat": "Motor Vehicle Theft", "crime_type": "Property", "latitude": 38.561947, "longitude": -90.253418, "date": "9/12/2025" }, "geometry": { "type": "Point", "coordinates": [ -90.25342, 38.56195 ] } },
{ "type": "Feature", "properties": { "NIBRS_cat": "Motor Vehicle Theft", "crime_type": "Property", "latitude": 38.561947, "longitude": -90.253418, "date": "9/12/2025" }, "geometry": { "type": "Point", "coordinates": [ -90.25342, 38.56195 ] } },
{ "type": "Feature", "properties": { "NIBRS_cat": "Murder and Nonnegligent Manslaughter", "crime_type": "Person", "latitude": 38.562073, "longitude": -90.245117, "date": "7/24/2024" }, "geometry": { "type": "Point", "coordinates": [ -90.24512, 38.56207 ] } },
{ "type": "Feature", "properties": { "NIBRS_cat": "Murder and Nonnegligent Manslaughter", "crime_type": "Person", "latitude": 38.562073, "longitude": -90.245117, "date": "7/24/2024" }, "geometry": { "type": "Point", "coordinates": [ -90.24512, 38.56207 ] } },
{ "type": "Feature", "properties": { "NIBRS_cat": "Weapons Law Violations", "crime_type": "Society", "latitude": 38.562309, "longitude": -90.251701, "date": "6/16/2025" }, "geometry": { "type": "Point", "coordinates": [ -90.2517, 38.56231 ] } },
{ "type": "Feature", "properties": { "NIBRS_cat": "Weapons Law Violations", "crime_type": "Society", "latitude": 38.562309, "longitude": -90.251701, "date": "6/16/2025" }, "geometry": { "type": "Point", "coordinates": [ -90.2517, 38.56231 ] } },
{ "type": "Feature", "properties": { "NIBRS_cat": "Destruction/Damage/Vandalism of Property", "crime_type": "Property", "latitude": 38.562492, "longitude": -90.245117, "date": "9/27/2025" }, "geometry": { "type": "Point", "coordinates": [ -90.24512, 38.56249 ] } },
{ "type": "Feature", "properties": { "NIBRS_cat": "Destruction/Damage/Vandalism of Property", "crime_type": "Property", "latitude": 38.562492, "longitude": -90.245117, "date": "9/27/2025" }, "geometry": { "type": "Point", "coordinates": [ -90.24512, 38.56249 ] } },
{ "type": "Feature", "properties": { "NIBRS_cat": "All Other Larceny", "crime_type": "Property", "latitude": 38.56274, "longitude": -90.250877, "date": "9/3/2025" }, "geometry": { "type": "Point", "coordinates": [ -90.25088, 38.56274 ] } },
{ "type": "Feature", "properties": { "NIBRS_cat": "All Other Larceny", "crime_type": "Property", "latitude": 38.56274, "longitude": -90.250877, "date": "9/3/2025" }, "geometry": { "type": "Point", "coordinates": [ -90.25088, 38.56274 ] } },
{ "type": "Feature", "properties": { "NIBRS_cat": "Theft From Motor Vehicle", "crime_type": "Property", "latitude": 38.562862, "longitude": -90.259743, "date": "9/4/2025" }, "geometry": { "type": "Point", "coordinates": [ -90.25974, 38.56286 ] } },
{ "type": "Feature", "properties": { "NIBRS_cat": "Theft From Motor Vehicle", "crime_type": "Property", "latitude": 38.562862, "longitude": -90.259743, "date": "9/4/2025" }, "geometry": { "type": "Point", "coordinates": [ -90.25974, 38.56286 ] } },
{ "type": "Feature", "properties": { "NIBRS_cat": "Destruction/Damage/Vandalism of Property", "crime_type": "Property", "latitude": 38.562862, "longitude": -90.259743, "date": "9/4/2025" }, "geometry": { "type": "Point", "coordinates": [ -90.25974, 38.56286 ] } },
{ "type": "Feature", "properties": { "NIBRS_cat": "Destruction/Damage/Vandalism of Property", "crime_type": "Property", "latitude": 38.562862, "longitude": -90.259743, "date": "9/4/2025" }, "geometry": { "type": "Point", "coordinates": [ -90.25974, 38.56286 ] } },
{ "type": "Feature", "properties": { "NIBRS_cat": "Theft From Motor Vehicle", "crime_type": "Property", "latitude": 38.563198, "longitude": -90.251617, "date": "9/6/2025" }, "geometry": { "type": "Point", "coordinates": [ -90.25162, 38.5632 ] } },
{ "type": "Feature", "properties": { "NIBRS_cat": "Motor Vehicle Theft", "crime_type": "Property", "latitude": 38.563198, "longitude": -90.251617, "date": "9/6/2025" }, "geometry": { "type": "Point", "coordinates": [ -90.25162, 38.5632 ] } },
{ "type": "Feature", "properties": { "NIBRS_cat": "Motor Vehicle Theft", "crime_type": "Property", "latitude": 38.563198, "longitude": -90.251617, "date": "9/6/2025" }, "geometry": { "type": "Point", "coordinates": [ -90.25162, 38.5632 ] } },
{ "type": "Feature", "properties": { "NIBRS_cat": "Theft From Motor Vehicle", "crime_type": "Property", "latitude": 38.563198, "longitude": -90.251617, "date": "9/6/2025" }, "geometry": { "type": "Point", "coordinates": [ -90.25162, 38.5632 ] } },
{ "type": "Feature", "properties": { "NIBRS_cat": "All Other Offenses", "crime_type": "Unspecified", "latitude": 38.563206, "longitude": -90.24144, "date": "7/17/2025" }, "geometry": { "type": "Point", "coordinates": [ -90.24144, 38.56321 ] } },
{ "type": "Feature", "properties": { "NIBRS_cat": "Aggravated Assault", "crime_type": "Person", "latitude": 38.563206, "longitude": -90.24144, "date": "7/17/2025" }, "geometry": { "type": "Point", "coordinates": [ -90.24144, 38.56321 ] } },
{ "type": "Feature", "properties": { "NIBRS_cat": "Aggravated Assault", "crime_type": "Person", "latitude": 38.563206, "longitude": -90.24144, "date": "7/17/2025" }, "geometry": { "type": "Point", "coordinates": [ -90.24144, 38.56321 ] } },
{ "type": "Feature", "properties": { "NIBRS_cat": "All Other Offenses", "crime_type": "Unspecified", "latitude": 38.563206, "longitude": -90.24144, "date": "7/17/2025" }, "geometry": { "type": "Point", "coordinates": [ -90.24144, 38.56321 ] } },
{ "type": "Feature", "properties": { "NIBRS_cat": "Robbery", "crime_type": "Person", "latitude": 38.563206, "longitude": -90.24144, "date": "7/17/2025" }, "geometry": { "type": "Point", "coordinates": [ -90.24144, 38.56321 ] } },
{ "type": "Feature", "properties": { "NIBRS_cat": "Robbery", "crime_type": "Person", "latitude": 38.563206, "longitude": -90.24144, "date": "7/17/2025" }, "geometry": { "type": "Point", "coordinates": [ -90.24144, 38.56321 ] } },
{ "type": "Feature", "properties": { "NIBRS_cat": "Theft From Motor Vehicle", "crime_type": "Property", "latitude": 38.563313, "longitude": -90.24015, "date": "9/24/2025" }, "geometry": { "type": "Point", "coordinates": [ -90.24015, 38.56331 ] } },
{ "type": "Feature", "properties": { "NIBRS_cat": "Destruction/Damage/Vandalism of Property", "crime_type": "Property", "latitude": 38.563313, "longitude": -90.24015, "date": "9/24/2025" }, "geometry": { "type": "Point", "coordinates": [ -90.24015, 38.56331 ] } },
{ "type": "Feature", "properties": { "NIBRS_cat": "Destruction/Damage/Vandalism of Property", "crime_type": "Property", "latitude": 38.563313, "longitude": -90.24015, "date": "9/24/2025" }, "geometry": { "type": "Point", "coordinates": [ -90.24015, 38.56331 ] } },
{ "type": "Feature", "properties": { "NIBRS_cat": "Theft From Motor Vehicle", "crime_type": "Property", "latitude": 38.563313, "longitude": -90.24015, "date": "9/24/2025" }, "geometry": { "type": "Point", "coordinates": [ -90.24015, 38.56331 ] } },
{ "type": "Feature", "properties": { "NIBRS_cat": "Theft From Motor Vehicle Parts/Accessories", "crime_type": "Property", "latitude": 38.563396, "longitude": -90.241959, "date": "9/21/2025" }, "geometry": { "type": "Point", "coordinates": [ -90.24196, 38.5634 ] } },
{ "type": "Feature", "properties": { "NIBRS_cat": "Theft From Motor Vehicle Parts/Accessories", "crime_type": "Property", "latitude": 38.563396, "longitude": -90.241959, "date": "9/21/2025" }, "geometry": { "type": "Point", "coordinates": [ -90.24196, 38.5634 ] } },
{ "type": "Feature", "properties": { "NIBRS_cat": "Motor Vehicle Theft", "crime_type": "Property", "latitude": 38.563446, "longitude": -90.250252, "date": "9/3/2025" }, "geometry": { "type": "Point", "coordinates": [ -90.25025, 38.56345 ] } },
{ "type": "Feature", "properties": { "NIBRS_cat": "Motor Vehicle Theft", "crime_type": "Property", "latitude": 38.563446, "longitude": -90.250252, "date": "9/3/2025" }, "geometry": { "type": "Point", "coordinates": [ -90.25025, 38.56345 ] } },
{ "type": "Feature", "properties": { "NIBRS_cat": "Murder and Nonnegligent Manslaughter", "crime_type": "Person", "latitude": 38.563572, "longitude": -90.242302, "date": "7/29/2025" }, "geometry": { "type": "Point", "coordinates": [ -90.2423, 38.56357 ] } },
{ "type": "Feature", "properties": { "NIBRS_cat": "Murder and Nonnegligent Manslaughter", "crime_type": "Person", "latitude": 38.563572, "longitude": -90.242302, "date": "7/29/2025" }, "geometry": { "type": "Point", "coordinates": [ -90.2423, 38.56357 ] } },
{ "type": "Feature", "properties": { "NIBRS_cat": "Theft From Motor Vehicle", "crime_type": "Property", "latitude": 38.563927, "longitude": -90.255325, "date": "9/2/2025" }, "geometry": { "type": "Point", "coordinates": [ -90.25532, 38.56393 ] } },
{ "type": "Feature", "properties": { "NIBRS_cat": "Theft From Motor Vehicle", "crime_type": "Property", "latitude": 38.563927, "longitude": -90.255325, "date": "9/2/2025" }, "geometry": { "type": "Point", "coordinates": [ -90.25532, 38.56393 ] } },
{ "type": "Feature", "properties": { "NIBRS_cat": "Destruction/Damage/Vandalism of Property", "crime_type": "Property", "latitude": 38.563927, "longitude": -90.255325, "date": "9/2/2025" }, "geometry": { "type": "Point", "coordinates": [ -90.25532, 38.56393 ] } },
{ "type": "Feature", "properties": { "NIBRS_cat": "Destruction/Damage/Vandalism of Property", "crime_type": "Property", "latitude": 38.563927, "longitude": -90.255325, "date": "9/2/2025" }, "geometry": { "type": "Point", "coordinates": [ -90.25532, 38.56393 ] } },
{ "type": "Feature", "properties": { "NIBRS_cat": "Aggravated Assault", "crime_type": "Person", "latitude": 38.564175, "longitude": -90.246887, "date": "9/15/2025" }, "geometry": { "type": "Point", "coordinates": [ -90.24689, 38.56417 ] } },
{ "type": "Feature", "properties": { "NIBRS_cat": "Aggravated Assault", "crime_type": "Person", "latitude": 38.564175, "longitude": -90.246887, "date": "9/15/2025" }, "geometry": { "type": "Point", "coordinates": [ -90.24689, 38.56417 ] } },
{ "type": "Feature", "properties": { "NIBRS_cat": "Motor Vehicle Theft", "crime_type": "Property", "latitude": 38.564217, "longitude": -90.253548, "date": "9/21/2025" }, "geometry": { "type": "Point", "coordinates": [ -90.25355, 38.56422 ] } },
{ "type": "Feature", "properties": { "NIBRS_cat": "Motor Vehicle Theft", "crime_type": "Property", "latitude": 38.564217, "longitude": -90.253548, "date": "9/21/2025" }, "geometry": { "type": "Point", "coordinates": [ -90.25355, 38.56422 ] } },
{ "type": "Feature", "properties": { "NIBRS_cat": "Theft From Building", "crime_type": "Property", "latitude": 38.564327, "longitude": -90.257767, "date": "9/21/2025" }, "geometry": { "type": "Point", "coordinates": [ -90.25777, 38.56433 ] } },
{ "type": "Feature", "properties": { "NIBRS_cat": "Theft From Building", "crime_type": "Property", "latitude": 38.564327, "longitude": -90.257767, "date": "9/21/2025" }, "geometry": { "type": "Point", "coordinates": [ -90.25777, 38.56433 ] } },
{ "type": "Feature", "properties": { "NIBRS_cat": "Shoplifting", "crime_type": "Property", "latitude": 38.564346, "longitude": -90.259506, "date": "9/18/2025" }, "geometry": { "type": "Point", "coordinates": [ -90.25951, 38.56435 ] } },
{ "type": "Feature", "properties": { "NIBRS_cat": "Trespass of Real Property", "crime_type": "Society", "latitude": 38.564346, "longitude": -90.259506, "date": "8/31/2025" }, "geometry": { "type": "Point", "coordinates": [ -90.25951, 38.56435 ] } },
{ "type": "Feature", "properties": { "NIBRS_cat": "Simple Assault", "crime_type": "Person", "latitude": 38.564346, "longitude": -90.259506, "date": "8/31/2025" }, "geometry": { "type": "Point", "coordinates": [ -90.25951, 38.56435 ] } },
{ "type": "Feature", "properties": { "NIBRS_cat": "Shoplifting", "crime_type": "Property", "latitude": 38.564346, "longitude": -90.259506, "date": "9/18/2025" }, "geometry": { "type": "Point", "coordinates": [ -90.25951, 38.56435 ] } },
{ "type": "Feature", "properties": { "NIBRS_cat": "Simple Assault", "crime_type": "Person", "latitude": 38.564346, "longitude": -90.259506, "date": "8/31/2025" }, "geometry": { "type": "Point", "coordinates": [ -90.25951, 38.56435 ] } },
{ "type": "Feature", "properties": { "NIBRS_cat": "Trespass of Real Property", "crime_type": "Society", "latitude": 38.564346, "longitude": -90.259506, "date": "8/31/2025" }, "geometry": { "type": "Point", "coordinates": [ -90.25951, 38.56435 ] } },
{ "type": "Feature", "properties": { "NIBRS_cat": "Motor Vehicle Theft", "crime_type": "Property", "latitude": 38.564381, "longitude": -90.258461, "date": "9/5/2025" }, "geometry": { "type": "Point", "coordinates": [ -90.25846, 38.56438 ] } },
{ "type": "Feature", "properties": { "NIBRS_cat": "Motor Vehicle Theft", "crime_type": "Property", "latitude": 38.564381, "longitude": -90.258461, "date": "9/5/2025" }, "geometry": { "type": "Point", "coordinates": [ -90.25846, 38.56438 ] } },
{ "type": "Feature", "properties": { "NIBRS_cat": "Destruction/Damage/Vandalism of Property", "crime_type": "Property", "latitude": 38.564468, "longitude": -90.256836, "date": "9/19/2025" }, "geometry": { "type": "Point", "coordinates": [ -90.25684, 38.56447 ] } },
{ "type": "Feature", "properties": { "NIBRS_cat": "Destruction/Damage/Vandalism of Property", "crime_type": "Property", "latitude": 38.564468, "longitude": -90.256836, "date": "9/19/2025" }, "geometry": { "type": "Point", "coordinates": [ -90.25684, 38.56447 ] } },
{ "type": "Feature", "properties": { "NIBRS_cat": "Destruction/Damage/Vandalism of Property", "crime_type": "Property", "latitude": 38.564541, "longitude": -90.255394, "date": "9/2/2025" }, "geometry": { "type": "Point", "coordinates": [ -90.25539, 38.56454 ] } },
{ "type": "Feature", "properties": { "NIBRS_cat": "Theft From Motor Vehicle", "crime_type": "Property", "latitude": 38.564541, "longitude": -90.255394, "date": "9/2/2025" }, "geometry": { "type": "Point", "coordinates": [ -90.25539, 38.56454 ] } },
{ "type": "Feature", "properties": { "NIBRS_cat": "Theft From Motor Vehicle", "crime_type": "Property", "latitude": 38.564541, "longitude": -90.255394, "date": "9/2/2025" }, "geometry": { "type": "Point", "coordinates": [ -90.25539, 38.56454 ] } },
{ "type": "Feature", "properties": { "NIBRS_cat": "Destruction/Damage/Vandalism of Property", "crime_type": "Property", "latitude": 38.564541, "longitude": -90.255394, "date": "9/2/2025" }, "geometry": { "type": "Point", "coordinates": [ -90.25539, 38.56454 ] } },
{ "type": "Feature", "properties": { "NIBRS_cat": "Trespass of Real Property", "crime_type": "Society", "latitude": 38.564568, "longitude": -90.255463, "date": "9/20/2025" }, "geometry": { "type": "Point", "coordinates": [ -90.25546, 38.56457 ] } },
{ "type": "Feature", "properties": { "NIBRS_cat": "Motor Vehicle Theft", "crime_type": "Property", "latitude": 38.564568, "longitude": -90.255463, "date": "9/19/2025" }, "geometry": { "type": "Point", "coordinates": [ -90.25546, 38.56457 ] } },
{ "type": "Feature", "properties": { "NIBRS_cat": "Motor Vehicle Theft", "crime_type": "Property", "latitude": 38.564568, "longitude": -90.255463, "date": "9/19/2025" }, "geometry": { "type": "Point", "coordinates": [ -90.25546, 38.56457 ] } },
{ "type": "Feature", "properties": { "NIBRS_cat": "Trespass of Real Property", "crime_type": "Society", "latitude": 38.564568, "longitude": -90.255463, "date": "9/20/2025" }, "geometry": { "type": "Point", "coordinates": [ -90.25546, 38.56457 ] } },
{ "type": "Feature", "properties": { "NIBRS_cat": "Disorderly Conduct", "crime_type": "Society", "latitude": 38.564693, "longitude": -90.245911, "date": "9/18/2025" }, "geometry": { "type": "Point", "coordinates": [ -90.24591, 38.56469 ] } },
{ "type": "Feature", "properties": { "NIBRS_cat": "Simple Assault", "crime_type": "Person", "latitude": 38.564693, "longitude": -90.245911, "date": "8/31/2025" }, "geometry": { "type": "Point", "coordinates": [ -90.24591, 38.56469 ] } },
{ "type": "Feature", "properties": { "NIBRS_cat": "Burglary/Breaking and Entering", "crime_type": "Property", "latitude": 38.564693, "longitude": -90.245911, "date": "8/31/2025" }, "geometry": { "type": "Point", "coordinates": [ -90.24591, 38.56469 ] } },
{ "type": "Feature", "properties": { "NIBRS_cat": "Burglary/Breaking and Entering", "crime_type": "Property", "latitude": 38.564693, "longitude": -90.245911, "date": "8/31/2025" }, "geometry": { "type": "Point", "coordinates": [ -90.24591, 38.56469 ] } },
{ "type": "Feature", "properties": { "NIBRS_cat": "Disorderly Conduct", "crime_type": "Society", "latitude": 38.564693, "longitude": -90.245911, "date": "9/18/2025" }, "geometry": { "type": "Point", "coordinates": [ -90.24591, 38.56469 ] } },
{ "type": "Feature", "properties": { "NIBRS_cat": "Simple Assault", "crime_type": "Person", "latitude": 38.564693, "longitude": -90.245911, "date": "8/31/2025" }, "geometry": { "type": "Point", "coordinates": [ -90.24591, 38.56469 ] } },
{ "type": "Feature", "properties": { "NIBRS_cat": "Motor Vehicle Theft", "crime_type": "Property", "latitude": 38.564816, "longitude": -90.256073, "date": "9/3/2025" }, "geometry": { "type": "Point", "coordinates": [ -90.25607, 38.56482 ] } },
{ "type": "Feature", "properties": { "NIBRS_cat": "Motor Vehicle Theft", "crime_type": "Property", "latitude": 38.564816, "longitude": -90.256073, "date": "9/3/2025" }, "geometry": { "type": "Point", "coordinates": [ -90.25607, 38.56482 ] } },
{ "type": "Feature", "properties": { "NIBRS_cat": "Simple Assault", "crime_type": "Person", "latitude": 38.564995, "longitude": -90.240723, "date": "9/15/2025" }, "geometry": { "type": "Point", "coordinates": [ -90.24072, 38.565 ] } },
{ "type": "Feature", "properties": { "NIBRS_cat": "Simple Assault", "crime_type": "Person", "latitude": 38.564995, "longitude": -90.240723, "date": "9/15/2025" }, "geometry": { "type": "Point", "coordinates": [ -90.24072, 38.565 ] } },
{ "type": "Feature", "properties": { "NIBRS_cat": "Motor Vehicle Theft", "crime_type": "Property", "latitude": 38.5653, "longitude": -90.259087, "date": "9/19/2025" }, "geometry": { "type": "Point", "coordinates": [ -90.25909, 38.5653 ] } },
{ "type": "Feature", "properties": { "NIBRS_cat": "Motor Vehicle Theft", "crime_type": "Property", "latitude": 38.5653, "longitude": -90.259087, "date": "9/19/2025" }, "geometry": { "type": "Point", "coordinates": [ -90.25909, 38.5653 ] } },
{ "type": "Feature", "properties": { "NIBRS_cat": "Theft From Motor Vehicle", "crime_type": "Property", "latitude": 38.565346, "longitude": -90.244087, "date": "9/16/2025" }, "geometry": { "type": "Point", "coordinates": [ -90.24409, 38.56535 ] } },
{ "type": "Feature", "properties": { "NIBRS_cat": "Theft From Motor Vehicle", "crime_type": "Property", "latitude": 38.565346, "longitude": -90.244087, "date": "9/16/2025" }, "geometry": { "type": "Point", "coordinates": [ -90.24409, 38.56535 ] } },
{ "type": "Feature", "properties": { "NIBRS_cat": "Aggravated Assault", "crime_type": "Person", "latitude": 38.565575, "longitude": -90.243896, "date": "9/25/2025" }, "geometry": { "type": "Point", "coordinates": [ -90.2439, 38.56558 ] } },
{ "type": "Feature", "properties": { "NIBRS_cat": "Aggravated Assault", "crime_type": "Person", "latitude": 38.565575, "longitude": -90.243896, "date": "9/25/2025" }, "geometry": { "type": "Point", "coordinates": [ -90.2439, 38.56558 ] } },
{ "type": "Feature", "properties": { "NIBRS_cat": "Theft From Motor Vehicle", "crime_type": "Property", "latitude": 38.56559, "longitude": -90.256325, "date": "9/8/2025" }, "geometry": { "type": "Point", "coordinates": [ -90.25633, 38.56559 ] } },
{ "type": "Feature", "properties": { "NIBRS_cat": "Theft From Motor Vehicle", "crime_type": "Property", "latitude": 38.56559, "longitude": -90.256325, "date": "9/8/2025" }, "geometry": { "type": "Point", "coordinates": [ -90.25633, 38.56559 ] } },
{ "type": "Feature", "properties": { "NIBRS_cat": "Weapons Law Violations", "crime_type": "Society", "latitude": 38.565735, "longitude": -90.245552, "date": "9/12/2025" }, "geometry": { "type": "Point", "coordinates": [ -90.24555, 38.56573 ] } },
{ "type": "Feature", "properties": { "NIBRS_cat": "Weapons Law Violations", "crime_type": "Society", "latitude": 38.565735, "longitude": -90.245552, "date": "9/12/2025" }, "geometry": { "type": "Point", "coordinates": [ -90.24555, 38.56573 ] } },
{ "type": "Feature", "properties": { "NIBRS_cat": "Motor Vehicle Theft", "crime_type": "Property", "latitude": 38.565914, "longitude": -90.258186, "date": "9/4/2025" }, "geometry": { "type": "Point", "coordinates": [ -90.25819, 38.56591 ] } },
{ "type": "Feature", "properties": { "NIBRS_cat": "Motor Vehicle Theft", "crime_type": "Property", "latitude": 38.565914, "longitude": -90.258186, "date": "9/4/2025" }, "geometry": { "type": "Point", "coordinates": [ -90.25819, 38.56591 ] } },
{ "type": "Feature", "properties": { "NIBRS_cat": "Theft From Motor Vehicle", "crime_type": "Property", "latitude": 38.565975, "longitude": -90.244324, "date": "9/20/2025" }, "geometry": { "type": "Point", "coordinates": [ -90.24432, 38.56598 ] } },
{ "type": "Feature", "properties": { "NIBRS_cat": "Theft From Motor Vehicle", "crime_type": "Property", "latitude": 38.565975, "longitude": -90.244324, "date": "9/20/2025" }, "geometry": { "type": "Point", "coordinates": [ -90.24432, 38.56598 ] } },
{ "type": "Feature", "properties": { "NIBRS_cat": "Theft From Motor Vehicle Parts/Accessories", "crime_type": "Property", "latitude": 38.566013, "longitude": -90.246597, "date": "9/5/2025" }, "geometry": { "type": "Point", "coordinates": [ -90.2466, 38.56601 ] } },
{ "type": "Feature", "properties": { "NIBRS_cat": "Theft From Motor Vehicle Parts/Accessories", "crime_type": "Property", "latitude": 38.566013, "longitude": -90.246597, "date": "9/5/2025" }, "geometry": { "type": "Point", "coordinates": [ -90.2466, 38.56601 ] } },
{ "type": "Feature", "properties": { "NIBRS_cat": "Weapons Law Violations", "crime_type": "Society", "latitude": 38.566185, "longitude": -90.242851, "date": "9/19/2025" }, "geometry": { "type": "Point", "coordinates": [ -90.24285, 38.56618 ] } },
{ "type": "Feature", "properties": { "NIBRS_cat": "Theft From Motor Vehicle", "crime_type": "Property", "latitude": 38.566185, "longitude": -90.25547, "date": "9/5/2025" }, "geometry": { "type": "Point", "coordinates": [ -90.25547, 38.56618 ] } },
{ "type": "Feature", "properties": { "NIBRS_cat": "Weapons Law Violations", "crime_type": "Society", "latitude": 38.566185, "longitude": -90.242851, "date": "9/19/2025" }, "geometry": { "type": "Point", "coordinates": [ -90.24285, 38.56618 ] } },
{ "type": "Feature", "properties": { "NIBRS_cat": "Motor Vehicle Theft", "crime_type": "Property", "latitude": 38.566185, "longitude": -90.25547, "date": "9/5/2025" }, "geometry": { "type": "Point", "coordinates": [ -90.25547, 38.56618 ] } },
{ "type": "Feature", "properties": { "NIBRS_cat": "Motor Vehicle Theft", "crime_type": "Property", "latitude": 38.566185, "longitude": -90.25547, "date": "9/5/2025" }, "geometry": { "type": "Point", "coordinates": [ -90.25547, 38.56618 ] } },
{ "type": "Feature", "properties": { "NIBRS_cat": "Theft From Motor Vehicle", "crime_type": "Property", "latitude": 38.566185, "longitude": -90.25547, "date": "9/5/2025" }, "geometry": { "type": "Point", "coordinates": [ -90.25547, 38.56618 ] } },
{ "type": "Feature", "properties": { "NIBRS_cat": "All Other Offenses", "crime_type": "Unspecified", "latitude": 38.5662, "longitude": -90.248459, "date": "9/16/2025" }, "geometry": { "type": "Point", "coordinates": [ -90.24846, 38.5662 ] } },
{ "type": "Feature", "properties": { "NIBRS_cat": "All Other Offenses", "crime_type": "Unspecified", "latitude": 38.5662, "longitude": -90.248459, "date": "9/16/2025" }, "geometry": { "type": "Point", "coordinates": [ -90.24846, 38.5662 ] } },
{ "type": "Feature", "properties": { "NIBRS_cat": "All Other Offenses", "crime_type": "Unspecified", "latitude": 38.5662, "longitude": -90.248459, "date": "9/16/2025" }, "geometry": { "type": "Point", "coordinates": [ -90.24846, 38.5662 ] } },
{ "type": "Feature", "properties": { "NIBRS_cat": "All Other Offenses", "crime_type": "Unspecified", "latitude": 38.5662, "longitude": -90.248459, "date": "9/16/2025" }, "geometry": { "type": "Point", "coordinates": [ -90.24846, 38.5662 ] } },
{ "type": "Feature", "properties": { "NIBRS_cat": "Destruction/Damage/Vandalism of Property", "crime_type": "Property", "latitude": 38.566376, "longitude": -90.237534, "date": "9/24/2025" }, "geometry": { "type": "Point", "coordinates": [ -90.23753, 38.56638 ] } },
{ "type": "Feature", "properties": { "NIBRS_cat": "Destruction/Damage/Vandalism of Property", "crime_type": "Property", "latitude": 38.566376, "longitude": -90.237534, "date": "9/24/2025" }, "geometry": { "type": "Point", "coordinates": [ -90.23753, 38.56638 ] } },
{ "type": "Feature", "properties": { "NIBRS_cat": "Theft From Motor Vehicle", "crime_type": "Property", "latitude": 38.566376, "longitude": -90.237534, "date": "9/24/2025" }, "geometry": { "type": "Point", "coordinates": [ -90.23753, 38.56638 ] } },
{ "type": "Feature", "properties": { "NIBRS_cat": "Theft From Motor Vehicle", "crime_type": "Property", "latitude": 38.566376, "longitude": -90.237534, "date": "9/24/2025" }, "geometry": { "type": "Point", "coordinates": [ -90.23753, 38.56638 ] } },
{ "type": "Feature", "properties": { "NIBRS_cat": "Destruction/Damage/Vandalism of Property", "crime_type": "Property", "latitude": 38.56638, "longitude": -90.247192, "date": "1/12/2025" }, "geometry": { "type": "Point", "coordinates": [ -90.24719, 38.56638 ] } },
{ "type": "Feature", "properties": { "NIBRS_cat": "Simple Assault", "crime_type": "Person", "latitude": 38.56638, "longitude": -90.247192, "date": "1/12/2025" }, "geometry": { "type": "Point", "coordinates": [ -90.24719, 38.56638 ] } },
{ "type": "Feature", "properties": { "NIBRS_cat": "Simple Assault", "crime_type": "Person", "latitude": 38.56638, "longitude": -90.247192, "date": "1/12/2025" }, "geometry": { "type": "Point", "coordinates": [ -90.24719, 38.56638 ] } },
{ "type": "Feature", "properties": { "NIBRS_cat": "Destruction/Damage/Vandalism of Property", "crime_type": "Property", "latitude": 38.56638, "longitude": -90.247192, "date": "1/12/2025" }, "geometry": { "type": "Point", "coordinates": [ -90.24719, 38.56638 ] } },
{ "type": "Feature", "properties": { "NIBRS_cat": "Disorderly Conduct", "crime_type": "Society", "latitude": 38.566765, "longitude": -90.245308, "date": "9/30/2025" }, "geometry": { "type": "Point", "coordinates": [ -90.24531, 38.56676 ] } },
{ "type": "Feature", "properties": { "NIBRS_cat": "Disorderly Conduct", "crime_type": "Society", "latitude": 38.566765, "longitude": -90.245308, "date": "9/30/2025" }, "geometry": { "type": "Point", "coordinates": [ -90.24531, 38.56676 ] } },
{ "type": "Feature", "properties": { "NIBRS_cat": "Simple Assault", "crime_type": "Person", "latitude": 38.566776, "longitude": -90.246422, "date": "8/30/2025" }, "geometry": { "type": "Point", "coordinates": [ -90.24642, 38.56678 ] } },
{ "type": "Feature", "properties": { "NIBRS_cat": "Simple Assault", "crime_type": "Person", "latitude": 38.566776, "longitude": -90.246422, "date": "8/30/2025" }, "geometry": { "type": "Point", "coordinates": [ -90.24642, 38.56678 ] } },
{ "type": "Feature", "properties": { "NIBRS_cat": "Simple Assault", "crime_type": "Person", "latitude": 38.566776, "longitude": -90.246422, "date": "8/30/2025" }, "geometry": { "type": "Point", "coordinates": [ -90.24642, 38.56678 ] } },
{ "type": "Feature", "properties": { "NIBRS_cat": "Simple Assault", "crime_type": "Person", "latitude": 38.566776, "longitude": -90.246422, "date": "8/30/2025" }, "geometry": { "type": "Point", "coordinates": [ -90.24642, 38.56678 ] } },
{ "type": "Feature", "properties": { "NIBRS_cat": "Simple Assault", "crime_type": "Person", "latitude": 38.566776, "longitude": -90.246422, "date": "8/30/2025" }, "geometry": { "type": "Point", "coordinates": [ -90.24642, 38.56678 ] } },
{ "type": "Feature", "properties": { "NIBRS_cat": "Disorderly Conduct", "crime_type": "Society", "latitude": 38.566776, "longitude": -90.246422, "date": "8/30/2025" }, "geometry": { "type": "Point", "coordinates": [ -90.24642, 38.56678 ] } },
{ "type": "Feature", "properties": { "NIBRS_cat": "Simple Assault", "crime_type": "Person", "latitude": 38.566776, "longitude": -90.246422, "date": "8/30/2025" }, "geometry": { "type": "Point", "coordinates": [ -90.24642, 38.56678 ] } },
{ "type": "Feature", "properties": { "NIBRS_cat": "Disorderly Conduct", "crime_type": "Society", "latitude": 38.566776, "longitude": -90.246422, "date": "8/30/2025" }, "geometry": { "type": "Point", "coordinates": [ -90.24642, 38.56678 ] } },
{ "type": "Feature", "properties": { "NIBRS_cat": "Trespass of Real Property", "crime_type": "Society", "latitude": 38.566971, "longitude": -90.23822, "date": "9/16/2025" }, "geometry": { "type": "Point", "coordinates": [ -90.23822, 38.56697 ] } },
{ "type": "Feature", "properties": { "NIBRS_cat": "All Other Offenses", "crime_type": "Unspecified", "latitude": 38.566971, "longitude": -90.23822, "date": "9/16/2025" }, "geometry": { "type": "Point", "coordinates": [ -90.23822, 38.56697 ] } },
{ "type": "Feature", "properties": { "NIBRS_cat": "All Other Offenses", "crime_type": "Unspecified", "latitude": 38.566971, "longitude": -90.23822, "date": "9/16/2025" }, "geometry": { "type": "Point", "coordinates": [ -90.23822, 38.56697 ] } },
{ "type": "Feature", "properties": { "NIBRS_cat": "All Other Offenses", "crime_type": "Unspecified", "latitude": 38.566971, "longitude": -90.23822, "date": "9/16/2025" }, "geometry": { "type": "Point", "coordinates": [ -90.23822, 38.56697 ] } },
{ "type": "Feature", "properties": { "NIBRS_cat": "Trespass of Real Property", "crime_type": "Society", "latitude": 38.566971, "longitude": -90.23822, "date": "9/16/2025" }, "geometry": { "type": "Point", "coordinates": [ -90.23822, 38.56697 ] } },
{ "type": "Feature", "properties": { "NIBRS_cat": "All Other Offenses", "crime_type": "Unspecified", "latitude": 38.566971, "longitude": -90.23822, "date": "9/16/2025" }, "geometry": { "type": "Point", "coordinates": [ -90.23822, 38.56697 ] } },
{ "type": "Feature", "properties": { "NIBRS_cat": "Theft From Motor Vehicle", "crime_type": "Property", "latitude": 38.566978, "longitude": -90.260826, "date": "9/4/2025" }, "geometry": { "type": "Point", "coordinates": [ -90.26083, 38.56698 ] } },
{ "type": "Feature", "properties": { "NIBRS_cat": "Theft From Motor Vehicle", "crime_type": "Property", "latitude": 38.566978, "longitude": -90.260826, "date": "9/4/2025" }, "geometry": { "type": "Point", "coordinates": [ -90.26083, 38.56698 ] } },
{ "type": "Feature", "properties": { "NIBRS_cat": "Theft From Motor Vehicle", "crime_type": "Property", "latitude": 38.567177, "longitude": -90.263794, "date": "9/4/2025" }, "geometry": { "type": "Point", "coordinates": [ -90.26379, 38.56718 ] } },
{ "type": "Feature", "properties": { "NIBRS_cat": "Theft From Motor Vehicle", "crime_type": "Property", "latitude": 38.567177, "longitude": -90.263794, "date": "9/4/2025" }, "geometry": { "type": "Point", "coordinates": [ -90.26379, 38.56718 ] } },
{ "type": "Feature", "properties": { "NIBRS_cat": "Motor Vehicle Theft", "crime_type": "Property", "latitude": 38.567177, "longitude": -90.263794, "date": "9/4/2025" }, "geometry": { "type": "Point", "coordinates": [ -90.26379, 38.56718 ] } },
{ "type": "Feature", "properties": { "NIBRS_cat": "Motor Vehicle Theft", "crime_type": "Property", "latitude": 38.567177, "longitude": -90.263794, "date": "9/4/2025" }, "geometry": { "type": "Point", "coordinates": [ -90.26379, 38.56718 ] } },
{ "type": "Feature", "properties": { "NIBRS_cat": "Destruction/Damage/Vandalism of Property", "crime_type": "Property", "latitude": 38.56741, "longitude": -90.242683, "date": "9/7/2025" }, "geometry": { "type": "Point", "coordinates": [ -90.24268, 38.56741 ] } },
{ "type": "Feature", "properties": { "NIBRS_cat": "Destruction/Damage/Vandalism of Property", "crime_type": "Property", "latitude": 38.56741, "longitude": -90.242683, "date": "9/7/2025" }, "geometry": { "type": "Point", "coordinates": [ -90.24268, 38.56741 ] } },
{ "type": "Feature", "properties": { "NIBRS_cat": "Destruction/Damage/Vandalism of Property", "crime_type": "Property", "latitude": 38.567459, "longitude": -90.241844, "date": "9/7/2025" }, "geometry": { "type": "Point", "coordinates": [ -90.24184, 38.56746 ] } },
{ "type": "Feature", "properties": { "NIBRS_cat": "Destruction/Damage/Vandalism of Property", "crime_type": "Property", "latitude": 38.567459, "longitude": -90.241844, "date": "9/7/2025" }, "geometry": { "type": "Point", "coordinates": [ -90.24184, 38.56746 ] } },
{ "type": "Feature", "properties": { "NIBRS_cat": "Weapons Law Violations", "crime_type": "Society", "latitude": 38.567482, "longitude": -90.248108, "date": "9/28/2025" }, "geometry": { "type": "Point", "coordinates": [ -90.24811, 38.56748 ] } },
{ "type": "Feature", "properties": { "NIBRS_cat": "Weapons Law Violations", "crime_type": "Society", "latitude": 38.567482, "longitude": -90.248108, "date": "9/28/2025" }, "geometry": { "type": "Point", "coordinates": [ -90.24811, 38.56748 ] } },
{ "type": "Feature", "properties": { "NIBRS_cat": "Destruction/Damage/Vandalism of Property", "crime_type": "Property", "latitude": 38.567574, "longitude": -90.2379, "date": "9/15/2025" }, "geometry": { "type": "Point", "coordinates": [ -90.2379, 38.56757 ] } },
{ "type": "Feature", "properties": { "NIBRS_cat": "Destruction/Damage/Vandalism of Property", "crime_type": "Property", "latitude": 38.567574, "longitude": -90.2379, "date": "9/15/2025" }, "geometry": { "type": "Point", "coordinates": [ -90.2379, 38.56757 ] } },
{ "type": "Feature", "properties": { "NIBRS_cat": "Motor Vehicle Theft", "crime_type": "Property", "latitude": 38.567596, "longitude": -90.237885, "date": "9/14/2025" }, "geometry": { "type": "Point", "coordinates": [ -90.23789, 38.5676 ] } },
{ "type": "Feature", "properties": { "NIBRS_cat": "Motor Vehicle Theft", "crime_type": "Property", "latitude": 38.567596, "longitude": -90.237885, "date": "9/14/2025" }, "geometry": { "type": "Point", "coordinates": [ -90.23789, 38.5676 ] } },
{ "type": "Feature", "properties": { "NIBRS_cat": "Theft From Motor Vehicle", "crime_type": "Property", "latitude": 38.567627, "longitude": -90.26873, "date": "9/4/2025" }, "geometry": { "type": "Point", "coordinates": [ -90.26873, 38.56763 ] } },
{ "type": "Feature", "properties": { "NIBRS_cat": "Theft From Motor Vehicle", "crime_type": "Property", "latitude": 38.567627, "longitude": -90.26873, "date": "9/4/2025" }, "geometry": { "type": "Point", "coordinates": [ -90.26873, 38.56763 ] } },
{ "type": "Feature", "properties": { "NIBRS_cat": "Destruction/Damage/Vandalism of Property", "crime_type": "Property", "latitude": 38.567627, "longitude": -90.26873, "date": "9/4/2025" }, "geometry": { "type": "Point", "coordinates": [ -90.26873, 38.56763 ] } },
{ "type": "Feature", "properties": { "NIBRS_cat": "Destruction/Damage/Vandalism of Property", "crime_type": "Property", "latitude": 38.567627, "longitude": -90.26873, "date": "9/4/2025" }, "geometry": { "type": "Point", "coordinates": [ -90.26873, 38.56763 ] } },
{ "type": "Feature", "properties": { "NIBRS_cat": "Motor Vehicle Theft", "crime_type": "Property", "latitude": 38.567654, "longitude": -90.241982, "date": "9/7/2025" }, "geometry": { "type": "Point", "coordinates": [ -90.24198, 38.56765 ] } },
{ "type": "Feature", "properties": { "NIBRS_cat": "Motor Vehicle Theft", "crime_type": "Property", "latitude": 38.567654, "longitude": -90.241982, "date": "9/7/2025" }, "geometry": { "type": "Point", "coordinates": [ -90.24198, 38.56765 ] } },
{ "type": "Feature", "properties": { "NIBRS_cat": "Theft From Motor Vehicle", "crime_type": "Property", "latitude": 38.567707, "longitude": -90.258202, "date": "9/3/2025" }, "geometry": { "type": "Point", "coordinates": [ -90.2582, 38.56771 ] } },
{ "type": "Feature", "properties": { "NIBRS_cat": "Destruction/Damage/Vandalism of Property", "crime_type": "Property", "latitude": 38.567707, "longitude": -90.258202, "date": "9/3/2025" }, "geometry": { "type": "Point", "coordinates": [ -90.2582, 38.56771 ] } },
{ "type": "Feature", "properties": { "NIBRS_cat": "Destruction/Damage/Vandalism of Property", "crime_type": "Property", "latitude": 38.567707, "longitude": -90.258202, "date": "9/3/2025" }, "geometry": { "type": "Point", "coordinates": [ -90.2582, 38.56771 ] } },
{ "type": "Feature", "properties": { "NIBRS_cat": "Theft From Motor Vehicle", "crime_type": "Property", "latitude": 38.567707, "longitude": -90.258202, "date": "9/3/2025" }, "geometry": { "type": "Point", "coordinates": [ -90.2582, 38.56771 ] } },
{ "type": "Feature", "properties": { "NIBRS_cat": "Destruction/Damage/Vandalism of Property", "crime_type": "Property", "latitude": 38.567825, "longitude": -90.268456, "date": "9/5/2025" }, "geometry": { "type": "Point", "coordinates": [ -90.26846, 38.56782 ] } },
{ "type": "Feature", "properties": { "NIBRS_cat": "Destruction/Damage/Vandalism of Property", "crime_type": "Property", "latitude": 38.567825, "longitude": -90.268456, "date": "9/5/2025" }, "geometry": { "type": "Point", "coordinates": [ -90.26846, 38.56782 ] } },
{ "type": "Feature", "properties": { "NIBRS_cat": "Burglary/Breaking and Entering", "crime_type": "Property", "latitude": 38.56805, "longitude": -90.254608, "date": "9/18/2025" }, "geometry": { "type": "Point", "coordinates": [ -90.25461, 38.56805 ] } },
{ "type": "Feature", "properties": { "NIBRS_cat": "Burglary/Breaking and Entering", "crime_type": "Property", "latitude": 38.56805, "longitude": -90.254608, "date": "9/18/2025" }, "geometry": { "type": "Point", "coordinates": [ -90.25461, 38.56805 ] } },
{ "type": "Feature", "properties": { "NIBRS_cat": "Simple Assault", "crime_type": "Person", "latitude": 38.568123, "longitude": -90.249756, "date": "8/5/2025" }, "geometry": { "type": "Point", "coordinates": [ -90.24976, 38.56812 ] } },
{ "type": "Feature", "properties": { "NIBRS_cat": "Simple Assault", "crime_type": "Person", "latitude": 38.568123, "longitude": -90.249756, "date": "8/5/2025" }, "geometry": { "type": "Point", "coordinates": [ -90.24976, 38.56812 ] } },
{ "type": "Feature", "properties": { "NIBRS_cat": "Theft From Motor Vehicle", "crime_type": "Property", "latitude": 38.568153, "longitude": -90.24984, "date": "9/20/2025" }, "geometry": { "type": "Point", "coordinates": [ -90.24984, 38.56815 ] } },
{ "type": "Feature", "properties": { "NIBRS_cat": "Theft From Motor Vehicle", "crime_type": "Property", "latitude": 38.568153, "longitude": -90.24984, "date": "9/20/2025" }, "geometry": { "type": "Point", "coordinates": [ -90.24984, 38.56815 ] } },
{ "type": "Feature", "properties": { "NIBRS_cat": "Aggravated Assault", "crime_type": "Person", "latitude": 38.568165, "longitude": -90.248444, "date": "8/16/2025" }, "geometry": { "type": "Point", "coordinates": [ -90.24844, 38.56817 ] } },
{ "type": "Feature", "properties": { "NIBRS_cat": "Aggravated Assault", "crime_type": "Person", "latitude": 38.568165, "longitude": -90.248444, "date": "8/16/2025" }, "geometry": { "type": "Point", "coordinates": [ -90.24844, 38.56817 ] } },
{ "type": "Feature", "properties": { "NIBRS_cat": "Disorderly Conduct", "crime_type": "Society", "latitude": 38.568233, "longitude": -90.25808, "date": "9/12/2025" }, "geometry": { "type": "Point", "coordinates": [ -90.25808, 38.56823 ] } },
{ "type": "Feature", "properties": { "NIBRS_cat": "Disorderly Conduct", "crime_type": "Society", "latitude": 38.568233, "longitude": -90.25808, "date": "9/12/2025" }, "geometry": { "type": "Point", "coordinates": [ -90.25808, 38.56823 ] } },
{ "type": "Feature", "properties": { "NIBRS_cat": "Aggravated Assault", "crime_type": "Person", "latitude": 38.568329, "longitude": -90.248299, "date": "9/12/2025" }, "geometry": { "type": "Point", "coordinates": [ -90.2483, 38.56833 ] } },
{ "type": "Feature", "properties": { "NIBRS_cat": "Aggravated Assault", "crime_type": "Person", "latitude": 38.568329, "longitude": -90.248299, "date": "9/12/2025" }, "geometry": { "type": "Point", "coordinates": [ -90.2483, 38.56833 ] } },
{ "type": "Feature", "properties": { "NIBRS_cat": "Theft From Motor Vehicle", "crime_type": "Property", "latitude": 38.56834, "longitude": -90.268974, "date": "9/4/2025" }, "geometry": { "type": "Point", "coordinates": [ -90.26897, 38.56834 ] } },
{ "type": "Feature", "properties": { "NIBRS_cat": "Destruction/Damage/Vandalism of Property", "crime_type": "Property", "latitude": 38.56834, "longitude": -90.268974, "date": "9/4/2025" }, "geometry": { "type": "Point", "coordinates": [ -90.26897, 38.56834 ] } },
{ "type": "Feature", "properties": { "NIBRS_cat": "Destruction/Damage/Vandalism of Property", "crime_type": "Property", "latitude": 38.56834, "longitude": -90.268974, "date": "9/4/2025" }, "geometry": { "type": "Point", "coordinates": [ -90.26897, 38.56834 ] } },
{ "type": "Feature", "properties": { "NIBRS_cat": "Theft From Motor Vehicle", "crime_type": "Property", "latitude": 38.56834, "longitude": -90.268974, "date": "9/4/2025" }, "geometry": { "type": "Point", "coordinates": [ -90.26897, 38.56834 ] } },
{ "type": "Feature", "properties": { "NIBRS_cat": "All Other Offenses", "crime_type": "Unspecified", "latitude": 38.568596, "longitude": -90.254204, "date": "9/25/2025" }, "geometry": { "type": "Point", "coordinates": [ -90.2542, 38.5686 ] } },
{ "type": "Feature", "properties": { "NIBRS_cat": "All Other Offenses", "crime_type": "Unspecified", "latitude": 38.568596, "longitude": -90.254204, "date": "9/25/2025" }, "geometry": { "type": "Point", "coordinates": [ -90.2542, 38.5686 ] } },
{ "type": "Feature", "properties": { "NIBRS_cat": "Robbery", "crime_type": "Person", "latitude": 38.568752, "longitude": -90.250412, "date": "8/31/2025" }, "geometry": { "type": "Point", "coordinates": [ -90.25041, 38.56875 ] } },
{ "type": "Feature", "properties": { "NIBRS_cat": "Stolen Property Offenses", "crime_type": "Property", "latitude": 38.568752, "longitude": -90.250412, "date": "9/2/2025" }, "geometry": { "type": "Point", "coordinates": [ -90.25041, 38.56875 ] } },
{ "type": "Feature", "properties": { "NIBRS_cat": "Drug/Narcotic Violations", "crime_type": "Society", "latitude": 38.568752, "longitude": -90.253983, "date": "9/20/2025" }, "geometry": { "type": "Point", "coordinates": [ -90.25398, 38.56875 ] } },
{ "type": "Feature", "properties": { "NIBRS_cat": "Drug/Narcotic Violations", "crime_type": "Society", "latitude": 38.568752, "longitude": -90.253983, "date": "9/20/2025" }, "geometry": { "type": "Point", "coordinates": [ -90.25398, 38.56875 ] } },
{ "type": "Feature", "properties": { "NIBRS_cat": "All Other Larceny", "crime_type": "Property", "latitude": 38.568752, "longitude": -90.250412, "date": "9/2/2025" }, "geometry": { "type": "Point", "coordinates": [ -90.25041, 38.56875 ] } },
{ "type": "Feature", "properties": { "NIBRS_cat": "All Other Larceny", "crime_type": "Property", "latitude": 38.568752, "longitude": -90.250412, "date": "9/2/2025" }, "geometry": { "type": "Point", "coordinates": [ -90.25041, 38.56875 ] } },
{ "type": "Feature", "properties": { "NIBRS_cat": "Stolen Property Offenses", "crime_type": "Property", "latitude": 38.568752, "longitude": -90.250412, "date": "9/2/2025" }, "geometry": { "type": "Point", "coordinates": [ -90.25041, 38.56875 ] } },
{ "type": "Feature", "properties": { "NIBRS_cat": "Robbery", "crime_type": "Person", "latitude": 38.568752, "longitude": -90.250412, "date": "8/31/2025" }, "geometry": { "type": "Point", "coordinates": [ -90.25041, 38.56875 ] } },
{ "type": "Feature", "properties": { "NIBRS_cat": "Aggravated Assault", "crime_type": "Person", "latitude": 38.56879, "longitude": -90.255852, "date": "9/1/2025" }, "geometry": { "type": "Point", "coordinates": [ -90.25585, 38.56879 ] } },
{ "type": "Feature", "properties": { "NIBRS_cat": "Aggravated Assault", "crime_type": "Person", "latitude": 38.56879, "longitude": -90.255852, "date": "9/1/2025" }, "geometry": { "type": "Point", "coordinates": [ -90.25585, 38.56879 ] } },
{ "type": "Feature", "properties": { "NIBRS_cat": "Simple Assault", "crime_type": "Person", "latitude": 38.568893, "longitude": -90.261482, "date": "8/30/2025" }, "geometry": { "type": "Point", "coordinates": [ -90.26148, 38.56889 ] } },
{ "type": "Feature", "properties": { "NIBRS_cat": "Simple Assault", "crime_type": "Person", "latitude": 38.568893, "longitude": -90.261482, "date": "8/30/2025" }, "geometry": { "type": "Point", "coordinates": [ -90.26148, 38.56889 ] } },
{ "type": "Feature", "properties": { "NIBRS_cat": "Weapons Law Violations", "crime_type": "Society", "latitude": 38.568893, "longitude": -90.261482, "date": "8/30/2025" }, "geometry": { "type": "Point", "coordinates": [ -90.26148, 38.56889 ] } },
{ "type": "Feature", "properties": { "NIBRS_cat": "Weapons Law Violations", "crime_type": "Society", "latitude": 38.568893, "longitude": -90.261482, "date": "8/30/2025" }, "geometry": { "type": "Point", "coordinates": [ -90.26148, 38.56889 ] } },
{ "type": "Feature", "properties": { "NIBRS_cat": "All Other Larceny", "crime_type": "Property", "latitude": 38.568954, "longitude": -90.268288, "date": "9/4/2025" }, "geometry": { "type": "Point", "coordinates": [ -90.26829, 38.56895 ] } },
{ "type": "Feature", "properties": { "NIBRS_cat": "Destruction/Damage/Vandalism of Property", "crime_type": "Property", "latitude": 38.568954, "longitude": -90.268288, "date": "9/4/2025" }, "geometry": { "type": "Point", "coordinates": [ -90.26829, 38.56895 ] } },
{ "type": "Feature", "properties": { "NIBRS_cat": "All Other Larceny", "crime_type": "Property", "latitude": 38.568954, "longitude": -90.268288, "date": "9/4/2025" }, "geometry": { "type": "Point", "coordinates": [ -90.26829, 38.56895 ] } },
{ "type": "Feature", "properties": { "NIBRS_cat": "Destruction/Damage/Vandalism of Property", "crime_type": "Property", "latitude": 38.568954, "longitude": -90.268288, "date": "9/4/2025" }, "geometry": { "type": "Point", "coordinates": [ -90.26829, 38.56895 ] } },
{ "type": "Feature", "properties": { "NIBRS_cat": "Theft From Motor Vehicle", "crime_type": "Property", "latitude": 38.568966, "longitude": -90.235962, "date": "9/29/2025" }, "geometry": { "type": "Point", "coordinates": [ -90.23596, 38.56897 ] } },
{ "type": "Feature", "properties": { "NIBRS_cat": "Theft From Motor Vehicle", "crime_type": "Property", "latitude": 38.568966, "longitude": -90.235962, "date": "9/29/2025" }, "geometry": { "type": "Point", "coordinates": [ -90.23596, 38.56897 ] } },
{ "type": "Feature", "properties": { "NIBRS_cat": "Destruction/Damage/Vandalism of Property", "crime_type": "Property", "latitude": 38.569073, "longitude": -90.254463, "date": "9/26/2025" }, "geometry": { "type": "Point", "coordinates": [ -90.25446, 38.56907 ] } },
{ "type": "Feature", "properties": { "NIBRS_cat": "Destruction/Damage/Vandalism of Property", "crime_type": "Property", "latitude": 38.569073, "longitude": -90.254463, "date": "9/26/2025" }, "geometry": { "type": "Point", "coordinates": [ -90.25446, 38.56907 ] } },
{ "type": "Feature", "properties": { "NIBRS_cat": "Aggravated Assault", "crime_type": "Person", "latitude": 38.569393, "longitude": -90.237968, "date": "9/16/2025" }, "geometry": { "type": "Point", "coordinates": [ -90.23797, 38.56939 ] } },
{ "type": "Feature", "properties": { "NIBRS_cat": "Aggravated Assault", "crime_type": "Person", "latitude": 38.569393, "longitude": -90.237968, "date": "9/16/2025" }, "geometry": { "type": "Point", "coordinates": [ -90.23797, 38.56939 ] } },
{ "type": "Feature", "properties": { "NIBRS_cat": "All Other Offenses", "crime_type": "Unspecified", "latitude": 38.569431, "longitude": -90.253181, "date": "9/17/2025" }, "geometry": { "type": "Point", "coordinates": [ -90.25318, 38.56943 ] } },
{ "type": "Feature", "properties": { "NIBRS_cat": "All Other Offenses", "crime_type": "Unspecified", "latitude": 38.569431, "longitude": -90.253181, "date": "9/17/2025" }, "geometry": { "type": "Point", "coordinates": [ -90.25318, 38.56943 ] } },
{ "type": "Feature", "properties": { "NIBRS_cat": "All Other Offenses", "crime_type": "Unspecified", "latitude": 38.569439, "longitude": -90.244286, "date": "9/6/2025" }, "geometry": { "type": "Point", "coordinates": [ -90.24429, 38.56944 ] } },
{ "type": "Feature", "properties": { "NIBRS_cat": "Aggravated Assault", "crime_type": "Person", "latitude": 38.569439, "longitude": -90.244286, "date": "9/6/2025" }, "geometry": { "type": "Point", "coordinates": [ -90.24429, 38.56944 ] } },
{ "type": "Feature", "properties": { "NIBRS_cat": "Aggravated Assault", "crime_type": "Person", "latitude": 38.569439, "longitude": -90.244286, "date": "9/6/2025" }, "geometry": { "type": "Point", "coordinates": [ -90.24429, 38.56944 ] } },
{ "type": "Feature", "properties": { "NIBRS_cat": "Aggravated Assault", "crime_type": "Person", "latitude": 38.569439, "longitude": -90.244286, "date": "9/6/2025" }, "geometry": { "type": "Point", "coordinates": [ -90.24429, 38.56944 ] } },
{ "type": "Feature", "properties": { "NIBRS_cat": "Aggravated Assault", "crime_type": "Person", "latitude": 38.569439, "longitude": -90.244286, "date": "9/6/2025" }, "geometry": { "type": "Point", "coordinates": [ -90.24429, 38.56944 ] } },
{ "type": "Feature", "properties": { "NIBRS_cat": "Aggravated Assault", "crime_type": "Person", "latitude": 38.569439, "longitude": -90.244286, "date": "9/6/2025" }, "geometry": { "type": "Point", "coordinates": [ -90.24429, 38.56944 ] } },
{ "type": "Feature", "properties": { "NIBRS_cat": "All Other Offenses", "crime_type": "Unspecified", "latitude": 38.569439, "longitude": -90.244286, "date": "9/6/2025" }, "geometry": { "type": "Point", "coordinates": [ -90.24429, 38.56944 ] } },
{ "type": "Feature", "properties": { "NIBRS_cat": "Aggravated Assault", "crime_type": "Person", "latitude": 38.569439, "longitude": -90.244286, "date": "9/6/2025" }, "geometry": { "type": "Point", "coordinates": [ -90.24429, 38.56944 ] } },
{ "type": "Feature", "properties": { "NIBRS_cat": "Aggravated Assault", "crime_type": "Person", "latitude": 38.569439, "longitude": -90.244286, "date": "9/6/2025" }, "geometry": { "type": "Point", "coordinates": [ -90.24429, 38.56944 ] } },
{ "type": "Feature", "properties": { "NIBRS_cat": "Aggravated Assault", "crime_type": "Person", "latitude": 38.569439, "longitude": -90.244286, "date": "9/6/2025" }, "geometry": { "type": "Point", "coordinates": [ -90.24429, 38.56944 ] } },
{ "type": "Feature", "properties": { "NIBRS_cat": "Aggravated Assault", "crime_type": "Person", "latitude": 38.569439, "longitude": -90.244286, "date": "9/6/2025" }, "geometry": { "type": "Point", "coordinates": [ -90.24429, 38.56944 ] } },
{ "type": "Feature", "properties": { "NIBRS_cat": "Aggravated Assault", "crime_type": "Person", "latitude": 38.569439, "longitude": -90.244286, "date": "9/6/2025" }, "geometry": { "type": "Point", "coordinates": [ -90.24429, 38.56944 ] } },
{ "type": "Feature", "properties": { "NIBRS_cat": "Credit Card/Automatic Teller Machine Fraud", "crime_type": "Property", "latitude": 38.569462, "longitude": -90.241966, "date": "5/17/2025" }, "geometry": { "type": "Point", "coordinates": [ -90.24197, 38.56946 ] } },
{ "type": "Feature", "properties": { "NIBRS_cat": "Burglary/Breaking and Entering", "crime_type": "Property", "latitude": 38.569462, "longitude": -90.241966, "date": "5/17/2025" }, "geometry": { "type": "Point", "coordinates": [ -90.24197, 38.56946 ] } },
{ "type": "Feature", "properties": { "NIBRS_cat": "Burglary/Breaking and Entering", "crime_type": "Property", "latitude": 38.569462, "longitude": -90.241966, "date": "5/17/2025" }, "geometry": { "type": "Point", "coordinates": [ -90.24197, 38.56946 ] } },
{ "type": "Feature", "properties": { "NIBRS_cat": "Credit Card/Automatic Teller Machine Fraud", "crime_type": "Property", "latitude": 38.569462, "longitude": -90.241966, "date": "5/17/2025" }, "geometry": { "type": "Point", "coordinates": [ -90.24197, 38.56946 ] } },
{ "type": "Feature", "properties": { "NIBRS_cat": "Theft From Motor Vehicle", "crime_type": "Property", "latitude": 38.569595, "longitude": -90.23774, "date": "9/28/2025" }, "geometry": { "type": "Point", "coordinates": [ -90.23774, 38.56959 ] } },
{ "type": "Feature", "properties": { "NIBRS_cat": "Theft From Motor Vehicle", "crime_type": "Property", "latitude": 38.569595, "longitude": -90.23774, "date": "9/28/2025" }, "geometry": { "type": "Point", "coordinates": [ -90.23774, 38.56959 ] } },
{ "type": "Feature", "properties": { "NIBRS_cat": "Motor Vehicle Theft", "crime_type": "Property", "latitude": 38.569595, "longitude": -90.23774, "date": "9/28/2025" }, "geometry": { "type": "Point", "coordinates": [ -90.23774, 38.56959 ] } },
{ "type": "Feature", "properties": { "NIBRS_cat": "Motor Vehicle Theft", "crime_type": "Property", "latitude": 38.569595, "longitude": -90.23774, "date": "9/28/2025" }, "geometry": { "type": "Point", "coordinates": [ -90.23774, 38.56959 ] } },
{ "type": "Feature", "properties": { "NIBRS_cat": "Destruction/Damage/Vandalism of Property", "crime_type": "Property", "latitude": 38.569614, "longitude": -90.269058, "date": "9/11/2025" }, "geometry": { "type": "Point", "coordinates": [ -90.26906, 38.56961 ] } },
{ "type": "Feature", "properties": { "NIBRS_cat": "Destruction/Damage/Vandalism of Property", "crime_type": "Property", "latitude": 38.569614, "longitude": -90.269058, "date": "9/11/2025" }, "geometry": { "type": "Point", "coordinates": [ -90.26906, 38.56961 ] } },
{ "type": "Feature", "properties": { "NIBRS_cat": "Motor Vehicle Theft", "crime_type": "Property", "latitude": 38.569626, "longitude": -90.251724, "date": "9/8/2025" }, "geometry": { "type": "Point", "coordinates": [ -90.25172, 38.56963 ] } },
{ "type": "Feature", "properties": { "NIBRS_cat": "Motor Vehicle Theft", "crime_type": "Property", "latitude": 38.569626, "longitude": -90.251724, "date": "9/8/2025" }, "geometry": { "type": "Point", "coordinates": [ -90.25172, 38.56963 ] } },
{ "type": "Feature", "properties": { "NIBRS_cat": "Motor Vehicle Theft", "crime_type": "Property", "latitude": 38.569698, "longitude": -90.266243, "date": "9/7/2025" }, "geometry": { "type": "Point", "coordinates": [ -90.26624, 38.5697 ] } },
{ "type": "Feature", "properties": { "NIBRS_cat": "Theft From Motor Vehicle", "crime_type": "Property", "latitude": 38.569698, "longitude": -90.266243, "date": "9/7/2025" }, "geometry": { "type": "Point", "coordinates": [ -90.26624, 38.5697 ] } },
{ "type": "Feature", "properties": { "NIBRS_cat": "Theft From Motor Vehicle", "crime_type": "Property", "latitude": 38.569698, "longitude": -90.266243, "date": "9/7/2025" }, "geometry": { "type": "Point", "coordinates": [ -90.26624, 38.5697 ] } },
{ "type": "Feature", "properties": { "NIBRS_cat": "Motor Vehicle Theft", "crime_type": "Property", "latitude": 38.569698, "longitude": -90.266243, "date": "9/7/2025" }, "geometry": { "type": "Point", "coordinates": [ -90.26624, 38.5697 ] } },
{ "type": "Feature", "properties": { "NIBRS_cat": "Destruction/Damage/Vandalism of Property", "crime_type": "Property", "latitude": 38.56971, "longitude": -90.267036, "date": "9/5/2025" }, "geometry": { "type": "Point", "coordinates": [ -90.26704, 38.56971 ] } },
{ "type": "Feature", "properties": { "NIBRS_cat": "Destruction/Damage/Vandalism of Property", "crime_type": "Property", "latitude": 38.56971, "longitude": -90.267036, "date": "9/5/2025" }, "geometry": { "type": "Point", "coordinates": [ -90.26704, 38.56971 ] } },
{ "type": "Feature", "properties": { "NIBRS_cat": "Theft From Building", "crime_type": "Property", "latitude": 38.569752, "longitude": -90.235222, "date": "9/23/2025" }, "geometry": { "type": "Point", "coordinates": [ -90.23522, 38.56975 ] } },
{ "type": "Feature", "properties": { "NIBRS_cat": "Theft From Building", "crime_type": "Property", "latitude": 38.569752, "longitude": -90.235222, "date": "9/23/2025" }, "geometry": { "type": "Point", "coordinates": [ -90.23522, 38.56975 ] } },
{ "type": "Feature", "properties": { "NIBRS_cat": "Weapons Law Violations", "crime_type": "Society", "latitude": 38.569778, "longitude": -90.247581, "date": "10/21/2024" }, "geometry": { "type": "Point", "coordinates": [ -90.24758, 38.56978 ] } },
{ "type": "Feature", "properties": { "NIBRS_cat": "Weapons Law Violations", "crime_type": "Society", "latitude": 38.569778, "longitude": -90.247581, "date": "10/21/2024" }, "geometry": { "type": "Point", "coordinates": [ -90.24758, 38.56978 ] } },
{ "type": "Feature", "properties": { "NIBRS_cat": "Destruction/Damage/Vandalism of Property", "crime_type": "Property", "latitude": 38.569782, "longitude": -90.266945, "date": "9/4/2025" }, "geometry": { "type": "Point", "coordinates": [ -90.26695, 38.56978 ] } },
{ "type": "Feature", "properties": { "NIBRS_cat": "Destruction/Damage/Vandalism of Property", "crime_type": "Property", "latitude": 38.569782, "longitude": -90.266945, "date": "9/4/2025" }, "geometry": { "type": "Point", "coordinates": [ -90.26695, 38.56978 ] } },
{ "type": "Feature", "properties": { "NIBRS_cat": "Theft From Motor Vehicle", "crime_type": "Property", "latitude": 38.569782, "longitude": -90.266945, "date": "9/4/2025" }, "geometry": { "type": "Point", "coordinates": [ -90.26695, 38.56978 ] } },
{ "type": "Feature", "properties": { "NIBRS_cat": "Theft From Motor Vehicle", "crime_type": "Property", "latitude": 38.569782, "longitude": -90.266945, "date": "9/4/2025" }, "geometry": { "type": "Point", "coordinates": [ -90.26695, 38.56978 ] } },
{ "type": "Feature", "properties": { "NIBRS_cat": "Destruction/Damage/Vandalism of Property", "crime_type": "Property", "latitude": 38.569805, "longitude": -90.234772, "date": "9/16/2025" }, "geometry": { "type": "Point", "coordinates": [ -90.23477, 38.56981 ] } },
{ "type": "Feature", "properties": { "NIBRS_cat": "Destruction/Damage/Vandalism of Property", "crime_type": "Property", "latitude": 38.569805, "longitude": -90.234772, "date": "9/16/2025" }, "geometry": { "type": "Point", "coordinates": [ -90.23477, 38.56981 ] } },
{ "type": "Feature", "properties": { "NIBRS_cat": "Trespass of Real Property", "crime_type": "Society", "latitude": 38.569805, "longitude": -90.234772, "date": "9/16/2025" }, "geometry": { "type": "Point", "coordinates": [ -90.23477, 38.56981 ] } },
{ "type": "Feature", "properties": { "NIBRS_cat": "Trespass of Real Property", "crime_type": "Society", "latitude": 38.569805, "longitude": -90.234772, "date": "9/16/2025" }, "geometry": { "type": "Point", "coordinates": [ -90.23477, 38.56981 ] } },
{ "type": "Feature", "properties": { "NIBRS_cat": "Weapons Law Violations", "crime_type": "Society", "latitude": 38.569836, "longitude": -90.249817, "date": "9/3/2025" }, "geometry": { "type": "Point", "coordinates": [ -90.24982, 38.56984 ] } },
{ "type": "Feature", "properties": { "NIBRS_cat": "Weapons Law Violations", "crime_type": "Society", "latitude": 38.569836, "longitude": -90.249817, "date": "9/3/2025" }, "geometry": { "type": "Point", "coordinates": [ -90.24982, 38.56984 ] } },
{ "type": "Feature", "properties": { "NIBRS_cat": "Simple Assault", "crime_type": "Person", "latitude": 38.569885, "longitude": -90.242569, "date": "9/14/2025" }, "geometry": { "type": "Point", "coordinates": [ -90.24257, 38.56988 ] } },
{ "type": "Feature", "properties": { "NIBRS_cat": "Simple Assault", "crime_type": "Person", "latitude": 38.569885, "longitude": -90.242569, "date": "9/14/2025" }, "geometry": { "type": "Point", "coordinates": [ -90.24257, 38.56988 ] } },
{ "type": "Feature", "properties": { "NIBRS_cat": "Simple Assault", "crime_type": "Person", "latitude": 38.569885, "longitude": -90.253723, "date": "8/28/2025" }, "geometry": { "type": "Point", "coordinates": [ -90.25372, 38.56988 ] } },
{ "type": "Feature", "properties": { "NIBRS_cat": "Simple Assault", "crime_type": "Person", "latitude": 38.569885, "longitude": -90.253723, "date": "8/28/2025" }, "geometry": { "type": "Point", "coordinates": [ -90.25372, 38.56988 ] } },
{ "type": "Feature", "properties": { "NIBRS_cat": "Robbery", "crime_type": "Person", "latitude": 38.569885, "longitude": -90.253723, "date": "8/28/2025" }, "geometry": { "type": "Point", "coordinates": [ -90.25372, 38.56988 ] } },
{ "type": "Feature", "properties": { "NIBRS_cat": "Robbery", "crime_type": "Person", "latitude": 38.569885, "longitude": -90.253723, "date": "8/28/2025" }, "geometry": { "type": "Point", "coordinates": [ -90.25372, 38.56988 ] } },
{ "type": "Feature", "properties": { "NIBRS_cat": "Trespass of Real Property", "crime_type": "Society", "latitude": 38.569908, "longitude": -90.242569, "date": "4/13/2025" }, "geometry": { "type": "Point", "coordinates": [ -90.24257, 38.56991 ] } },
{ "type": "Feature", "properties": { "NIBRS_cat": "Simple Assault", "crime_type": "Person", "latitude": 38.569908, "longitude": -90.242569, "date": "4/13/2025" }, "geometry": { "type": "Point", "coordinates": [ -90.24257, 38.56991 ] } },
{ "type": "Feature", "properties": { "NIBRS_cat": "Simple Assault", "crime_type": "Person", "latitude": 38.569908, "longitude": -90.242569, "date": "4/13/2025" }, "geometry": { "type": "Point", "coordinates": [ -90.24257, 38.56991 ] } },
{ "type": "Feature", "properties": { "NIBRS_cat": "Trespass of Real Property", "crime_type": "Society", "latitude": 38.569908, "longitude": -90.242569, "date": "4/13/2025" }, "geometry": { "type": "Point", "coordinates": [ -90.24257, 38.56991 ] } },
{ "type": "Feature", "properties": { "NIBRS_cat": "Simple Assault", "crime_type": "Person", "latitude": 38.569908, "longitude": -90.242569, "date": "4/13/2025" }, "geometry": { "type": "Point", "coordinates": [ -90.24257, 38.56991 ] } },
{ "type": "Feature", "properties": { "NIBRS_cat": "Simple Assault", "crime_type": "Person", "latitude": 38.569908, "longitude": -90.242569, "date": "4/13/2025" }, "geometry": { "type": "Point", "coordinates": [ -90.24257, 38.56991 ] } },
{ "type": "Feature", "properties": { "NIBRS_cat": "All Other Offenses", "crime_type": "Unspecified", "latitude": 38.569923, "longitude": -90.243309, "date": "9/8/2025" }, "geometry": { "type": "Point", "coordinates": [ -90.24331, 38.56992 ] } },
{ "type": "Feature", "properties": { "NIBRS_cat": "All Other Offenses", "crime_type": "Unspecified", "latitude": 38.569923, "longitude": -90.243309, "date": "9/8/2025" }, "geometry": { "type": "Point", "coordinates": [ -90.24331, 38.56992 ] } },
{ "type": "Feature", "properties": { "NIBRS_cat": "Destruction/Damage/Vandalism of Property", "crime_type": "Property", "latitude": 38.569969, "longitude": -90.236206, "date": "9/3/2025" }, "geometry": { "type": "Point", "coordinates": [ -90.23621, 38.56997 ] } },
{ "type": "Feature", "properties": { "NIBRS_cat": "Destruction/Damage/Vandalism of Property", "crime_type": "Property", "latitude": 38.569969, "longitude": -90.236206, "date": "9/3/2025" }, "geometry": { "type": "Point", "coordinates": [ -90.23621, 38.56997 ] } },
{ "type": "Feature", "properties": { "NIBRS_cat": "Weapons Law Violations", "crime_type": "Society", "latitude": 38.570023, "longitude": -90.241158, "date": "8/11/2025" }, "geometry": { "type": "Point", "coordinates": [ -90.24116, 38.57002 ] } },
{ "type": "Feature", "properties": { "NIBRS_cat": "Weapons Law Violations", "crime_type": "Society", "latitude": 38.570023, "longitude": -90.241158, "date": "8/11/2025" }, "geometry": { "type": "Point", "coordinates": [ -90.24116, 38.57002 ] } },
{ "type": "Feature", "properties": { "NIBRS_cat": "Weapons Law Violations", "crime_type": "Society", "latitude": 38.570087, "longitude": -90.243958, "date": "8/28/2025" }, "geometry": { "type": "Point", "coordinates": [ -90.24396, 38.57009 ] } },
{ "type": "Feature", "properties": { "NIBRS_cat": "Weapons Law Violations", "crime_type": "Society", "latitude": 38.570087, "longitude": -90.243958, "date": "8/28/2025" }, "geometry": { "type": "Point", "coordinates": [ -90.24396, 38.57009 ] } },
{ "type": "Feature", "properties": { "NIBRS_cat": "False Pretense/Swindle/Confidence Game", "crime_type": "Property", "latitude": 38.570114, "longitude": -90.25354, "date": "9/27/2025" }, "geometry": { "type": "Point", "coordinates": [ -90.25354, 38.57011 ] } },
{ "type": "Feature", "properties": { "NIBRS_cat": "False Pretense/Swindle/Confidence Game", "crime_type": "Property", "latitude": 38.570114, "longitude": -90.25354, "date": "9/27/2025" }, "geometry": { "type": "Point", "coordinates": [ -90.25354, 38.57011 ] } },
{ "type": "Feature", "properties": { "NIBRS_cat": "All Other Larceny", "crime_type": "Property", "latitude": 38.570175, "longitude": -90.251053, "date": "9/28/2025" }, "geometry": { "type": "Point", "coordinates": [ -90.25105, 38.57017 ] } },
{ "type": "Feature", "properties": { "NIBRS_cat": "All Other Larceny", "crime_type": "Property", "latitude": 38.570175, "longitude": -90.251053, "date": "9/28/2025" }, "geometry": { "type": "Point", "coordinates": [ -90.25105, 38.57017 ] } },
{ "type": "Feature", "properties": { "NIBRS_cat": "Destruction/Damage/Vandalism of Property", "crime_type": "Property", "latitude": 38.570187, "longitude": -90.263954, "date": "9/4/2025" }, "geometry": { "type": "Point", "coordinates": [ -90.26395, 38.57019 ] } },
{ "type": "Feature", "properties": { "NIBRS_cat": "Theft From Motor Vehicle", "crime_type": "Property", "latitude": 38.570187, "longitude": -90.263954, "date": "9/4/2025" }, "geometry": { "type": "Point", "coordinates": [ -90.26395, 38.57019 ] } },
{ "type": "Feature", "properties": { "NIBRS_cat": "Destruction/Damage/Vandalism of Property", "crime_type": "Property", "latitude": 38.570187, "longitude": -90.263954, "date": "9/4/2025" }, "geometry": { "type": "Point", "coordinates": [ -90.26395, 38.57019 ] } },
{ "type": "Feature", "properties": { "NIBRS_cat": "Theft From Motor Vehicle", "crime_type": "Property", "latitude": 38.570187, "longitude": -90.263954, "date": "9/4/2025" }, "geometry": { "type": "Point", "coordinates": [ -90.26395, 38.57019 ] } },
{ "type": "Feature", "properties": { "NIBRS_cat": "Motor Vehicle Theft", "crime_type": "Property", "latitude": 38.570263, "longitude": -90.244568, "date": "9/8/2025" }, "geometry": { "type": "Point", "coordinates": [ -90.24457, 38.57026 ] } },
{ "type": "Feature", "properties": { "NIBRS_cat": "Motor Vehicle Theft", "crime_type": "Property", "latitude": 38.570263, "longitude": -90.244568, "date": "9/8/2025" }, "geometry": { "type": "Point", "coordinates": [ -90.24457, 38.57026 ] } },
{ "type": "Feature", "properties": { "NIBRS_cat": "Motor Vehicle Theft", "crime_type": "Property", "latitude": 38.570393, "longitude": -90.236511, "date": "4/12/2025" }, "geometry": { "type": "Point", "coordinates": [ -90.23651, 38.57039 ] } },
{ "type": "Feature", "properties": { "NIBRS_cat": "Motor Vehicle Theft", "crime_type": "Property", "latitude": 38.570393, "longitude": -90.236511, "date": "4/12/2025" }, "geometry": { "type": "Point", "coordinates": [ -90.23651, 38.57039 ] } },
{ "type": "Feature", "properties": { "NIBRS_cat": "Theft From Building", "crime_type": "Property", "latitude": 38.570393, "longitude": -90.236511, "date": "4/12/2025" }, "geometry": { "type": "Point", "coordinates": [ -90.23651, 38.57039 ] } },
{ "type": "Feature", "properties": { "NIBRS_cat": "Theft From Building", "crime_type": "Property", "latitude": 38.570393, "longitude": -90.236511, "date": "4/12/2025" }, "geometry": { "type": "Point", "coordinates": [ -90.23651, 38.57039 ] } },
{ "type": "Feature", "properties": { "NIBRS_cat": "Theft From Motor Vehicle Parts/Accessories", "crime_type": "Property", "latitude": 38.570396, "longitude": -90.264442, "date": "8/30/2025" }, "geometry": { "type": "Point", "coordinates": [ -90.26444, 38.5704 ] } },
{ "type": "Feature", "properties": { "NIBRS_cat": "Theft From Motor Vehicle Parts/Accessories", "crime_type": "Property", "latitude": 38.570396, "longitude": -90.264442, "date": "8/30/2025" }, "geometry": { "type": "Point", "coordinates": [ -90.26444, 38.5704 ] } },
{ "type": "Feature", "properties": { "NIBRS_cat": "Motor Vehicle Theft", "crime_type": "Property", "latitude": 38.570396, "longitude": -90.264442, "date": "8/30/2025" }, "geometry": { "type": "Point", "coordinates": [ -90.26444, 38.5704 ] } },
{ "type": "Feature", "properties": { "NIBRS_cat": "Motor Vehicle Theft", "crime_type": "Property", "latitude": 38.570396, "longitude": -90.264442, "date": "8/30/2025" }, "geometry": { "type": "Point", "coordinates": [ -90.26444, 38.5704 ] } },
{ "type": "Feature", "properties": { "NIBRS_cat": "All Other Offenses", "crime_type": "Unspecified", "latitude": 38.570484, "longitude": -90.250122, "date": "9/19/2025" }, "geometry": { "type": "Point", "coordinates": [ -90.25012, 38.57048 ] } },
{ "type": "Feature", "properties": { "NIBRS_cat": "All Other Offenses", "crime_type": "Unspecified", "latitude": 38.570484, "longitude": -90.250122, "date": "9/19/2025" }, "geometry": { "type": "Point", "coordinates": [ -90.25012, 38.57048 ] } },
{ "type": "Feature", "properties": { "NIBRS_cat": "All Other Larceny", "crime_type": "Property", "latitude": 38.570503, "longitude": -90.247864, "date": "7/1/2025" }, "geometry": { "type": "Point", "coordinates": [ -90.24786, 38.5705 ] } },
{ "type": "Feature", "properties": { "NIBRS_cat": "Identity Theft", "crime_type": "Property", "latitude": 38.570503, "longitude": -90.247864, "date": "7/1/2025" }, "geometry": { "type": "Point", "coordinates": [ -90.24786, 38.5705 ] } },
{ "type": "Feature", "properties": { "NIBRS_cat": "Identity Theft", "crime_type": "Property", "latitude": 38.570503, "longitude": -90.247864, "date": "7/1/2025" }, "geometry": { "type": "Point", "coordinates": [ -90.24786, 38.5705 ] } },
{ "type": "Feature", "properties": { "NIBRS_cat": "All Other Larceny", "crime_type": "Property", "latitude": 38.570503, "longitude": -90.247864, "date": "7/1/2025" }, "geometry": { "type": "Point", "coordinates": [ -90.24786, 38.5705 ] } },
{ "type": "Feature", "properties": { "NIBRS_cat": "Motor Vehicle Theft", "crime_type": "Property", "latitude": 38.570534, "longitude": -90.267059, "date": "9/4/2025" }, "geometry": { "type": "Point", "coordinates": [ -90.26706, 38.57053 ] } },
{ "type": "Feature", "properties": { "NIBRS_cat": "Motor Vehicle Theft", "crime_type": "Property", "latitude": 38.570534, "longitude": -90.267059, "date": "9/4/2025" }, "geometry": { "type": "Point", "coordinates": [ -90.26706, 38.57053 ] } },
{ "type": "Feature", "properties": { "NIBRS_cat": "Destruction/Damage/Vandalism of Property", "crime_type": "Property", "latitude": 38.570633, "longitude": -90.270584, "date": "9/8/2025" }, "geometry": { "type": "Point", "coordinates": [ -90.27058, 38.57063 ] } },
{ "type": "Feature", "properties": { "NIBRS_cat": "Destruction/Damage/Vandalism of Property", "crime_type": "Property", "latitude": 38.570633, "longitude": -90.270584, "date": "9/8/2025" }, "geometry": { "type": "Point", "coordinates": [ -90.27058, 38.57063 ] } },
{ "type": "Feature", "properties": { "NIBRS_cat": "Motor Vehicle Theft", "crime_type": "Property", "latitude": 38.570694, "longitude": -90.240395, "date": "9/1/2025" }, "geometry": { "type": "Point", "coordinates": [ -90.2404, 38.57069 ] } },
{ "type": "Feature", "properties": { "NIBRS_cat": "Motor Vehicle Theft", "crime_type": "Property", "latitude": 38.570694, "longitude": -90.240395, "date": "9/1/2025" }, "geometry": { "type": "Point", "coordinates": [ -90.2404, 38.57069 ] } },
{ "type": "Feature", "properties": { "NIBRS_cat": "Weapons Law Violations", "crime_type": "Society", "latitude": 38.570858, "longitude": -90.246208, "date": "9/9/2025" }, "geometry": { "type": "Point", "coordinates": [ -90.24621, 38.57086 ] } },
{ "type": "Feature", "properties": { "NIBRS_cat": "Weapons Law Violations", "crime_type": "Society", "latitude": 38.570858, "longitude": -90.246208, "date": "9/9/2025" }, "geometry": { "type": "Point", "coordinates": [ -90.24621, 38.57086 ] } },
{ "type": "Feature", "properties": { "NIBRS_cat": "All Other Offenses", "crime_type": "Unspecified", "latitude": 38.570873, "longitude": -90.241493, "date": "9/30/2025" }, "geometry": { "type": "Point", "coordinates": [ -90.24149, 38.57087 ] } },
{ "type": "Feature", "properties": { "NIBRS_cat": "All Other Offenses", "crime_type": "Unspecified", "latitude": 38.570873, "longitude": -90.241493, "date": "9/30/2025" }, "geometry": { "type": "Point", "coordinates": [ -90.24149, 38.57087 ] } },
{ "type": "Feature", "properties": { "NIBRS_cat": "All Other Offenses", "crime_type": "Unspecified", "latitude": 38.570892, "longitude": -90.235428, "date": "9/1/2025" }, "geometry": { "type": "Point", "coordinates": [ -90.23543, 38.57089 ] } },
{ "type": "Feature", "properties": { "NIBRS_cat": "All Other Offenses", "crime_type": "Unspecified", "latitude": 38.570892, "longitude": -90.235428, "date": "9/1/2025" }, "geometry": { "type": "Point", "coordinates": [ -90.23543, 38.57089 ] } },
{ "type": "Feature", "properties": { "NIBRS_cat": "Motor Vehicle Theft", "crime_type": "Property", "latitude": 38.570908, "longitude": -90.274384, "date": "8/31/2025" }, "geometry": { "type": "Point", "coordinates": [ -90.27438, 38.57091 ] } },
{ "type": "Feature", "properties": { "NIBRS_cat": "Motor Vehicle Theft", "crime_type": "Property", "latitude": 38.570908, "longitude": -90.274384, "date": "8/31/2025" }, "geometry": { "type": "Point", "coordinates": [ -90.27438, 38.57091 ] } },
{ "type": "Feature", "properties": { "NIBRS_cat": "Theft From Motor Vehicle", "crime_type": "Property", "latitude": 38.571053, "longitude": -90.248924, "date": "9/1/2025" }, "geometry": { "type": "Point", "coordinates": [ -90.24892, 38.57105 ] } },
{ "type": "Feature", "properties": { "NIBRS_cat": "Destruction/Damage/Vandalism of Property", "crime_type": "Property", "latitude": 38.571053, "longitude": -90.248924, "date": "9/1/2025" }, "geometry": { "type": "Point", "coordinates": [ -90.24892, 38.57105 ] } },
{ "type": "Feature", "properties": { "NIBRS_cat": "Destruction/Damage/Vandalism of Property", "crime_type": "Property", "latitude": 38.571053, "longitude": -90.248924, "date": "9/1/2025" }, "geometry": { "type": "Point", "coordinates": [ -90.24892, 38.57105 ] } },
{ "type": "Feature", "properties": { "NIBRS_cat": "Theft From Motor Vehicle", "crime_type": "Property", "latitude": 38.571053, "longitude": -90.248924, "date": "9/1/2025" }, "geometry": { "type": "Point", "coordinates": [ -90.24892, 38.57105 ] } },
{ "type": "Feature", "properties": { "NIBRS_cat": "Trespass of Real Property", "crime_type": "Society", "latitude": 38.571079, "longitude": -90.27433, "date": "9/5/2025" }, "geometry": { "type": "Point", "coordinates": [ -90.27433, 38.57108 ] } },
{ "type": "Feature", "properties": { "NIBRS_cat": "Trespass of Real Property", "crime_type": "Society", "latitude": 38.571079, "longitude": -90.27433, "date": "9/5/2025" }, "geometry": { "type": "Point", "coordinates": [ -90.27433, 38.57108 ] } },
{ "type": "Feature", "properties": { "NIBRS_cat": "Burglary/Breaking and Entering", "crime_type": "Property", "latitude": 38.571156, "longitude": -90.267578, "date": "9/5/2025" }, "geometry": { "type": "Point", "coordinates": [ -90.26758, 38.57116 ] } },
{ "type": "Feature", "properties": { "NIBRS_cat": "Burglary/Breaking and Entering", "crime_type": "Property", "latitude": 38.571156, "longitude": -90.267578, "date": "9/5/2025" }, "geometry": { "type": "Point", "coordinates": [ -90.26758, 38.57116 ] } },
{ "type": "Feature", "properties": { "NIBRS_cat": "All Other Larceny", "crime_type": "Property", "latitude": 38.571213, "longitude": -90.237022, "date": "9/8/2025" }, "geometry": { "type": "Point", "coordinates": [ -90.23702, 38.57121 ] } },
{ "type": "Feature", "properties": { "NIBRS_cat": "All Other Larceny", "crime_type": "Property", "latitude": 38.571213, "longitude": -90.237022, "date": "9/8/2025" }, "geometry": { "type": "Point", "coordinates": [ -90.23702, 38.57121 ] } },
{ "type": "Feature", "properties": { "NIBRS_cat": "All Other Offenses", "crime_type": "Unspecified", "latitude": 38.57122, "longitude": -90.247139, "date": "9/8/2025" }, "geometry": { "type": "Point", "coordinates": [ -90.24714, 38.57122 ] } },
{ "type": "Feature", "properties": { "NIBRS_cat": "All Other Offenses", "crime_type": "Unspecified", "latitude": 38.57122, "longitude": -90.247139, "date": "9/8/2025" }, "geometry": { "type": "Point", "coordinates": [ -90.24714, 38.57122 ] } },
{ "type": "Feature", "properties": { "NIBRS_cat": "Drug/Narcotic Violations", "crime_type": "Society", "latitude": 38.57122, "longitude": -90.247139, "date": "9/8/2025" }, "geometry": { "type": "Point", "coordinates": [ -90.24714, 38.57122 ] } },
{ "type": "Feature", "properties": { "NIBRS_cat": "Drug/Narcotic Violations", "crime_type": "Society", "latitude": 38.57122, "longitude": -90.247139, "date": "9/8/2025" }, "geometry": { "type": "Point", "coordinates": [ -90.24714, 38.57122 ] } },
{ "type": "Feature", "properties": { "NIBRS_cat": "All Other Offenses", "crime_type": "Unspecified", "latitude": 38.57122, "longitude": -90.247139, "date": "9/8/2025" }, "geometry": { "type": "Point", "coordinates": [ -90.24714, 38.57122 ] } },
{ "type": "Feature", "properties": { "NIBRS_cat": "All Other Offenses", "crime_type": "Unspecified", "latitude": 38.57122, "longitude": -90.247139, "date": "9/8/2025" }, "geometry": { "type": "Point", "coordinates": [ -90.24714, 38.57122 ] } },
{ "type": "Feature", "properties": { "NIBRS_cat": "Destruction/Damage/Vandalism of Property", "crime_type": "Property", "latitude": 38.571289, "longitude": -90.25087, "date": "8/27/2025" }, "geometry": { "type": "Point", "coordinates": [ -90.25087, 38.57129 ] } },
{ "type": "Feature", "properties": { "NIBRS_cat": "All Other Offenses", "crime_type": "Unspecified", "latitude": 38.571289, "longitude": -90.25087, "date": "8/27/2025" }, "geometry": { "type": "Point", "coordinates": [ -90.25087, 38.57129 ] } },
{ "type": "Feature", "properties": { "NIBRS_cat": "Destruction/Damage/Vandalism of Property", "crime_type": "Property", "latitude": 38.571289, "longitude": -90.25087, "date": "8/27/2025" }, "geometry": { "type": "Point", "coordinates": [ -90.25087, 38.57129 ] } },
{ "type": "Feature", "properties": { "NIBRS_cat": "All Other Offenses", "crime_type": "Unspecified", "latitude": 38.571289, "longitude": -90.25087, "date": "8/27/2025" }, "geometry": { "type": "Point", "coordinates": [ -90.25087, 38.57129 ] } },
{ "type": "Feature", "properties": { "NIBRS_cat": "Motor Vehicle Theft", "crime_type": "Property", "latitude": 38.571377, "longitude": -90.262444, "date": "9/27/2025" }, "geometry": { "type": "Point", "coordinates": [ -90.26244, 38.57138 ] } },
{ "type": "Feature", "properties": { "NIBRS_cat": "Motor Vehicle Theft", "crime_type": "Property", "latitude": 38.571377, "longitude": -90.262444, "date": "9/27/2025" }, "geometry": { "type": "Point", "coordinates": [ -90.26244, 38.57138 ] } },
{ "type": "Feature", "properties": { "NIBRS_cat": "Motor Vehicle Theft", "crime_type": "Property", "latitude": 38.57151, "longitude": -90.260384, "date": "9/27/2025" }, "geometry": { "type": "Point", "coordinates": [ -90.26038, 38.57151 ] } },
{ "type": "Feature", "properties": { "NIBRS_cat": "Motor Vehicle Theft", "crime_type": "Property", "latitude": 38.57151, "longitude": -90.260384, "date": "9/27/2025" }, "geometry": { "type": "Point", "coordinates": [ -90.26038, 38.57151 ] } },
{ "type": "Feature", "properties": { "NIBRS_cat": "Destruction/Damage/Vandalism of Property", "crime_type": "Property", "latitude": 38.57151, "longitude": -90.250771, "date": "9/7/2025" }, "geometry": { "type": "Point", "coordinates": [ -90.25077, 38.57151 ] } },
{ "type": "Feature", "properties": { "NIBRS_cat": "Destruction/Damage/Vandalism of Property", "crime_type": "Property", "latitude": 38.57151, "longitude": -90.250771, "date": "9/7/2025" }, "geometry": { "type": "Point", "coordinates": [ -90.25077, 38.57151 ] } },
{ "type": "Feature", "properties": { "NIBRS_cat": "Destruction/Damage/Vandalism of Property", "crime_type": "Property", "latitude": 38.57151, "longitude": -90.250771, "date": "9/7/2025" }, "geometry": { "type": "Point", "coordinates": [ -90.25077, 38.57151 ] } },
{ "type": "Feature", "properties": { "NIBRS_cat": "Destruction/Damage/Vandalism of Property", "crime_type": "Property", "latitude": 38.57151, "longitude": -90.250771, "date": "9/7/2025" }, "geometry": { "type": "Point", "coordinates": [ -90.25077, 38.57151 ] } },
{ "type": "Feature", "properties": { "NIBRS_cat": "Weapons Law Violations", "crime_type": "Society", "latitude": 38.571625, "longitude": -90.238396, "date": "8/23/2025" }, "geometry": { "type": "Point", "coordinates": [ -90.2384, 38.57162 ] } },
{ "type": "Feature", "properties": { "NIBRS_cat": "Weapons Law Violations", "crime_type": "Society", "latitude": 38.571625, "longitude": -90.238396, "date": "8/23/2025" }, "geometry": { "type": "Point", "coordinates": [ -90.2384, 38.57162 ] } },
{ "type": "Feature", "properties": { "NIBRS_cat": "Weapons Law Violations", "crime_type": "Society", "latitude": 38.571678, "longitude": -90.242279, "date": "8/16/2025" }, "geometry": { "type": "Point", "coordinates": [ -90.24228, 38.57168 ] } },
{ "type": "Feature", "properties": { "NIBRS_cat": "Weapons Law Violations", "crime_type": "Society", "latitude": 38.571678, "longitude": -90.242279, "date": "8/16/2025" }, "geometry": { "type": "Point", "coordinates": [ -90.24228, 38.57168 ] } },
{ "type": "Feature", "properties": { "NIBRS_cat": "Burglary/Breaking and Entering", "crime_type": "Property", "latitude": 38.571716, "longitude": -90.240128, "date": "9/3/2025" }, "geometry": { "type": "Point", "coordinates": [ -90.24013, 38.57172 ] } },
{ "type": "Feature", "properties": { "NIBRS_cat": "Burglary/Breaking and Entering", "crime_type": "Property", "latitude": 38.571716, "longitude": -90.240128, "date": "9/3/2025" }, "geometry": { "type": "Point", "coordinates": [ -90.24013, 38.57172 ] } },
{ "type": "Feature", "properties": { "NIBRS_cat": "Weapons Law Violations", "crime_type": "Society", "latitude": 38.571781, "longitude": -90.242996, "date": "2/19/2023" }, "geometry": { "type": "Point", "coordinates": [ -90.243, 38.57178 ] } },
{ "type": "Feature", "properties": { "NIBRS_cat": "Weapons Law Violations", "crime_type": "Society", "latitude": 38.571781, "longitude": -90.242996, "date": "2/19/2023" }, "geometry": { "type": "Point", "coordinates": [ -90.243, 38.57178 ] } },
{ "type": "Feature", "properties": { "NIBRS_cat": "Destruction/Damage/Vandalism of Property", "crime_type": "Property", "latitude": 38.571808, "longitude": -90.233162, "date": "9/29/2025" }, "geometry": { "type": "Point", "coordinates": [ -90.23316, 38.57181 ] } },
{ "type": "Feature", "properties": { "NIBRS_cat": "Destruction/Damage/Vandalism of Property", "crime_type": "Property", "latitude": 38.571808, "longitude": -90.233162, "date": "9/29/2025" }, "geometry": { "type": "Point", "coordinates": [ -90.23316, 38.57181 ] } },
{ "type": "Feature", "properties": { "NIBRS_cat": "Criminal Sexual Contact", "crime_type": "Person", "latitude": 38.571819, "longitude": -90.236038, "date": "2/1/2025" }, "geometry": { "type": "Point", "coordinates": [ -90.23604, 38.57182 ] } },
{ "type": "Feature", "properties": { "NIBRS_cat": "Simple Assault", "crime_type": "Person", "latitude": 38.571819, "longitude": -90.236038, "date": "2/1/2025" }, "geometry": { "type": "Point", "coordinates": [ -90.23604, 38.57182 ] } },
{ "type": "Feature", "properties": { "NIBRS_cat": "Simple Assault", "crime_type": "Person", "latitude": 38.571819, "longitude": -90.236038, "date": "2/1/2025" }, "geometry": { "type": "Point", "coordinates": [ -90.23604, 38.57182 ] } },
{ "type": "Feature", "properties": { "NIBRS_cat": "Criminal Sexual Contact", "crime_type": "Person", "latitude": 38.571819, "longitude": -90.236038, "date": "2/1/2025" }, "geometry": { "type": "Point", "coordinates": [ -90.23604, 38.57182 ] } },
{ "type": "Feature", "properties": { "NIBRS_cat": "Drug/Narcotic Violations", "crime_type": "Society", "latitude": 38.571835, "longitude": -90.243568, "date": "9/25/2025" }, "geometry": { "type": "Point", "coordinates": [ -90.24357, 38.57184 ] } },
{ "type": "Feature", "properties": { "NIBRS_cat": "Drug Equipment Violations", "crime_type": "Society", "latitude": 38.571835, "longitude": -90.243568, "date": "9/25/2025" }, "geometry": { "type": "Point", "coordinates": [ -90.24357, 38.57184 ] } },
{ "type": "Feature", "properties": { "NIBRS_cat": "Weapons Law Violations", "crime_type": "Society", "latitude": 38.571835, "longitude": -90.243568, "date": "9/25/2025" }, "geometry": { "type": "Point", "coordinates": [ -90.24357, 38.57184 ] } },
{ "type": "Feature", "properties": { "NIBRS_cat": "Sodomy", "crime_type": "Person", "latitude": 38.571835, "longitude": -90.236099, "date": "5/17/2022" }, "geometry": { "type": "Point", "coordinates": [ -90.2361, 38.57184 ] } },
{ "type": "Feature", "properties": { "NIBRS_cat": "Drug/Narcotic Violations", "crime_type": "Society", "latitude": 38.571835, "longitude": -90.243568, "date": "9/25/2025" }, "geometry": { "type": "Point", "coordinates": [ -90.24357, 38.57184 ] } },
{ "type": "Feature", "properties": { "NIBRS_cat": "Drug Equipment Violations", "crime_type": "Society", "latitude": 38.571835, "longitude": -90.243568, "date": "9/25/2025" }, "geometry": { "type": "Point", "coordinates": [ -90.24357, 38.57184 ] } },
{ "type": "Feature", "properties": { "NIBRS_cat": "Weapons Law Violations", "crime_type": "Society", "latitude": 38.571835, "longitude": -90.243568, "date": "9/25/2025" }, "geometry": { "type": "Point", "coordinates": [ -90.24357, 38.57184 ] } },
{ "type": "Feature", "properties": { "NIBRS_cat": "Sodomy", "crime_type": "Person", "latitude": 38.571835, "longitude": -90.236099, "date": "5/17/2022" }, "geometry": { "type": "Point", "coordinates": [ -90.2361, 38.57184 ] } },
{ "type": "Feature", "properties": { "NIBRS_cat": "Motor Vehicle Theft", "crime_type": "Property", "latitude": 38.571854, "longitude": -90.234062, "date": "9/5/2025" }, "geometry": { "type": "Point", "coordinates": [ -90.23406, 38.57185 ] } },
{ "type": "Feature", "properties": { "NIBRS_cat": "Motor Vehicle Theft", "crime_type": "Property", "latitude": 38.571854, "longitude": -90.234062, "date": "9/5/2025" }, "geometry": { "type": "Point", "coordinates": [ -90.23406, 38.57185 ] } },
{ "type": "Feature", "properties": { "NIBRS_cat": "Theft From Building", "crime_type": "Property", "latitude": 38.571972, "longitude": -90.23555, "date": "9/5/2025" }, "geometry": { "type": "Point", "coordinates": [ -90.23555, 38.57197 ] } },
{ "type": "Feature", "properties": { "NIBRS_cat": "Burglary/Breaking and Entering", "crime_type": "Property", "latitude": 38.571972, "longitude": -90.23555, "date": "9/5/2025" }, "geometry": { "type": "Point", "coordinates": [ -90.23555, 38.57197 ] } },
{ "type": "Feature", "properties": { "NIBRS_cat": "Burglary/Breaking and Entering", "crime_type": "Property", "latitude": 38.571972, "longitude": -90.23555, "date": "9/5/2025" }, "geometry": { "type": "Point", "coordinates": [ -90.23555, 38.57197 ] } },
{ "type": "Feature", "properties": { "NIBRS_cat": "Theft From Building", "crime_type": "Property", "latitude": 38.571972, "longitude": -90.23555, "date": "9/5/2025" }, "geometry": { "type": "Point", "coordinates": [ -90.23555, 38.57197 ] } },
{ "type": "Feature", "properties": { "NIBRS_cat": "Weapons Law Violations", "crime_type": "Society", "latitude": 38.571999, "longitude": -90.240738, "date": "7/13/2025" }, "geometry": { "type": "Point", "coordinates": [ -90.24074, 38.572 ] } },
{ "type": "Feature", "properties": { "NIBRS_cat": "Weapons Law Violations", "crime_type": "Society", "latitude": 38.571999, "longitude": -90.240738, "date": "7/13/2025" }, "geometry": { "type": "Point", "coordinates": [ -90.24074, 38.572 ] } },
{ "type": "Feature", "properties": { "NIBRS_cat": "Drug/Narcotic Violations", "crime_type": "Society", "latitude": 38.572071, "longitude": -90.24073, "date": "9/23/2025" }, "geometry": { "type": "Point", "coordinates": [ -90.24073, 38.57207 ] } },
{ "type": "Feature", "properties": { "NIBRS_cat": "Weapons Law Violations", "crime_type": "Society", "latitude": 38.572071, "longitude": -90.24073, "date": "9/23/2025" }, "geometry": { "type": "Point", "coordinates": [ -90.24073, 38.57207 ] } },
{ "type": "Feature", "properties": { "NIBRS_cat": "Weapons Law Violations", "crime_type": "Society", "latitude": 38.572071, "longitude": -90.24073, "date": "9/23/2025" }, "geometry": { "type": "Point", "coordinates": [ -90.24073, 38.57207 ] } },
{ "type": "Feature", "properties": { "NIBRS_cat": "Weapons Law Violations", "crime_type": "Society", "latitude": 38.572071, "longitude": -90.24073, "date": "9/23/2025" }, "geometry": { "type": "Point", "coordinates": [ -90.24073, 38.57207 ] } },
{ "type": "Feature", "properties": { "NIBRS_cat": "Weapons Law Violations", "crime_type": "Society", "latitude": 38.572071, "longitude": -90.24073, "date": "9/23/2025" }, "geometry": { "type": "Point", "coordinates": [ -90.24073, 38.57207 ] } },
{ "type": "Feature", "properties": { "NIBRS_cat": "Drug/Narcotic Violations", "crime_type": "Society", "latitude": 38.572071, "longitude": -90.24073, "date": "9/23/2025" }, "geometry": { "type": "Point", "coordinates": [ -90.24073, 38.57207 ] } },
{ "type": "Feature", "properties": { "NIBRS_cat": "Weapons Law Violations", "crime_type": "Society", "latitude": 38.572258, "longitude": -90.252411, "date": "9/6/2025" }, "geometry": { "type": "Point", "coordinates": [ -90.25241, 38.57226 ] } },
{ "type": "Feature", "properties": { "NIBRS_cat": "Weapons Law Violations", "crime_type": "Society", "latitude": 38.572258, "longitude": -90.252411, "date": "9/6/2025" }, "geometry": { "type": "Point", "coordinates": [ -90.25241, 38.57226 ] } },
{ "type": "Feature", "properties": { "NIBRS_cat": "Weapons Law Violations", "crime_type": "Society", "latitude": 38.5723, "longitude": -90.244438, "date": "8/30/2025" }, "geometry": { "type": "Point", "coordinates": [ -90.24444, 38.5723 ] } },
{ "type": "Feature", "properties": { "NIBRS_cat": "Weapons Law Violations", "crime_type": "Society", "latitude": 38.5723, "longitude": -90.244438, "date": "8/30/2025" }, "geometry": { "type": "Point", "coordinates": [ -90.24444, 38.5723 ] } },
{ "type": "Feature", "properties": { "NIBRS_cat": "Burglary/Breaking and Entering", "crime_type": "Property", "latitude": 38.572411, "longitude": -90.23999, "date": "9/3/2025" }, "geometry": { "type": "Point", "coordinates": [ -90.23999, 38.57241 ] } },
{ "type": "Feature", "properties": { "NIBRS_cat": "Burglary/Breaking and Entering", "crime_type": "Property", "latitude": 38.572411, "longitude": -90.23999, "date": "9/3/2025" }, "geometry": { "type": "Point", "coordinates": [ -90.23999, 38.57241 ] } },
{ "type": "Feature", "properties": { "NIBRS_cat": "Weapons Law Violations", "crime_type": "Society", "latitude": 38.572445, "longitude": -90.241272, "date": "9/1/2025" }, "geometry": { "type": "Point", "coordinates": [ -90.24127, 38.57245 ] } },
{ "type": "Feature", "properties": { "NIBRS_cat": "Weapons Law Violations", "crime_type": "Society", "latitude": 38.572445, "longitude": -90.241272, "date": "9/1/2025" }, "geometry": { "type": "Point", "coordinates": [ -90.24127, 38.57245 ] } },
{ "type": "Feature", "properties": { "NIBRS_cat": "Weapons Law Violations", "crime_type": "Society", "latitude": 38.572483, "longitude": -90.240639, "date": "7/13/2025" }, "geometry": { "type": "Point", "coordinates": [ -90.24064, 38.57248 ] } },
{ "type": "Feature", "properties": { "NIBRS_cat": "Weapons Law Violations", "crime_type": "Society", "latitude": 38.572483, "longitude": -90.240639, "date": "7/13/2025" }, "geometry": { "type": "Point", "coordinates": [ -90.24064, 38.57248 ] } },
{ "type": "Feature", "properties": { "NIBRS_cat": "All Other Offenses", "crime_type": "Unspecified", "latitude": 38.572495, "longitude": -90.249336, "date": "9/30/2025" }, "geometry": { "type": "Point", "coordinates": [ -90.24934, 38.5725 ] } },
{ "type": "Feature", "properties": { "NIBRS_cat": "All Other Offenses", "crime_type": "Unspecified", "latitude": 38.572495, "longitude": -90.249336, "date": "9/30/2025" }, "geometry": { "type": "Point", "coordinates": [ -90.24934, 38.5725 ] } },
{ "type": "Feature", "properties": { "NIBRS_cat": "Drug/Narcotic Violations", "crime_type": "Society", "latitude": 38.572529, "longitude": -90.25058, "date": "9/30/2025" }, "geometry": { "type": "Point", "coordinates": [ -90.25058, 38.57253 ] } },
{ "type": "Feature", "properties": { "NIBRS_cat": "Drug/Narcotic Violations", "crime_type": "Society", "latitude": 38.572529, "longitude": -90.25058, "date": "9/30/2025" }, "geometry": { "type": "Point", "coordinates": [ -90.25058, 38.57253 ] } },
{ "type": "Feature", "properties": { "NIBRS_cat": "Aggravated Assault", "crime_type": "Person", "latitude": 38.572613, "longitude": -90.233421, "date": "9/26/2025" }, "geometry": { "type": "Point", "coordinates": [ -90.23342, 38.57261 ] } },
{ "type": "Feature", "properties": { "NIBRS_cat": "Destruction/Damage/Vandalism of Property", "crime_type": "Property", "latitude": 38.572613, "longitude": -90.233421, "date": "9/26/2025" }, "geometry": { "type": "Point", "coordinates": [ -90.23342, 38.57261 ] } },
{ "type": "Feature", "properties": { "NIBRS_cat": "Aggravated Assault", "crime_type": "Person", "latitude": 38.572613, "longitude": -90.233421, "date": "9/26/2025" }, "geometry": { "type": "Point", "coordinates": [ -90.23342, 38.57261 ] } },
{ "type": "Feature", "properties": { "NIBRS_cat": "Destruction/Damage/Vandalism of Property", "crime_type": "Property", "latitude": 38.572613, "longitude": -90.233421, "date": "9/26/2025" }, "geometry": { "type": "Point", "coordinates": [ -90.23342, 38.57261 ] } },
{ "type": "Feature", "properties": { "NIBRS_cat": "Weapons Law Violations", "crime_type": "Society", "latitude": 38.572613, "longitude": -90.233421, "date": "9/26/2025" }, "geometry": { "type": "Point", "coordinates": [ -90.23342, 38.57261 ] } },
{ "type": "Feature", "properties": { "NIBRS_cat": "Destruction/Damage/Vandalism of Property", "crime_type": "Property", "latitude": 38.572613, "longitude": -90.233421, "date": "9/26/2025" }, "geometry": { "type": "Point", "coordinates": [ -90.23342, 38.57261 ] } },
{ "type": "Feature", "properties": { "NIBRS_cat": "Weapons Law Violations", "crime_type": "Society", "latitude": 38.572613, "longitude": -90.233421, "date": "9/26/2025" }, "geometry": { "type": "Point", "coordinates": [ -90.23342, 38.57261 ] } },
{ "type": "Feature", "properties": { "NIBRS_cat": "Destruction/Damage/Vandalism of Property", "crime_type": "Property", "latitude": 38.572613, "longitude": -90.233421, "date": "9/26/2025" }, "geometry": { "type": "Point", "coordinates": [ -90.23342, 38.57261 ] } },
{ "type": "Feature", "properties": { "NIBRS_cat": "Aggravated Assault", "crime_type": "Person", "latitude": 38.572613, "longitude": -90.233421, "date": "9/26/2025" }, "geometry": { "type": "Point", "coordinates": [ -90.23342, 38.57261 ] } },
{ "type": "Feature", "properties": { "NIBRS_cat": "Aggravated Assault", "crime_type": "Person", "latitude": 38.572613, "longitude": -90.233421, "date": "9/26/2025" }, "geometry": { "type": "Point", "coordinates": [ -90.23342, 38.57261 ] } },
{ "type": "Feature", "properties": { "NIBRS_cat": "Aggravated Assault", "crime_type": "Person", "latitude": 38.572613, "longitude": -90.233421, "date": "9/26/2025" }, "geometry": { "type": "Point", "coordinates": [ -90.23342, 38.57261 ] } },
{ "type": "Feature", "properties": { "NIBRS_cat": "Aggravated Assault", "crime_type": "Person", "latitude": 38.572613, "longitude": -90.233421, "date": "9/26/2025" }, "geometry": { "type": "Point", "coordinates": [ -90.23342, 38.57261 ] } },
{ "type": "Feature", "properties": { "NIBRS_cat": "Theft From Building", "crime_type": "Property", "latitude": 38.572624, "longitude": -90.245064, "date": "9/27/2025" }, "geometry": { "type": "Point", "coordinates": [ -90.24506, 38.57262 ] } },
{ "type": "Feature", "properties": { "NIBRS_cat": "Theft From Building", "crime_type": "Property", "latitude": 38.572624, "longitude": -90.245064, "date": "9/27/2025" }, "geometry": { "type": "Point", "coordinates": [ -90.24506, 38.57262 ] } },
{ "type": "Feature", "properties": { "NIBRS_cat": "Theft From Building", "crime_type": "Property", "latitude": 38.572624, "longitude": -90.245064, "date": "9/27/2025" }, "geometry": { "type": "Point", "coordinates": [ -90.24506, 38.57262 ] } },
{ "type": "Feature", "properties": { "NIBRS_cat": "Theft From Building", "crime_type": "Property", "latitude": 38.572624, "longitude": -90.245064, "date": "9/27/2025" }, "geometry": { "type": "Point", "coordinates": [ -90.24506, 38.57262 ] } },
{ "type": "Feature", "properties": { "NIBRS_cat": "Theft From Motor Vehicle", "crime_type": "Property", "latitude": 38.572628, "longitude": -90.249123, "date": "9/27/2025" }, "geometry": { "type": "Point", "coordinates": [ -90.24912, 38.57263 ] } },
{ "type": "Feature", "properties": { "NIBRS_cat": "Destruction/Damage/Vandalism of Property", "crime_type": "Property", "latitude": 38.572628, "longitude": -90.249123, "date": "9/27/2025" }, "geometry": { "type": "Point", "coordinates": [ -90.24912, 38.57263 ] } },
{ "type": "Feature", "properties": { "NIBRS_cat": "Destruction/Damage/Vandalism of Property", "crime_type": "Property", "latitude": 38.572628, "longitude": -90.249123, "date": "9/27/2025" }, "geometry": { "type": "Point", "coordinates": [ -90.24912, 38.57263 ] } },
{ "type": "Feature", "properties": { "NIBRS_cat": "Theft From Motor Vehicle", "crime_type": "Property", "latitude": 38.572628, "longitude": -90.249123, "date": "9/27/2025" }, "geometry": { "type": "Point", "coordinates": [ -90.24912, 38.57263 ] } },
{ "type": "Feature", "properties": { "NIBRS_cat": "Weapons Law Violations", "crime_type": "Society", "latitude": 38.572662, "longitude": -90.24205, "date": "7/12/2025" }, "geometry": { "type": "Point", "coordinates": [ -90.24205, 38.57266 ] } },
{ "type": "Feature", "properties": { "NIBRS_cat": "Weapons Law Violations", "crime_type": "Society", "latitude": 38.572662, "longitude": -90.24205, "date": "7/12/2025" }, "geometry": { "type": "Point", "coordinates": [ -90.24205, 38.57266 ] } },
{ "type": "Feature", "properties": { "NIBRS_cat": "Weapons Law Violations", "crime_type": "Society", "latitude": 38.57267, "longitude": -90.246773, "date": "8/28/2025" }, "geometry": { "type": "Point", "coordinates": [ -90.24677, 38.57267 ] } },
{ "type": "Feature", "properties": { "NIBRS_cat": "Weapons Law Violations", "crime_type": "Society", "latitude": 38.57267, "longitude": -90.246773, "date": "8/28/2025" }, "geometry": { "type": "Point", "coordinates": [ -90.24677, 38.57267 ] } },
{ "type": "Feature", "properties": { "NIBRS_cat": "Theft From Motor Vehicle", "crime_type": "Property", "latitude": 38.572746, "longitude": -90.264648, "date": "9/19/2025" }, "geometry": { "type": "Point", "coordinates": [ -90.26465, 38.57275 ] } },
{ "type": "Feature", "properties": { "NIBRS_cat": "Theft From Motor Vehicle", "crime_type": "Property", "latitude": 38.572746, "longitude": -90.264648, "date": "9/19/2025" }, "geometry": { "type": "Point", "coordinates": [ -90.26465, 38.57275 ] } },
{ "type": "Feature", "properties": { "NIBRS_cat": "All Other Larceny", "crime_type": "Property", "latitude": 38.572754, "longitude": -90.253738, "date": "9/22/2025" }, "geometry": { "type": "Point", "coordinates": [ -90.25374, 38.57275 ] } },
{ "type": "Feature", "properties": { "NIBRS_cat": "All Other Larceny", "crime_type": "Property", "latitude": 38.572754, "longitude": -90.253738, "date": "9/22/2025" }, "geometry": { "type": "Point", "coordinates": [ -90.25374, 38.57275 ] } },
{ "type": "Feature", "properties": { "NIBRS_cat": "All Other Offenses", "crime_type": "Unspecified", "latitude": 38.572765, "longitude": -90.234711, "date": "9/20/2025" }, "geometry": { "type": "Point", "coordinates": [ -90.23471, 38.57276 ] } },
{ "type": "Feature", "properties": { "NIBRS_cat": "All Other Offenses", "crime_type": "Unspecified", "latitude": 38.572765, "longitude": -90.234711, "date": "9/20/2025" }, "geometry": { "type": "Point", "coordinates": [ -90.23471, 38.57276 ] } },
{ "type": "Feature", "properties": { "NIBRS_cat": "Weapons Law Violations", "crime_type": "Society", "latitude": 38.572777, "longitude": -90.2397, "date": "8/13/2025" }, "geometry": { "type": "Point", "coordinates": [ -90.2397, 38.57278 ] } },
{ "type": "Feature", "properties": { "NIBRS_cat": "Weapons Law Violations", "crime_type": "Society", "latitude": 38.572777, "longitude": -90.2397, "date": "8/13/2025" }, "geometry": { "type": "Point", "coordinates": [ -90.2397, 38.57278 ] } },
{ "type": "Feature", "properties": { "NIBRS_cat": "Weapons Law Violations", "crime_type": "Society", "latitude": 38.572784, "longitude": -90.241753, "date": "7/15/2025" }, "geometry": { "type": "Point", "coordinates": [ -90.24175, 38.57278 ] } },
{ "type": "Feature", "properties": { "NIBRS_cat": "Weapons Law Violations", "crime_type": "Society", "latitude": 38.572784, "longitude": -90.241753, "date": "7/15/2025" }, "geometry": { "type": "Point", "coordinates": [ -90.24175, 38.57278 ] } },
{ "type": "Feature", "properties": { "NIBRS_cat": "Stolen Property Offenses", "crime_type": "Property", "latitude": 38.572792, "longitude": -90.233788, "date": "9/2/2025" }, "geometry": { "type": "Point", "coordinates": [ -90.23379, 38.57279 ] } },
{ "type": "Feature", "properties": { "NIBRS_cat": "All Other Offenses", "crime_type": "Unspecified", "latitude": 38.572792, "longitude": -90.249832, "date": "9/2/2025" }, "geometry": { "type": "Point", "coordinates": [ -90.24983, 38.57279 ] } },
{ "type": "Feature", "properties": { "NIBRS_cat": "All Other Offenses", "crime_type": "Unspecified", "latitude": 38.572792, "longitude": -90.249832, "date": "9/2/2025" }, "geometry": { "type": "Point", "coordinates": [ -90.24983, 38.57279 ] } },
{ "type": "Feature", "properties": { "NIBRS_cat": "Intimidation", "crime_type": "Person", "latitude": 38.572792, "longitude": -90.249832, "date": "9/2/2025" }, "geometry": { "type": "Point", "coordinates": [ -90.24983, 38.57279 ] } },
{ "type": "Feature", "properties": { "NIBRS_cat": "Intimidation", "crime_type": "Person", "latitude": 38.572792, "longitude": -90.249832, "date": "9/2/2025" }, "geometry": { "type": "Point", "coordinates": [ -90.24983, 38.57279 ] } },
{ "type": "Feature", "properties": { "NIBRS_cat": "Stolen Property Offenses", "crime_type": "Property", "latitude": 38.572792, "longitude": -90.233788, "date": "9/2/2025" }, "geometry": { "type": "Point", "coordinates": [ -90.23379, 38.57279 ] } },
{ "type": "Feature", "properties": { "NIBRS_cat": "Simple Assault", "crime_type": "Person", "latitude": 38.572857, "longitude": -90.243767, "date": "8/27/2025" }, "geometry": { "type": "Point", "coordinates": [ -90.24377, 38.57286 ] } },
{ "type": "Feature", "properties": { "NIBRS_cat": "Purse-snatching", "crime_type": "Property", "latitude": 38.572857, "longitude": -90.243767, "date": "8/27/2025" }, "geometry": { "type": "Point", "coordinates": [ -90.24377, 38.57286 ] } },
{ "type": "Feature", "properties": { "NIBRS_cat": "Simple Assault", "crime_type": "Person", "latitude": 38.572857, "longitude": -90.243767, "date": "8/27/2025" }, "geometry": { "type": "Point", "coordinates": [ -90.24377, 38.57286 ] } },
{ "type": "Feature", "properties": { "NIBRS_cat": "Purse-snatching", "crime_type": "Property", "latitude": 38.572857, "longitude": -90.243767, "date": "8/27/2025" }, "geometry": { "type": "Point", "coordinates": [ -90.24377, 38.57286 ] } },
{ "type": "Feature", "properties": { "NIBRS_cat": "Robbery", "crime_type": "Person", "latitude": 38.572891, "longitude": -90.246468, "date": "9/26/2025" }, "geometry": { "type": "Point", "coordinates": [ -90.24647, 38.57289 ] } },
{ "type": "Feature", "properties": { "NIBRS_cat": "Robbery", "crime_type": "Person", "latitude": 38.572891, "longitude": -90.246468, "date": "9/26/2025" }, "geometry": { "type": "Point", "coordinates": [ -90.24647, 38.57289 ] } },
{ "type": "Feature", "properties": { "NIBRS_cat": "Simple Assault", "crime_type": "Person", "latitude": 38.572933, "longitude": -90.24958, "date": "9/10/2025" }, "geometry": { "type": "Point", "coordinates": [ -90.24958, 38.57293 ] } },
{ "type": "Feature", "properties": { "NIBRS_cat": "Simple Assault", "crime_type": "Person", "latitude": 38.572933, "longitude": -90.24958, "date": "9/10/2025" }, "geometry": { "type": "Point", "coordinates": [ -90.24958, 38.57293 ] } },
{ "type": "Feature", "properties": { "NIBRS_cat": "Stolen Property Offenses", "crime_type": "Property", "latitude": 38.572975, "longitude": -90.24678, "date": "9/22/2025" }, "geometry": { "type": "Point", "coordinates": [ -90.24678, 38.57297 ] } },
{ "type": "Feature", "properties": { "NIBRS_cat": "Stolen Property Offenses", "crime_type": "Property", "latitude": 38.572975, "longitude": -90.24678, "date": "9/22/2025" }, "geometry": { "type": "Point", "coordinates": [ -90.24678, 38.57297 ] } },
{ "type": "Feature", "properties": { "NIBRS_cat": "Stolen Property Offenses", "crime_type": "Property", "latitude": 38.57299, "longitude": -90.23394, "date": "9/19/2025" }, "geometry": { "type": "Point", "coordinates": [ -90.23394, 38.57299 ] } },
{ "type": "Feature", "properties": { "NIBRS_cat": "Drug/Narcotic Violations", "crime_type": "Society", "latitude": 38.57299, "longitude": -90.23394, "date": "9/19/2025" }, "geometry": { "type": "Point", "coordinates": [ -90.23394, 38.57299 ] } },
{ "type": "Feature", "properties": { "NIBRS_cat": "Stolen Property Offenses", "crime_type": "Property", "latitude": 38.57299, "longitude": -90.23394, "date": "9/19/2025" }, "geometry": { "type": "Point", "coordinates": [ -90.23394, 38.57299 ] } },
{ "type": "Feature", "properties": { "NIBRS_cat": "Stolen Property Offenses", "crime_type": "Property", "latitude": 38.57299, "longitude": -90.23394, "date": "9/19/2025" }, "geometry": { "type": "Point", "coordinates": [ -90.23394, 38.57299 ] } },
{ "type": "Feature", "properties": { "NIBRS_cat": "Stolen Property Offenses", "crime_type": "Property", "latitude": 38.57299, "longitude": -90.23394, "date": "9/19/2025" }, "geometry": { "type": "Point", "coordinates": [ -90.23394, 38.57299 ] } },
{ "type": "Feature", "properties": { "NIBRS_cat": "Drug/Narcotic Violations", "crime_type": "Society", "latitude": 38.57299, "longitude": -90.23394, "date": "9/19/2025" }, "geometry": { "type": "Point", "coordinates": [ -90.23394, 38.57299 ] } },
{ "type": "Feature", "properties": { "NIBRS_cat": "Disorderly Conduct", "crime_type": "Society", "latitude": 38.573002, "longitude": -90.257988, "date": "9/24/2025" }, "geometry": { "type": "Point", "coordinates": [ -90.25799, 38.573 ] } },
{ "type": "Feature", "properties": { "NIBRS_cat": "Disorderly Conduct", "crime_type": "Society", "latitude": 38.573002, "longitude": -90.257988, "date": "9/24/2025" }, "geometry": { "type": "Point", "coordinates": [ -90.25799, 38.573 ] } },
{ "type": "Feature", "properties": { "NIBRS_cat": "Weapons Law Violations", "crime_type": "Society", "latitude": 38.573009, "longitude": -90.236511, "date": "9/6/2025" }, "geometry": { "type": "Point", "coordinates": [ -90.23651, 38.57301 ] } },
{ "type": "Feature", "properties": { "NIBRS_cat": "Weapons Law Violations", "crime_type": "Society", "latitude": 38.573009, "longitude": -90.236511, "date": "9/6/2025" }, "geometry": { "type": "Point", "coordinates": [ -90.23651, 38.57301 ] } },
{ "type": "Feature", "properties": { "NIBRS_cat": "Burglary/Breaking and Entering", "crime_type": "Property", "latitude": 38.573025, "longitude": -90.241196, "date": "9/8/2025" }, "geometry": { "type": "Point", "coordinates": [ -90.2412, 38.57303 ] } },
{ "type": "Feature", "properties": { "NIBRS_cat": "Burglary/Breaking and Entering", "crime_type": "Property", "latitude": 38.573025, "longitude": -90.241196, "date": "9/8/2025" }, "geometry": { "type": "Point", "coordinates": [ -90.2412, 38.57303 ] } },
{ "type": "Feature", "properties": { "NIBRS_cat": "Weapons Law Violations", "crime_type": "Society", "latitude": 38.573044, "longitude": -90.241821, "date": "7/18/2025" }, "geometry": { "type": "Point", "coordinates": [ -90.24182, 38.57304 ] } },
{ "type": "Feature", "properties": { "NIBRS_cat": "Weapons Law Violations", "crime_type": "Society", "latitude": 38.573044, "longitude": -90.241821, "date": "7/18/2025" }, "geometry": { "type": "Point", "coordinates": [ -90.24182, 38.57304 ] } },
{ "type": "Feature", "properties": { "NIBRS_cat": "Disorderly Conduct", "crime_type": "Society", "latitude": 38.573082, "longitude": -90.26506, "date": "9/7/2025" }, "geometry": { "type": "Point", "coordinates": [ -90.26506, 38.57308 ] } },
{ "type": "Feature", "properties": { "NIBRS_cat": "Disorderly Conduct", "crime_type": "Society", "latitude": 38.573082, "longitude": -90.26506, "date": "9/7/2025" }, "geometry": { "type": "Point", "coordinates": [ -90.26506, 38.57308 ] } },
{ "type": "Feature", "properties": { "NIBRS_cat": "Weapons Law Violations", "crime_type": "Society", "latitude": 38.573135, "longitude": -90.242569, "date": "9/11/2025" }, "geometry": { "type": "Point", "coordinates": [ -90.24257, 38.57314 ] } },
{ "type": "Feature", "properties": { "NIBRS_cat": "Weapons Law Violations", "crime_type": "Society", "latitude": 38.573135, "longitude": -90.242569, "date": "9/11/2025" }, "geometry": { "type": "Point", "coordinates": [ -90.24257, 38.57314 ] } },
{ "type": "Feature", "properties": { "NIBRS_cat": "Weapons Law Violations", "crime_type": "Society", "latitude": 38.573135, "longitude": -90.242569, "date": "9/11/2025" }, "geometry": { "type": "Point", "coordinates": [ -90.24257, 38.57314 ] } },
{ "type": "Feature", "properties": { "NIBRS_cat": "Weapons Law Violations", "crime_type": "Society", "latitude": 38.573135, "longitude": -90.242569, "date": "9/11/2025" }, "geometry": { "type": "Point", "coordinates": [ -90.24257, 38.57314 ] } },
{ "type": "Feature", "properties": { "NIBRS_cat": "Weapons Law Violations", "crime_type": "Society", "latitude": 38.573154, "longitude": -90.243042, "date": "9/13/2025" }, "geometry": { "type": "Point", "coordinates": [ -90.24304, 38.57315 ] } },
{ "type": "Feature", "properties": { "NIBRS_cat": "Weapons Law Violations", "crime_type": "Society", "latitude": 38.573154, "longitude": -90.243042, "date": "9/13/2025" }, "geometry": { "type": "Point", "coordinates": [ -90.24304, 38.57315 ] } },
{ "type": "Feature", "properties": { "NIBRS_cat": "Weapons Law Violations", "crime_type": "Society", "latitude": 38.573189, "longitude": -90.255379, "date": "8/28/2025" }, "geometry": { "type": "Point", "coordinates": [ -90.25538, 38.57319 ] } },
{ "type": "Feature", "properties": { "NIBRS_cat": "Weapons Law Violations", "crime_type": "Society", "latitude": 38.573189, "longitude": -90.255379, "date": "8/28/2025" }, "geometry": { "type": "Point", "coordinates": [ -90.25538, 38.57319 ] } },
{ "type": "Feature", "properties": { "NIBRS_cat": "Destruction/Damage/Vandalism of Property", "crime_type": "Property", "latitude": 38.573257, "longitude": -90.249313, "date": "5/27/2025" }, "geometry": { "type": "Point", "coordinates": [ -90.24931, 38.57326 ] } },
{ "type": "Feature", "properties": { "NIBRS_cat": "Destruction/Damage/Vandalism of Property", "crime_type": "Property", "latitude": 38.573257, "longitude": -90.249313, "date": "5/27/2025" }, "geometry": { "type": "Point", "coordinates": [ -90.24931, 38.57326 ] } },
{ "type": "Feature", "properties": { "NIBRS_cat": "Weapons Law Violations", "crime_type": "Society", "latitude": 38.573292, "longitude": -90.244728, "date": "9/16/2025" }, "geometry": { "type": "Point", "coordinates": [ -90.24473, 38.57329 ] } },
{ "type": "Feature", "properties": { "NIBRS_cat": "Weapons Law Violations", "crime_type": "Society", "latitude": 38.573292, "longitude": -90.244728, "date": "9/16/2025" }, "geometry": { "type": "Point", "coordinates": [ -90.24473, 38.57329 ] } },
{ "type": "Feature", "properties": { "NIBRS_cat": "Theft From Motor Vehicle", "crime_type": "Property", "latitude": 38.573353, "longitude": -90.269966, "date": "9/8/2025" }, "geometry": { "type": "Point", "coordinates": [ -90.26997, 38.57335 ] } },
{ "type": "Feature", "properties": { "NIBRS_cat": "Theft From Motor Vehicle", "crime_type": "Property", "latitude": 38.573353, "longitude": -90.269966, "date": "9/8/2025" }, "geometry": { "type": "Point", "coordinates": [ -90.26997, 38.57335 ] } },
{ "type": "Feature", "properties": { "NIBRS_cat": "Weapons Law Violations", "crime_type": "Society", "latitude": 38.573402, "longitude": -90.256973, "date": "9/11/2025" }, "geometry": { "type": "Point", "coordinates": [ -90.25697, 38.5734 ] } },
{ "type": "Feature", "properties": { "NIBRS_cat": "Weapons Law Violations", "crime_type": "Society", "latitude": 38.573402, "longitude": -90.256973, "date": "9/11/2025" }, "geometry": { "type": "Point", "coordinates": [ -90.25697, 38.5734 ] } },
{ "type": "Feature", "properties": { "NIBRS_cat": "Weapons Law Violations", "crime_type": "Society", "latitude": 38.573402, "longitude": -90.256973, "date": "9/11/2025" }, "geometry": { "type": "Point", "coordinates": [ -90.25697, 38.5734 ] } },
{ "type": "Feature", "properties": { "NIBRS_cat": "Weapons Law Violations", "crime_type": "Society", "latitude": 38.573402, "longitude": -90.256973, "date": "9/11/2025" }, "geometry": { "type": "Point", "coordinates": [ -90.25697, 38.5734 ] } },
{ "type": "Feature", "properties": { "NIBRS_cat": "Motor Vehicle Theft", "crime_type": "Property", "latitude": 38.573433, "longitude": -90.249023, "date": "7/16/2025" }, "geometry": { "type": "Point", "coordinates": [ -90.24902, 38.57343 ] } },
{ "type": "Feature", "properties": { "NIBRS_cat": "Motor Vehicle Theft", "crime_type": "Property", "latitude": 38.573433, "longitude": -90.249023, "date": "7/16/2025" }, "geometry": { "type": "Point", "coordinates": [ -90.24902, 38.57343 ] } },
{ "type": "Feature", "properties": { "NIBRS_cat": "Intimidation", "crime_type": "Person", "latitude": 38.573444, "longitude": -90.246063, "date": "9/15/2025" }, "geometry": { "type": "Point", "coordinates": [ -90.24606, 38.57344 ] } },
{ "type": "Feature", "properties": { "NIBRS_cat": "Intimidation", "crime_type": "Person", "latitude": 38.573444, "longitude": -90.246063, "date": "9/15/2025" }, "geometry": { "type": "Point", "coordinates": [ -90.24606, 38.57344 ] } },
{ "type": "Feature", "properties": { "NIBRS_cat": "Intimidation", "crime_type": "Person", "latitude": 38.573444, "longitude": -90.246063, "date": "9/15/2025" }, "geometry": { "type": "Point", "coordinates": [ -90.24606, 38.57344 ] } },
{ "type": "Feature", "properties": { "NIBRS_cat": "Intimidation", "crime_type": "Person", "latitude": 38.573444, "longitude": -90.246063, "date": "9/15/2025" }, "geometry": { "type": "Point", "coordinates": [ -90.24606, 38.57344 ] } },
{ "type": "Feature", "properties": { "NIBRS_cat": "Motor Vehicle Theft", "crime_type": "Property", "latitude": 38.573448, "longitude": -90.236275, "date": "9/17/2025" }, "geometry": { "type": "Point", "coordinates": [ -90.23628, 38.57345 ] } },
{ "type": "Feature", "properties": { "NIBRS_cat": "Motor Vehicle Theft", "crime_type": "Property", "latitude": 38.573448, "longitude": -90.236275, "date": "9/17/2025" }, "geometry": { "type": "Point", "coordinates": [ -90.23628, 38.57345 ] } },
{ "type": "Feature", "properties": { "NIBRS_cat": "Weapons Law Violations", "crime_type": "Society", "latitude": 38.573463, "longitude": -90.241661, "date": "9/15/2025" }, "geometry": { "type": "Point", "coordinates": [ -90.24166, 38.57346 ] } },
{ "type": "Feature", "properties": { "NIBRS_cat": "Theft From Motor Vehicle", "crime_type": "Property", "latitude": 38.573463, "longitude": -90.24913, "date": "9/30/2025" }, "geometry": { "type": "Point", "coordinates": [ -90.24913, 38.57346 ] } },
{ "type": "Feature", "properties": { "NIBRS_cat": "Rape", "crime_type": "Person", "latitude": 38.573463, "longitude": -90.238586, "date": "9/27/2025" }, "geometry": { "type": "Point", "coordinates": [ -90.23859, 38.57346 ] } },
{ "type": "Feature", "properties": { "NIBRS_cat": "Rape", "crime_type": "Person", "latitude": 38.573463, "longitude": -90.238586, "date": "9/27/2025" }, "geometry": { "type": "Point", "coordinates": [ -90.23859, 38.57346 ] } },
{ "type": "Feature", "properties": { "NIBRS_cat": "Weapons Law Violations", "crime_type": "Society", "latitude": 38.573463, "longitude": -90.241661, "date": "9/15/2025" }, "geometry": { "type": "Point", "coordinates": [ -90.24166, 38.57346 ] } },
{ "type": "Feature", "properties": { "NIBRS_cat": "Theft From Motor Vehicle", "crime_type": "Property", "latitude": 38.573463, "longitude": -90.24913, "date": "9/30/2025" }, "geometry": { "type": "Point", "coordinates": [ -90.24913, 38.57346 ] } },
{ "type": "Feature", "properties": { "NIBRS_cat": "Weapons Law Violations", "crime_type": "Society", "latitude": 38.573483, "longitude": -90.236259, "date": "6/27/2025" }, "geometry": { "type": "Point", "coordinates": [ -90.23626, 38.57348 ] } },
{ "type": "Feature", "properties": { "NIBRS_cat": "Weapons Law Violations", "crime_type": "Society", "latitude": 38.573483, "longitude": -90.236259, "date": "6/27/2025" }, "geometry": { "type": "Point", "coordinates": [ -90.23626, 38.57348 ] } },
{ "type": "Feature", "properties": { "NIBRS_cat": "Disorderly Conduct", "crime_type": "Society", "latitude": 38.57349, "longitude": -90.249771, "date": "9/10/2025" }, "geometry": { "type": "Point", "coordinates": [ -90.24977, 38.57349 ] } },
{ "type": "Feature", "properties": { "NIBRS_cat": "Disorderly Conduct", "crime_type": "Society", "latitude": 38.57349, "longitude": -90.249771, "date": "9/10/2025" }, "geometry": { "type": "Point", "coordinates": [ -90.24977, 38.57349 ] } },
{ "type": "Feature", "properties": { "NIBRS_cat": "Weapons Law Violations", "crime_type": "Society", "latitude": 38.573532, "longitude": -90.249069, "date": "9/20/2025" }, "geometry": { "type": "Point", "coordinates": [ -90.24907, 38.57353 ] } },
{ "type": "Feature", "properties": { "NIBRS_cat": "Weapons Law Violations", "crime_type": "Society", "latitude": 38.573532, "longitude": -90.249069, "date": "9/20/2025" }, "geometry": { "type": "Point", "coordinates": [ -90.24907, 38.57353 ] } },
{ "type": "Feature", "properties": { "NIBRS_cat": "Weapons Law Violations", "crime_type": "Society", "latitude": 38.573658, "longitude": -90.25248, "date": "8/30/2025" }, "geometry": { "type": "Point", "coordinates": [ -90.25248, 38.57366 ] } },
{ "type": "Feature", "properties": { "NIBRS_cat": "Weapons Law Violations", "crime_type": "Society", "latitude": 38.573658, "longitude": -90.25248, "date": "8/30/2025" }, "geometry": { "type": "Point", "coordinates": [ -90.25248, 38.57366 ] } },
{ "type": "Feature", "properties": { "NIBRS_cat": "All Other Larceny", "crime_type": "Property", "latitude": 38.574028, "longitude": -90.243362, "date": "9/6/2025" }, "geometry": { "type": "Point", "coordinates": [ -90.24336, 38.57403 ] } },
{ "type": "Feature", "properties": { "NIBRS_cat": "All Other Larceny", "crime_type": "Property", "latitude": 38.574028, "longitude": -90.243362, "date": "9/6/2025" }, "geometry": { "type": "Point", "coordinates": [ -90.24336, 38.57403 ] } },
{ "type": "Feature", "properties": { "NIBRS_cat": "All Other Offenses", "crime_type": "Unspecified", "latitude": 38.574089, "longitude": -90.24202, "date": "6/14/2024" }, "geometry": { "type": "Point", "coordinates": [ -90.24202, 38.57409 ] } },
{ "type": "Feature", "properties": { "NIBRS_cat": "Simple Assault", "crime_type": "Person", "latitude": 38.574089, "longitude": -90.24202, "date": "6/14/2024" }, "geometry": { "type": "Point", "coordinates": [ -90.24202, 38.57409 ] } },
{ "type": "Feature", "properties": { "NIBRS_cat": "Simple Assault", "crime_type": "Person", "latitude": 38.574089, "longitude": -90.24202, "date": "6/14/2024" }, "geometry": { "type": "Point", "coordinates": [ -90.24202, 38.57409 ] } },
{ "type": "Feature", "properties": { "NIBRS_cat": "All Other Offenses", "crime_type": "Unspecified", "latitude": 38.574089, "longitude": -90.24202, "date": "6/14/2024" }, "geometry": { "type": "Point", "coordinates": [ -90.24202, 38.57409 ] } },
{ "type": "Feature", "properties": { "NIBRS_cat": "Theft From Building", "crime_type": "Property", "latitude": 38.574326, "longitude": -90.260674, "date": "12/30/2024" }, "geometry": { "type": "Point", "coordinates": [ -90.26067, 38.57433 ] } },
{ "type": "Feature", "properties": { "NIBRS_cat": "Theft From Building", "crime_type": "Property", "latitude": 38.574326, "longitude": -90.260674, "date": "12/30/2024" }, "geometry": { "type": "Point", "coordinates": [ -90.26067, 38.57433 ] } },
{ "type": "Feature", "properties": { "NIBRS_cat": "Burglary/Breaking and Entering", "crime_type": "Property", "latitude": 38.574326, "longitude": -90.260674, "date": "12/30/2024" }, "geometry": { "type": "Point", "coordinates": [ -90.26067, 38.57433 ] } },
{ "type": "Feature", "properties": { "NIBRS_cat": "Burglary/Breaking and Entering", "crime_type": "Property", "latitude": 38.574326, "longitude": -90.260674, "date": "12/30/2024" }, "geometry": { "type": "Point", "coordinates": [ -90.26067, 38.57433 ] } },
{ "type": "Feature", "properties": { "NIBRS_cat": "Theft From Building", "crime_type": "Property", "latitude": 38.574375, "longitude": -90.266342, "date": "9/11/2025" }, "geometry": { "type": "Point", "coordinates": [ -90.26634, 38.57438 ] } },
{ "type": "Feature", "properties": { "NIBRS_cat": "Theft From Building", "crime_type": "Property", "latitude": 38.574375, "longitude": -90.266342, "date": "9/11/2025" }, "geometry": { "type": "Point", "coordinates": [ -90.26634, 38.57438 ] } },
{ "type": "Feature", "properties": { "NIBRS_cat": "Trespass of Real Property", "crime_type": "Society", "latitude": 38.574409, "longitude": -90.241463, "date": "9/23/2025" }, "geometry": { "type": "Point", "coordinates": [ -90.24146, 38.57441 ] } },
{ "type": "Feature", "properties": { "NIBRS_cat": "Trespass of Real Property", "crime_type": "Society", "latitude": 38.574409, "longitude": -90.241463, "date": "9/23/2025" }, "geometry": { "type": "Point", "coordinates": [ -90.24146, 38.57441 ] } },
{ "type": "Feature", "properties": { "NIBRS_cat": "All Other Offenses", "crime_type": "Unspecified", "latitude": 38.574409, "longitude": -90.241463, "date": "9/23/2025" }, "geometry": { "type": "Point", "coordinates": [ -90.24146, 38.57441 ] } },
{ "type": "Feature", "properties": { "NIBRS_cat": "All Other Offenses", "crime_type": "Unspecified", "latitude": 38.574409, "longitude": -90.241463, "date": "9/23/2025" }, "geometry": { "type": "Point", "coordinates": [ -90.24146, 38.57441 ] } },
{ "type": "Feature", "properties": { "NIBRS_cat": "Burglary/Breaking and Entering", "crime_type": "Property", "latitude": 38.57444, "longitude": -90.261673, "date": "9/25/2025" }, "geometry": { "type": "Point", "coordinates": [ -90.26167, 38.57444 ] } },
{ "type": "Feature", "properties": { "NIBRS_cat": "Burglary/Breaking and Entering", "crime_type": "Property", "latitude": 38.57444, "longitude": -90.261673, "date": "9/25/2025" }, "geometry": { "type": "Point", "coordinates": [ -90.26167, 38.57444 ] } },
{ "type": "Feature", "properties": { "NIBRS_cat": "Burglary/Breaking and Entering", "crime_type": "Property", "latitude": 38.574451, "longitude": -90.261932, "date": "9/9/2025" }, "geometry": { "type": "Point", "coordinates": [ -90.26193, 38.57445 ] } },
{ "type": "Feature", "properties": { "NIBRS_cat": "Burglary/Breaking and Entering", "crime_type": "Property", "latitude": 38.574451, "longitude": -90.261932, "date": "9/9/2025" }, "geometry": { "type": "Point", "coordinates": [ -90.26193, 38.57445 ] } },
{ "type": "Feature", "properties": { "NIBRS_cat": "Burglary/Breaking and Entering", "crime_type": "Property", "latitude": 38.574471, "longitude": -90.259171, "date": "9/10/2025" }, "geometry": { "type": "Point", "coordinates": [ -90.25917, 38.57447 ] } },
{ "type": "Feature", "properties": { "NIBRS_cat": "Burglary/Breaking and Entering", "crime_type": "Property", "latitude": 38.574471, "longitude": -90.259171, "date": "9/10/2025" }, "geometry": { "type": "Point", "coordinates": [ -90.25917, 38.57447 ] } },
{ "type": "Feature", "properties": { "NIBRS_cat": "Motor Vehicle Theft", "crime_type": "Property", "latitude": 38.574532, "longitude": -90.253242, "date": "4/2/2023" }, "geometry": { "type": "Point", "coordinates": [ -90.25324, 38.57453 ] } },
{ "type": "Feature", "properties": { "NIBRS_cat": "Motor Vehicle Theft", "crime_type": "Property", "latitude": 38.574532, "longitude": -90.253242, "date": "4/2/2023" }, "geometry": { "type": "Point", "coordinates": [ -90.25324, 38.57453 ] } },
{ "type": "Feature", "properties": { "NIBRS_cat": "Drug/Narcotic Violations", "crime_type": "Society", "latitude": 38.574627, "longitude": -90.243767, "date": "9/29/2025" }, "geometry": { "type": "Point", "coordinates": [ -90.24377, 38.57463 ] } },
{ "type": "Feature", "properties": { "NIBRS_cat": "Drug/Narcotic Violations", "crime_type": "Society", "latitude": 38.574627, "longitude": -90.243767, "date": "9/29/2025" }, "geometry": { "type": "Point", "coordinates": [ -90.24377, 38.57463 ] } },
{ "type": "Feature", "properties": { "NIBRS_cat": "All Other Offenses", "crime_type": "Unspecified", "latitude": 38.574696, "longitude": -90.2491, "date": "9/25/2025" }, "geometry": { "type": "Point", "coordinates": [ -90.2491, 38.5747 ] } },
{ "type": "Feature", "properties": { "NIBRS_cat": "All Other Offenses", "crime_type": "Unspecified", "latitude": 38.574696, "longitude": -90.2491, "date": "9/25/2025" }, "geometry": { "type": "Point", "coordinates": [ -90.2491, 38.5747 ] } },
{ "type": "Feature", "properties": { "NIBRS_cat": "Weapons Law Violations", "crime_type": "Society", "latitude": 38.574924, "longitude": -90.254723, "date": "9/23/2025" }, "geometry": { "type": "Point", "coordinates": [ -90.25472, 38.57492 ] } },
{ "type": "Feature", "properties": { "NIBRS_cat": "Weapons Law Violations", "crime_type": "Society", "latitude": 38.574924, "longitude": -90.254723, "date": "9/23/2025" }, "geometry": { "type": "Point", "coordinates": [ -90.25472, 38.57492 ] } },
{ "type": "Feature", "properties": { "NIBRS_cat": "Weapons Law Violations", "crime_type": "Society", "latitude": 38.575211, "longitude": -90.2453, "date": "9/16/2025" }, "geometry": { "type": "Point", "coordinates": [ -90.2453, 38.57521 ] } },
{ "type": "Feature", "properties": { "NIBRS_cat": "Weapons Law Violations", "crime_type": "Society", "latitude": 38.575211, "longitude": -90.2453, "date": "9/16/2025" }, "geometry": { "type": "Point", "coordinates": [ -90.2453, 38.57521 ] } },
{ "type": "Feature", "properties": { "NIBRS_cat": "Destruction/Damage/Vandalism of Property", "crime_type": "Property", "latitude": 38.575253, "longitude": -90.24118, "date": "9/3/2025" }, "geometry": { "type": "Point", "coordinates": [ -90.24118, 38.57525 ] } },
{ "type": "Feature", "properties": { "NIBRS_cat": "Destruction/Damage/Vandalism of Property", "crime_type": "Property", "latitude": 38.575253, "longitude": -90.24118, "date": "9/3/2025" }, "geometry": { "type": "Point", "coordinates": [ -90.24118, 38.57525 ] } },
{ "type": "Feature", "properties": { "NIBRS_cat": "Simple Assault", "crime_type": "Person", "latitude": 38.575348, "longitude": -90.244423, "date": "9/18/2025" }, "geometry": { "type": "Point", "coordinates": [ -90.24442, 38.57535 ] } },
{ "type": "Feature", "properties": { "NIBRS_cat": "Simple Assault", "crime_type": "Person", "latitude": 38.575348, "longitude": -90.244423, "date": "9/18/2025" }, "geometry": { "type": "Point", "coordinates": [ -90.24442, 38.57535 ] } },
{ "type": "Feature", "properties": { "NIBRS_cat": "Motor Vehicle Theft", "crime_type": "Property", "latitude": 38.575363, "longitude": -90.248543, "date": "9/23/2025" }, "geometry": { "type": "Point", "coordinates": [ -90.24854, 38.57536 ] } },
{ "type": "Feature", "properties": { "NIBRS_cat": "Motor Vehicle Theft", "crime_type": "Property", "latitude": 38.575363, "longitude": -90.248543, "date": "9/23/2025" }, "geometry": { "type": "Point", "coordinates": [ -90.24854, 38.57536 ] } },
{ "type": "Feature", "properties": { "NIBRS_cat": "Motor Vehicle Theft", "crime_type": "Property", "latitude": 38.575367, "longitude": -90.273712, "date": "9/21/2025" }, "geometry": { "type": "Point", "coordinates": [ -90.27371, 38.57537 ] } },
{ "type": "Feature", "properties": { "NIBRS_cat": "Motor Vehicle Theft", "crime_type": "Property", "latitude": 38.575367, "longitude": -90.273712, "date": "9/21/2025" }, "geometry": { "type": "Point", "coordinates": [ -90.27371, 38.57537 ] } },
{ "type": "Feature", "properties": { "NIBRS_cat": "Weapons Law Violations", "crime_type": "Society", "latitude": 38.575554, "longitude": -90.24028, "date": "7/24/2025" }, "geometry": { "type": "Point", "coordinates": [ -90.24028, 38.57555 ] } },
{ "type": "Feature", "properties": { "NIBRS_cat": "Weapons Law Violations", "crime_type": "Society", "latitude": 38.575554, "longitude": -90.24028, "date": "7/24/2025" }, "geometry": { "type": "Point", "coordinates": [ -90.24028, 38.57555 ] } },
{ "type": "Feature", "properties": { "NIBRS_cat": "Weapons Law Violations", "crime_type": "Society", "latitude": 38.575684, "longitude": -90.240982, "date": "8/27/2025" }, "geometry": { "type": "Point", "coordinates": [ -90.24098, 38.57568 ] } },
{ "type": "Feature", "properties": { "NIBRS_cat": "Weapons Law Violations", "crime_type": "Society", "latitude": 38.575684, "longitude": -90.240982, "date": "8/27/2025" }, "geometry": { "type": "Point", "coordinates": [ -90.24098, 38.57568 ] } },
{ "type": "Feature", "properties": { "NIBRS_cat": "Disorderly Conduct", "crime_type": "Society", "latitude": 38.575687, "longitude": -90.258232, "date": "9/23/2025" }, "geometry": { "type": "Point", "coordinates": [ -90.25823, 38.57569 ] } },
{ "type": "Feature", "properties": { "NIBRS_cat": "Destruction/Damage/Vandalism of Property", "crime_type": "Property", "latitude": 38.575687, "longitude": -90.258232, "date": "9/23/2025" }, "geometry": { "type": "Point", "coordinates": [ -90.25823, 38.57569 ] } },
{ "type": "Feature", "properties": { "NIBRS_cat": "Destruction/Damage/Vandalism of Property", "crime_type": "Property", "latitude": 38.575687, "longitude": -90.258232, "date": "9/23/2025" }, "geometry": { "type": "Point", "coordinates": [ -90.25823, 38.57569 ] } },
{ "type": "Feature", "properties": { "NIBRS_cat": "Disorderly Conduct", "crime_type": "Society", "latitude": 38.575687, "longitude": -90.258232, "date": "9/23/2025" }, "geometry": { "type": "Point", "coordinates": [ -90.25823, 38.57569 ] } },
{ "type": "Feature", "properties": { "NIBRS_cat": "Drug/Narcotic Violations", "crime_type": "Society", "latitude": 38.575699, "longitude": -90.24826, "date": "2/28/2024" }, "geometry": { "type": "Point", "coordinates": [ -90.24826, 38.5757 ] } },
{ "type": "Feature", "properties": { "NIBRS_cat": "Drug/Narcotic Violations", "crime_type": "Society", "latitude": 38.575699, "longitude": -90.24826, "date": "2/28/2024" }, "geometry": { "type": "Point", "coordinates": [ -90.24826, 38.5757 ] } },
{ "type": "Feature", "properties": { "NIBRS_cat": "All Other Offenses", "crime_type": "Unspecified", "latitude": 38.575733, "longitude": -90.245003, "date": "9/21/2025" }, "geometry": { "type": "Point", "coordinates": [ -90.245, 38.57573 ] } },
{ "type": "Feature", "properties": { "NIBRS_cat": "All Other Offenses", "crime_type": "Unspecified", "latitude": 38.575733, "longitude": -90.245003, "date": "9/21/2025" }, "geometry": { "type": "Point", "coordinates": [ -90.245, 38.57573 ] } },
{ "type": "Feature", "properties": { "NIBRS_cat": "Weapons Law Violations", "crime_type": "Society", "latitude": 38.575813, "longitude": -90.236427, "date": "9/26/2025" }, "geometry": { "type": "Point", "coordinates": [ -90.23643, 38.57581 ] } },
{ "type": "Feature", "properties": { "NIBRS_cat": "Weapons Law Violations", "crime_type": "Society", "latitude": 38.575813, "longitude": -90.236427, "date": "9/26/2025" }, "geometry": { "type": "Point", "coordinates": [ -90.23643, 38.57581 ] } },
{ "type": "Feature", "properties": { "NIBRS_cat": "Motor Vehicle Theft", "crime_type": "Property", "latitude": 38.575985, "longitude": -90.233757, "date": "9/28/2025" }, "geometry": { "type": "Point", "coordinates": [ -90.23376, 38.57599 ] } },
{ "type": "Feature", "properties": { "NIBRS_cat": "Motor Vehicle Theft", "crime_type": "Property", "latitude": 38.575985, "longitude": -90.233757, "date": "9/28/2025" }, "geometry": { "type": "Point", "coordinates": [ -90.23376, 38.57599 ] } },
{ "type": "Feature", "properties": { "NIBRS_cat": "Weapons Law Violations", "crime_type": "Society", "latitude": 38.576038, "longitude": -90.238052, "date": "9/24/2025" }, "geometry": { "type": "Point", "coordinates": [ -90.23805, 38.57604 ] } },
{ "type": "Feature", "properties": { "NIBRS_cat": "Weapons Law Violations", "crime_type": "Society", "latitude": 38.576038, "longitude": -90.238052, "date": "9/24/2025" }, "geometry": { "type": "Point", "coordinates": [ -90.23805, 38.57604 ] } },
{ "type": "Feature", "properties": { "NIBRS_cat": "Rape", "crime_type": "Person", "latitude": 38.576061, "longitude": -90.238678, "date": "9/7/2025" }, "geometry": { "type": "Point", "coordinates": [ -90.23868, 38.57606 ] } },
{ "type": "Feature", "properties": { "NIBRS_cat": "Rape", "crime_type": "Person", "latitude": 38.576061, "longitude": -90.238678, "date": "9/7/2025" }, "geometry": { "type": "Point", "coordinates": [ -90.23868, 38.57606 ] } },
{ "type": "Feature", "properties": { "NIBRS_cat": "Destruction/Damage/Vandalism of Property", "crime_type": "Property", "latitude": 38.576061, "longitude": -90.238678, "date": "9/7/2025" }, "geometry": { "type": "Point", "coordinates": [ -90.23868, 38.57606 ] } },
{ "type": "Feature", "properties": { "NIBRS_cat": "All Other Offenses", "crime_type": "Unspecified", "latitude": 38.576061, "longitude": -90.238678, "date": "9/7/2025" }, "geometry": { "type": "Point", "coordinates": [ -90.23868, 38.57606 ] } },
{ "type": "Feature", "properties": { "NIBRS_cat": "Sodomy", "crime_type": "Person", "latitude": 38.576061, "longitude": -90.238678, "date": "9/7/2025" }, "geometry": { "type": "Point", "coordinates": [ -90.23868, 38.57606 ] } },
{ "type": "Feature", "properties": { "NIBRS_cat": "Murder and Nonnegligent Manslaughter", "crime_type": "Person", "latitude": 38.576061, "longitude": -90.238678, "date": "9/7/2025" }, "geometry": { "type": "Point", "coordinates": [ -90.23868, 38.57606 ] } },
{ "type": "Feature", "properties": { "NIBRS_cat": "Destruction/Damage/Vandalism of Property", "crime_type": "Property", "latitude": 38.576061, "longitude": -90.238678, "date": "9/7/2025" }, "geometry": { "type": "Point", "coordinates": [ -90.23868, 38.57606 ] } },
{ "type": "Feature", "properties": { "NIBRS_cat": "All Other Offenses", "crime_type": "Unspecified", "latitude": 38.576061, "longitude": -90.238678, "date": "9/7/2025" }, "geometry": { "type": "Point", "coordinates": [ -90.23868, 38.57606 ] } },
{ "type": "Feature", "properties": { "NIBRS_cat": "All Other Offenses", "crime_type": "Unspecified", "latitude": 38.576061, "longitude": -90.238678, "date": "9/7/2025" }, "geometry": { "type": "Point", "coordinates": [ -90.23868, 38.57606 ] } },
{ "type": "Feature", "properties": { "NIBRS_cat": "Sodomy", "crime_type": "Person", "latitude": 38.576061, "longitude": -90.238678, "date": "9/7/2025" }, "geometry": { "type": "Point", "coordinates": [ -90.23868, 38.57606 ] } },
{ "type": "Feature", "properties": { "NIBRS_cat": "Murder and Nonnegligent Manslaughter", "crime_type": "Person", "latitude": 38.576061, "longitude": -90.238678, "date": "9/7/2025" }, "geometry": { "type": "Point", "coordinates": [ -90.23868, 38.57606 ] } },
{ "type": "Feature", "properties": { "NIBRS_cat": "All Other Offenses", "crime_type": "Unspecified", "latitude": 38.576061, "longitude": -90.238678, "date": "9/7/2025" }, "geometry": { "type": "Point", "coordinates": [ -90.23868, 38.57606 ] } },
{ "type": "Feature", "properties": { "NIBRS_cat": "Theft From Motor Vehicle", "crime_type": "Property", "latitude": 38.576256, "longitude": -90.247543, "date": "9/15/2025" }, "geometry": { "type": "Point", "coordinates": [ -90.24754, 38.57626 ] } },
{ "type": "Feature", "properties": { "NIBRS_cat": "Trespass of Real Property", "crime_type": "Society", "latitude": 38.576256, "longitude": -90.247543, "date": "9/15/2025" }, "geometry": { "type": "Point", "coordinates": [ -90.24754, 38.57626 ] } },
{ "type": "Feature", "properties": { "NIBRS_cat": "Burglary/Breaking and Entering", "crime_type": "Property", "latitude": 38.576256, "longitude": -90.247543, "date": "9/15/2025" }, "geometry": { "type": "Point", "coordinates": [ -90.24754, 38.57626 ] } },
{ "type": "Feature", "properties": { "NIBRS_cat": "Theft From Motor Vehicle", "crime_type": "Property", "latitude": 38.576256, "longitude": -90.247543, "date": "9/15/2025" }, "geometry": { "type": "Point", "coordinates": [ -90.24754, 38.57626 ] } },
{ "type": "Feature", "properties": { "NIBRS_cat": "Burglary/Breaking and Entering", "crime_type": "Property", "latitude": 38.576256, "longitude": -90.247543, "date": "9/15/2025" }, "geometry": { "type": "Point", "coordinates": [ -90.24754, 38.57626 ] } },
{ "type": "Feature", "properties": { "NIBRS_cat": "Trespass of Real Property", "crime_type": "Society", "latitude": 38.576256, "longitude": -90.247543, "date": "9/15/2025" }, "geometry": { "type": "Point", "coordinates": [ -90.24754, 38.57626 ] } },
{ "type": "Feature", "properties": { "NIBRS_cat": "Robbery", "crime_type": "Person", "latitude": 38.57626, "longitude": -90.233444, "date": "4/13/2024" }, "geometry": { "type": "Point", "coordinates": [ -90.23344, 38.57626 ] } },
{ "type": "Feature", "properties": { "NIBRS_cat": "Aggravated Assault", "crime_type": "Person", "latitude": 38.57626, "longitude": -90.233444, "date": "4/13/2024" }, "geometry": { "type": "Point", "coordinates": [ -90.23344, 38.57626 ] } },
{ "type": "Feature", "properties": { "NIBRS_cat": "Aggravated Assault", "crime_type": "Person", "latitude": 38.57626, "longitude": -90.233444, "date": "4/13/2024" }, "geometry": { "type": "Point", "coordinates": [ -90.23344, 38.57626 ] } },
{ "type": "Feature", "properties": { "NIBRS_cat": "Robbery", "crime_type": "Person", "latitude": 38.57626, "longitude": -90.233444, "date": "4/13/2024" }, "geometry": { "type": "Point", "coordinates": [ -90.23344, 38.57626 ] } },
{ "type": "Feature", "properties": { "NIBRS_cat": "Stolen Property Offenses", "crime_type": "Property", "latitude": 38.576267, "longitude": -90.236015, "date": "8/20/2025" }, "geometry": { "type": "Point", "coordinates": [ -90.23601, 38.57627 ] } },
{ "type": "Feature", "properties": { "NIBRS_cat": "Drug Equipment Violations", "crime_type": "Society", "latitude": 38.576267, "longitude": -90.236015, "date": "8/20/2025" }, "geometry": { "type": "Point", "coordinates": [ -90.23601, 38.57627 ] } },
{ "type": "Feature", "properties": { "NIBRS_cat": "Stolen Property Offenses", "crime_type": "Property", "latitude": 38.576267, "longitude": -90.236015, "date": "8/20/2025" }, "geometry": { "type": "Point", "coordinates": [ -90.23601, 38.57627 ] } },
{ "type": "Feature", "properties": { "NIBRS_cat": "Drug/Narcotic Violations", "crime_type": "Society", "latitude": 38.576267, "longitude": -90.236015, "date": "8/20/2025" }, "geometry": { "type": "Point", "coordinates": [ -90.23601, 38.57627 ] } },
{ "type": "Feature", "properties": { "NIBRS_cat": "Drug Equipment Violations", "crime_type": "Society", "latitude": 38.576267, "longitude": -90.236015, "date": "8/20/2025" }, "geometry": { "type": "Point", "coordinates": [ -90.23601, 38.57627 ] } },
{ "type": "Feature", "properties": { "NIBRS_cat": "Stolen Property Offenses", "crime_type": "Property", "latitude": 38.576267, "longitude": -90.236015, "date": "8/20/2025" }, "geometry": { "type": "Point", "coordinates": [ -90.23601, 38.57627 ] } },
{ "type": "Feature", "properties": { "NIBRS_cat": "Motor Vehicle Theft", "crime_type": "Property", "latitude": 38.576267, "longitude": -90.236015, "date": "8/20/2025" }, "geometry": { "type": "Point", "coordinates": [ -90.23601, 38.57627 ] } },
{ "type": "Feature", "properties": { "NIBRS_cat": "Drug/Narcotic Violations", "crime_type": "Society", "latitude": 38.576267, "longitude": -90.236015, "date": "8/20/2025" }, "geometry": { "type": "Point", "coordinates": [ -90.23601, 38.57627 ] } },
{ "type": "Feature", "properties": { "NIBRS_cat": "Motor Vehicle Theft", "crime_type": "Property", "latitude": 38.576267, "longitude": -90.236015, "date": "8/20/2025" }, "geometry": { "type": "Point", "coordinates": [ -90.23601, 38.57627 ] } },
{ "type": "Feature", "properties": { "NIBRS_cat": "Stolen Property Offenses", "crime_type": "Property", "latitude": 38.576267, "longitude": -90.236015, "date": "8/20/2025" }, "geometry": { "type": "Point", "coordinates": [ -90.23601, 38.57627 ] } },
{ "type": "Feature", "properties": { "NIBRS_cat": "All Other Offenses", "crime_type": "Unspecified", "latitude": 38.576298, "longitude": -90.257668, "date": "9/8/2025" }, "geometry": { "type": "Point", "coordinates": [ -90.25767, 38.5763 ] } },
{ "type": "Feature", "properties": { "NIBRS_cat": "All Other Offenses", "crime_type": "Unspecified", "latitude": 38.576298, "longitude": -90.257668, "date": "9/8/2025" }, "geometry": { "type": "Point", "coordinates": [ -90.25767, 38.5763 ] } },
{ "type": "Feature", "properties": { "NIBRS_cat": "Simple Assault", "crime_type": "Person", "latitude": 38.576298, "longitude": -90.257668, "date": "9/8/2025" }, "geometry": { "type": "Point", "coordinates": [ -90.25767, 38.5763 ] } },
{ "type": "Feature", "properties": { "NIBRS_cat": "Simple Assault", "crime_type": "Person", "latitude": 38.576298, "longitude": -90.257668, "date": "9/8/2025" }, "geometry": { "type": "Point", "coordinates": [ -90.25767, 38.5763 ] } },
{ "type": "Feature", "properties": { "NIBRS_cat": "Disorderly Conduct", "crime_type": "Society", "latitude": 38.576305, "longitude": -90.233391, "date": "9/21/2025" }, "geometry": { "type": "Point", "coordinates": [ -90.23339, 38.5763 ] } },
{ "type": "Feature", "properties": { "NIBRS_cat": "Disorderly Conduct", "crime_type": "Society", "latitude": 38.576305, "longitude": -90.233391, "date": "9/21/2025" }, "geometry": { "type": "Point", "coordinates": [ -90.23339, 38.5763 ] } },
{ "type": "Feature", "properties": { "NIBRS_cat": "All Other Offenses", "crime_type": "Unspecified", "latitude": 38.576305, "longitude": -90.233391, "date": "9/21/2025" }, "geometry": { "type": "Point", "coordinates": [ -90.23339, 38.5763 ] } },
{ "type": "Feature", "properties": { "NIBRS_cat": "All Other Offenses", "crime_type": "Unspecified", "latitude": 38.576305, "longitude": -90.233391, "date": "9/21/2025" }, "geometry": { "type": "Point", "coordinates": [ -90.23339, 38.5763 ] } },
{ "type": "Feature", "properties": { "NIBRS_cat": "Simple Assault", "crime_type": "Person", "latitude": 38.576305, "longitude": -90.233391, "date": "9/30/2025" }, "geometry": { "type": "Point", "coordinates": [ -90.23339, 38.5763 ] } },
{ "type": "Feature", "properties": { "NIBRS_cat": "Simple Assault", "crime_type": "Person", "latitude": 38.576305, "longitude": -90.233391, "date": "9/30/2025" }, "geometry": { "type": "Point", "coordinates": [ -90.23339, 38.5763 ] } },
{ "type": "Feature", "properties": { "NIBRS_cat": "Weapons Law Violations", "crime_type": "Society", "latitude": 38.576321, "longitude": -90.232887, "date": "9/21/2025" }, "geometry": { "type": "Point", "coordinates": [ -90.23289, 38.57632 ] } },
{ "type": "Feature", "properties": { "NIBRS_cat": "Weapons Law Violations", "crime_type": "Society", "latitude": 38.576321, "longitude": -90.232887, "date": "9/21/2025" }, "geometry": { "type": "Point", "coordinates": [ -90.23289, 38.57632 ] } },
{ "type": "Feature", "properties": { "NIBRS_cat": "All Other Larceny", "crime_type": "Property", "latitude": 38.576344, "longitude": -90.233948, "date": "9/20/2025" }, "geometry": { "type": "Point", "coordinates": [ -90.23395, 38.57634 ] } },
{ "type": "Feature", "properties": { "NIBRS_cat": "All Other Larceny", "crime_type": "Property", "latitude": 38.576344, "longitude": -90.233948, "date": "9/20/2025" }, "geometry": { "type": "Point", "coordinates": [ -90.23395, 38.57634 ] } },
{ "type": "Feature", "properties": { "NIBRS_cat": "Kidnapping/Abduction", "crime_type": "Person", "latitude": 38.57637, "longitude": -90.237389, "date": "9/9/2025" }, "geometry": { "type": "Point", "coordinates": [ -90.23739, 38.57637 ] } },
{ "type": "Feature", "properties": { "NIBRS_cat": "Weapons Law Violations", "crime_type": "Society", "latitude": 38.57637, "longitude": -90.237389, "date": "9/9/2025" }, "geometry": { "type": "Point", "coordinates": [ -90.23739, 38.57637 ] } },
{ "type": "Feature", "properties": { "NIBRS_cat": "Robbery", "crime_type": "Person", "latitude": 38.57637, "longitude": -90.237389, "date": "9/9/2025" }, "geometry": { "type": "Point", "coordinates": [ -90.23739, 38.57637 ] } },
{ "type": "Feature", "properties": { "NIBRS_cat": "Kidnapping/Abduction", "crime_type": "Person", "latitude": 38.57637, "longitude": -90.237389, "date": "9/9/2025" }, "geometry": { "type": "Point", "coordinates": [ -90.23739, 38.57637 ] } },
{ "type": "Feature", "properties": { "NIBRS_cat": "Robbery", "crime_type": "Person", "latitude": 38.57637, "longitude": -90.237389, "date": "9/9/2025" }, "geometry": { "type": "Point", "coordinates": [ -90.23739, 38.57637 ] } },
{ "type": "Feature", "properties": { "NIBRS_cat": "Weapons Law Violations", "crime_type": "Society", "latitude": 38.57637, "longitude": -90.237389, "date": "9/9/2025" }, "geometry": { "type": "Point", "coordinates": [ -90.23739, 38.57637 ] } },
{ "type": "Feature", "properties": { "NIBRS_cat": "Murder and Nonnegligent Manslaughter", "crime_type": "Person", "latitude": 38.576385, "longitude": -90.238487, "date": "9/18/2025" }, "geometry": { "type": "Point", "coordinates": [ -90.23849, 38.57639 ] } },
{ "type": "Feature", "properties": { "NIBRS_cat": "Murder and Nonnegligent Manslaughter", "crime_type": "Person", "latitude": 38.576385, "longitude": -90.238487, "date": "9/18/2025" }, "geometry": { "type": "Point", "coordinates": [ -90.23849, 38.57639 ] } },
{ "type": "Feature", "properties": { "NIBRS_cat": "Weapons Law Violations", "crime_type": "Society", "latitude": 38.576393, "longitude": -90.244301, "date": "9/30/2025" }, "geometry": { "type": "Point", "coordinates": [ -90.2443, 38.57639 ] } },
{ "type": "Feature", "properties": { "NIBRS_cat": "Weapons Law Violations", "crime_type": "Society", "latitude": 38.576393, "longitude": -90.246201, "date": "7/31/2025" }, "geometry": { "type": "Point", "coordinates": [ -90.2462, 38.57639 ] } },
{ "type": "Feature", "properties": { "NIBRS_cat": "Weapons Law Violations", "crime_type": "Society", "latitude": 38.576393, "longitude": -90.246201, "date": "7/31/2025" }, "geometry": { "type": "Point", "coordinates": [ -90.2462, 38.57639 ] } },
{ "type": "Feature", "properties": { "NIBRS_cat": "Weapons Law Violations", "crime_type": "Society", "latitude": 38.576393, "longitude": -90.244301, "date": "9/30/2025" }, "geometry": { "type": "Point", "coordinates": [ -90.2443, 38.57639 ] } },
{ "type": "Feature", "properties": { "NIBRS_cat": "Weapons Law Violations", "crime_type": "Society", "latitude": 38.576519, "longitude": -90.2472, "date": "5/19/2025" }, "geometry": { "type": "Point", "coordinates": [ -90.2472, 38.57652 ] } },
{ "type": "Feature", "properties": { "NIBRS_cat": "All Other Offenses", "crime_type": "Unspecified", "latitude": 38.576519, "longitude": -90.2472, "date": "5/19/2025" }, "geometry": { "type": "Point", "coordinates": [ -90.2472, 38.57652 ] } },
{ "type": "Feature", "properties": { "NIBRS_cat": "Weapons Law Violations", "crime_type": "Society", "latitude": 38.576519, "longitude": -90.2472, "date": "5/19/2025" }, "geometry": { "type": "Point", "coordinates": [ -90.2472, 38.57652 ] } },
{ "type": "Feature", "properties": { "NIBRS_cat": "All Other Offenses", "crime_type": "Unspecified", "latitude": 38.576519, "longitude": -90.2472, "date": "5/19/2025" }, "geometry": { "type": "Point", "coordinates": [ -90.2472, 38.57652 ] } },
{ "type": "Feature", "properties": { "NIBRS_cat": "Drug/Narcotic Violations", "crime_type": "Society", "latitude": 38.576523, "longitude": -90.246559, "date": "9/4/2025" }, "geometry": { "type": "Point", "coordinates": [ -90.24656, 38.57652 ] } },
{ "type": "Feature", "properties": { "NIBRS_cat": "Drug/Narcotic Violations", "crime_type": "Society", "latitude": 38.576523, "longitude": -90.246559, "date": "9/4/2025" }, "geometry": { "type": "Point", "coordinates": [ -90.24656, 38.57652 ] } },
{ "type": "Feature", "properties": { "NIBRS_cat": "Drug Equipment Violations", "crime_type": "Society", "latitude": 38.576523, "longitude": -90.246559, "date": "9/4/2025" }, "geometry": { "type": "Point", "coordinates": [ -90.24656, 38.57652 ] } },
{ "type": "Feature", "properties": { "NIBRS_cat": "Drug Equipment Violations", "crime_type": "Society", "latitude": 38.576523, "longitude": -90.246559, "date": "9/4/2025" }, "geometry": { "type": "Point", "coordinates": [ -90.24656, 38.57652 ] } },
{ "type": "Feature", "properties": { "NIBRS_cat": "Destruction/Damage/Vandalism of Property", "crime_type": "Property", "latitude": 38.576538, "longitude": -90.23394, "date": "11/5/2024" }, "geometry": { "type": "Point", "coordinates": [ -90.23394, 38.57654 ] } },
{ "type": "Feature", "properties": { "NIBRS_cat": "Aggravated Assault", "crime_type": "Person", "latitude": 38.576538, "longitude": -90.23394, "date": "11/5/2024" }, "geometry": { "type": "Point", "coordinates": [ -90.23394, 38.57654 ] } },
{ "type": "Feature", "properties": { "NIBRS_cat": "Aggravated Assault", "crime_type": "Person", "latitude": 38.576538, "longitude": -90.23394, "date": "11/5/2024" }, "geometry": { "type": "Point", "coordinates": [ -90.23394, 38.57654 ] } },
{ "type": "Feature", "properties": { "NIBRS_cat": "Destruction/Damage/Vandalism of Property", "crime_type": "Property", "latitude": 38.576538, "longitude": -90.23394, "date": "11/5/2024" }, "geometry": { "type": "Point", "coordinates": [ -90.23394, 38.57654 ] } },
{ "type": "Feature", "properties": { "NIBRS_cat": "Intimidation", "crime_type": "Person", "latitude": 38.576546, "longitude": -90.238266, "date": "9/16/2025" }, "geometry": { "type": "Point", "coordinates": [ -90.23827, 38.57655 ] } },
{ "type": "Feature", "properties": { "NIBRS_cat": "Weapons Law Violations", "crime_type": "Society", "latitude": 38.576546, "longitude": -90.238266, "date": "9/16/2025" }, "geometry": { "type": "Point", "coordinates": [ -90.23827, 38.57655 ] } },
{ "type": "Feature", "properties": { "NIBRS_cat": "Weapons Law Violations", "crime_type": "Society", "latitude": 38.576546, "longitude": -90.238266, "date": "9/16/2025" }, "geometry": { "type": "Point", "coordinates": [ -90.23827, 38.57655 ] } },
{ "type": "Feature", "properties": { "NIBRS_cat": "Intimidation", "crime_type": "Person", "latitude": 38.576546, "longitude": -90.238266, "date": "9/16/2025" }, "geometry": { "type": "Point", "coordinates": [ -90.23827, 38.57655 ] } },
{ "type": "Feature", "properties": { "NIBRS_cat": "Theft From Motor Vehicle Parts/Accessories", "crime_type": "Property", "latitude": 38.576557, "longitude": -90.245811, "date": "9/19/2025" }, "geometry": { "type": "Point", "coordinates": [ -90.24581, 38.57656 ] } },
{ "type": "Feature", "properties": { "NIBRS_cat": "Theft From Motor Vehicle Parts/Accessories", "crime_type": "Property", "latitude": 38.576557, "longitude": -90.245811, "date": "9/19/2025" }, "geometry": { "type": "Point", "coordinates": [ -90.24581, 38.57656 ] } },
{ "type": "Feature", "properties": { "NIBRS_cat": "Aggravated Assault", "crime_type": "Person", "latitude": 38.576569, "longitude": -90.233177, "date": "6/12/2022" }, "geometry": { "type": "Point", "coordinates": [ -90.23318, 38.57657 ] } },
{ "type": "Feature", "properties": { "NIBRS_cat": "Trespass of Real Property", "crime_type": "Society", "latitude": 38.576569, "longitude": -90.263481, "date": "9/12/2025" }, "geometry": { "type": "Point", "coordinates": [ -90.26348, 38.57657 ] } },
{ "type": "Feature", "properties": { "NIBRS_cat": "Disorderly Conduct", "crime_type": "Society", "latitude": 38.576569, "longitude": -90.263481, "date": "9/12/2025" }, "geometry": { "type": "Point", "coordinates": [ -90.26348, 38.57657 ] } },
{ "type": "Feature", "properties": { "NIBRS_cat": "All Other Offenses", "crime_type": "Unspecified", "latitude": 38.576569, "longitude": -90.233177, "date": "6/12/2022" }, "geometry": { "type": "Point", "coordinates": [ -90.23318, 38.57657 ] } },
{ "type": "Feature", "properties": { "NIBRS_cat": "All Other Offenses", "crime_type": "Unspecified", "latitude": 38.576569, "longitude": -90.233177, "date": "6/12/2022" }, "geometry": { "type": "Point", "coordinates": [ -90.23318, 38.57657 ] } },
{ "type": "Feature", "properties": { "NIBRS_cat": "Trespass of Real Property", "crime_type": "Society", "latitude": 38.576569, "longitude": -90.263481, "date": "9/12/2025" }, "geometry": { "type": "Point", "coordinates": [ -90.26348, 38.57657 ] } },
{ "type": "Feature", "properties": { "NIBRS_cat": "Disorderly Conduct", "crime_type": "Society", "latitude": 38.576569, "longitude": -90.263481, "date": "9/12/2025" }, "geometry": { "type": "Point", "coordinates": [ -90.26348, 38.57657 ] } },
{ "type": "Feature", "properties": { "NIBRS_cat": "Aggravated Assault", "crime_type": "Person", "latitude": 38.576569, "longitude": -90.233177, "date": "6/12/2022" }, "geometry": { "type": "Point", "coordinates": [ -90.23318, 38.57657 ] } },
{ "type": "Feature", "properties": { "NIBRS_cat": "Weapons Law Violations", "crime_type": "Society", "latitude": 38.576664, "longitude": -90.241524, "date": "3/13/2025" }, "geometry": { "type": "Point", "coordinates": [ -90.24152, 38.57666 ] } },
{ "type": "Feature", "properties": { "NIBRS_cat": "Weapons Law Violations", "crime_type": "Society", "latitude": 38.576664, "longitude": -90.241524, "date": "3/13/2025" }, "geometry": { "type": "Point", "coordinates": [ -90.24152, 38.57666 ] } },
{ "type": "Feature", "properties": { "NIBRS_cat": "All Other Larceny", "crime_type": "Property", "latitude": 38.576675, "longitude": -90.246422, "date": "9/5/2025" }, "geometry": { "type": "Point", "coordinates": [ -90.24642, 38.57668 ] } },
{ "type": "Feature", "properties": { "NIBRS_cat": "Destruction/Damage/Vandalism of Property", "crime_type": "Property", "latitude": 38.576675, "longitude": -90.246422, "date": "9/5/2025" }, "geometry": { "type": "Point", "coordinates": [ -90.24642, 38.57668 ] } },
{ "type": "Feature", "properties": { "NIBRS_cat": "All Other Larceny", "crime_type": "Property", "latitude": 38.576675, "longitude": -90.246422, "date": "9/5/2025" }, "geometry": { "type": "Point", "coordinates": [ -90.24642, 38.57668 ] } },
{ "type": "Feature", "properties": { "NIBRS_cat": "Destruction/Damage/Vandalism of Property", "crime_type": "Property", "latitude": 38.576675, "longitude": -90.246422, "date": "9/5/2025" }, "geometry": { "type": "Point", "coordinates": [ -90.24642, 38.57668 ] } },
{ "type": "Feature", "properties": { "NIBRS_cat": "Weapons Law Violations", "crime_type": "Society", "latitude": 38.576752, "longitude": -90.244751, "date": "9/15/2025" }, "geometry": { "type": "Point", "coordinates": [ -90.24475, 38.57675 ] } },
{ "type": "Feature", "properties": { "NIBRS_cat": "Weapons Law Violations", "crime_type": "Society", "latitude": 38.576752, "longitude": -90.244751, "date": "9/15/2025" }, "geometry": { "type": "Point", "coordinates": [ -90.24475, 38.57675 ] } },
{ "type": "Feature", "properties": { "NIBRS_cat": "Theft From Motor Vehicle", "crime_type": "Property", "latitude": 38.576771, "longitude": -90.251587, "date": "4/5/2025" }, "geometry": { "type": "Point", "coordinates": [ -90.25159, 38.57677 ] } },
{ "type": "Feature", "properties": { "NIBRS_cat": "Theft From Motor Vehicle", "crime_type": "Property", "latitude": 38.576771, "longitude": -90.251587, "date": "4/5/2025" }, "geometry": { "type": "Point", "coordinates": [ -90.25159, 38.57677 ] } },
{ "type": "Feature", "properties": { "NIBRS_cat": "Motor Vehicle Theft", "crime_type": "Property", "latitude": 38.576782, "longitude": -90.259972, "date": "9/5/2025" }, "geometry": { "type": "Point", "coordinates": [ -90.25997, 38.57678 ] } },
{ "type": "Feature", "properties": { "NIBRS_cat": "Motor Vehicle Theft", "crime_type": "Property", "latitude": 38.576782, "longitude": -90.259972, "date": "9/5/2025" }, "geometry": { "type": "Point", "coordinates": [ -90.25997, 38.57678 ] } },
{ "type": "Feature", "properties": { "NIBRS_cat": "All Other Offenses", "crime_type": "Unspecified", "latitude": 38.576809, "longitude": -90.257599, "date": "9/17/2025" }, "geometry": { "type": "Point", "coordinates": [ -90.2576, 38.57681 ] } },
{ "type": "Feature", "properties": { "NIBRS_cat": "All Other Offenses", "crime_type": "Unspecified", "latitude": 38.576809, "longitude": -90.257599, "date": "9/17/2025" }, "geometry": { "type": "Point", "coordinates": [ -90.2576, 38.57681 ] } },
{ "type": "Feature", "properties": { "NIBRS_cat": "Destruction/Damage/Vandalism of Property", "crime_type": "Property", "latitude": 38.576809, "longitude": -90.257599, "date": "9/17/2025" }, "geometry": { "type": "Point", "coordinates": [ -90.2576, 38.57681 ] } },
{ "type": "Feature", "properties": { "NIBRS_cat": "Destruction/Damage/Vandalism of Property", "crime_type": "Property", "latitude": 38.576809, "longitude": -90.257599, "date": "9/17/2025" }, "geometry": { "type": "Point", "coordinates": [ -90.2576, 38.57681 ] } },
{ "type": "Feature", "properties": { "NIBRS_cat": "Destruction/Damage/Vandalism of Property", "crime_type": "Property", "latitude": 38.576851, "longitude": -90.23922, "date": "9/27/2025" }, "geometry": { "type": "Point", "coordinates": [ -90.23922, 38.57685 ] } },
{ "type": "Feature", "properties": { "NIBRS_cat": "Destruction/Damage/Vandalism of Property", "crime_type": "Property", "latitude": 38.576851, "longitude": -90.23922, "date": "9/27/2025" }, "geometry": { "type": "Point", "coordinates": [ -90.23922, 38.57685 ] } },
{ "type": "Feature", "properties": { "NIBRS_cat": "All Other Larceny", "crime_type": "Property", "latitude": 38.576923, "longitude": -90.244698, "date": "9/9/2025" }, "geometry": { "type": "Point", "coordinates": [ -90.2447, 38.57692 ] } },
{ "type": "Feature", "properties": { "NIBRS_cat": "All Other Larceny", "crime_type": "Property", "latitude": 38.576923, "longitude": -90.244698, "date": "9/9/2025" }, "geometry": { "type": "Point", "coordinates": [ -90.2447, 38.57692 ] } },
{ "type": "Feature", "properties": { "NIBRS_cat": "Weapons Law Violations", "crime_type": "Society", "latitude": 38.57716, "longitude": -90.232582, "date": "9/10/2025" }, "geometry": { "type": "Point", "coordinates": [ -90.23258, 38.57716 ] } },
{ "type": "Feature", "properties": { "NIBRS_cat": "Weapons Law Violations", "crime_type": "Society", "latitude": 38.57716, "longitude": -90.232582, "date": "9/10/2025" }, "geometry": { "type": "Point", "coordinates": [ -90.23258, 38.57716 ] } },
{ "type": "Feature", "properties": { "NIBRS_cat": "Destruction/Damage/Vandalism of Property", "crime_type": "Property", "latitude": 38.577332, "longitude": -90.241615, "date": "9/5/2025" }, "geometry": { "type": "Point", "coordinates": [ -90.24161, 38.57733 ] } },
{ "type": "Feature", "properties": { "NIBRS_cat": "Motor Vehicle Theft", "crime_type": "Property", "latitude": 38.577332, "longitude": -90.241615, "date": "9/5/2025" }, "geometry": { "type": "Point", "coordinates": [ -90.24161, 38.57733 ] } },
{ "type": "Feature", "properties": { "NIBRS_cat": "Motor Vehicle Theft", "crime_type": "Property", "latitude": 38.577332, "longitude": -90.241615, "date": "9/5/2025" }, "geometry": { "type": "Point", "coordinates": [ -90.24161, 38.57733 ] } },
{ "type": "Feature", "properties": { "NIBRS_cat": "Destruction/Damage/Vandalism of Property", "crime_type": "Property", "latitude": 38.577332, "longitude": -90.241615, "date": "9/5/2025" }, "geometry": { "type": "Point", "coordinates": [ -90.24161, 38.57733 ] } },
{ "type": "Feature", "properties": { "NIBRS_cat": "Theft From Motor Vehicle", "crime_type": "Property", "latitude": 38.577332, "longitude": -90.241615, "date": "9/5/2025" }, "geometry": { "type": "Point", "coordinates": [ -90.24161, 38.57733 ] } },
{ "type": "Feature", "properties": { "NIBRS_cat": "Theft From Motor Vehicle", "crime_type": "Property", "latitude": 38.577332, "longitude": -90.241615, "date": "9/5/2025" }, "geometry": { "type": "Point", "coordinates": [ -90.24161, 38.57733 ] } },
{ "type": "Feature", "properties": { "NIBRS_cat": "Shoplifting", "crime_type": "Property", "latitude": 38.577347, "longitude": -90.231018, "date": "9/20/2025" }, "geometry": { "type": "Point", "coordinates": [ -90.23102, 38.57735 ] } },
{ "type": "Feature", "properties": { "NIBRS_cat": "Shoplifting", "crime_type": "Property", "latitude": 38.577347, "longitude": -90.231018, "date": "9/20/2025" }, "geometry": { "type": "Point", "coordinates": [ -90.23102, 38.57735 ] } },
{ "type": "Feature", "properties": { "NIBRS_cat": "Trespass of Real Property", "crime_type": "Society", "latitude": 38.5774, "longitude": -90.272095, "date": "8/4/2025" }, "geometry": { "type": "Point", "coordinates": [ -90.27209, 38.5774 ] } },
{ "type": "Feature", "properties": { "NIBRS_cat": "Shoplifting", "crime_type": "Property", "latitude": 38.5774, "longitude": -90.272095, "date": "8/4/2025" }, "geometry": { "type": "Point", "coordinates": [ -90.27209, 38.5774 ] } },
{ "type": "Feature", "properties": { "NIBRS_cat": "Trespass of Real Property", "crime_type": "Society", "latitude": 38.5774, "longitude": -90.272095, "date": "8/4/2025" }, "geometry": { "type": "Point", "coordinates": [ -90.27209, 38.5774 ] } },
{ "type": "Feature", "properties": { "NIBRS_cat": "Simple Assault", "crime_type": "Person", "latitude": 38.5774, "longitude": -90.272095, "date": "8/4/2025" }, "geometry": { "type": "Point", "coordinates": [ -90.27209, 38.5774 ] } },
{ "type": "Feature", "properties": { "NIBRS_cat": "Shoplifting", "crime_type": "Property", "latitude": 38.5774, "longitude": -90.272095, "date": "8/4/2025" }, "geometry": { "type": "Point", "coordinates": [ -90.27209, 38.5774 ] } },
{ "type": "Feature", "properties": { "NIBRS_cat": "Simple Assault", "crime_type": "Person", "latitude": 38.5774, "longitude": -90.272095, "date": "8/4/2025" }, "geometry": { "type": "Point", "coordinates": [ -90.27209, 38.5774 ] } },
{ "type": "Feature", "properties": { "NIBRS_cat": "Drug/Narcotic Violations", "crime_type": "Society", "latitude": 38.577415, "longitude": -90.266495, "date": "6/24/2025" }, "geometry": { "type": "Point", "coordinates": [ -90.2665, 38.57742 ] } },
{ "type": "Feature", "properties": { "NIBRS_cat": "Burglary/Breaking and Entering", "crime_type": "Property", "latitude": 38.577415, "longitude": -90.266495, "date": "6/24/2025" }, "geometry": { "type": "Point", "coordinates": [ -90.2665, 38.57742 ] } },
{ "type": "Feature", "properties": { "NIBRS_cat": "Drug/Narcotic Violations", "crime_type": "Society", "latitude": 38.577415, "longitude": -90.266495, "date": "6/24/2025" }, "geometry": { "type": "Point", "coordinates": [ -90.2665, 38.57742 ] } },
{ "type": "Feature", "properties": { "NIBRS_cat": "Burglary/Breaking and Entering", "crime_type": "Property", "latitude": 38.577415, "longitude": -90.266495, "date": "6/24/2025" }, "geometry": { "type": "Point", "coordinates": [ -90.2665, 38.57742 ] } },
{ "type": "Feature", "properties": { "NIBRS_cat": "All Other Offenses", "crime_type": "Unspecified", "latitude": 38.577415, "longitude": -90.266495, "date": "6/24/2025" }, "geometry": { "type": "Point", "coordinates": [ -90.2665, 38.57742 ] } },
{ "type": "Feature", "properties": { "NIBRS_cat": "All Other Offenses", "crime_type": "Unspecified", "latitude": 38.577415, "longitude": -90.266495, "date": "6/24/2025" }, "geometry": { "type": "Point", "coordinates": [ -90.2665, 38.57742 ] } },
{ "type": "Feature", "properties": { "NIBRS_cat": "Theft From Building", "crime_type": "Property", "latitude": 38.577465, "longitude": -90.232658, "date": "9/14/2025" }, "geometry": { "type": "Point", "coordinates": [ -90.23266, 38.57746 ] } },
{ "type": "Feature", "properties": { "NIBRS_cat": "Theft From Building", "crime_type": "Property", "latitude": 38.577465, "longitude": -90.232658, "date": "9/14/2025" }, "geometry": { "type": "Point", "coordinates": [ -90.23266, 38.57746 ] } },
{ "type": "Feature", "properties": { "NIBRS_cat": "Theft From Motor Vehicle", "crime_type": "Property", "latitude": 38.577518, "longitude": -90.238403, "date": "9/6/2025" }, "geometry": { "type": "Point", "coordinates": [ -90.2384, 38.57752 ] } },
{ "type": "Feature", "properties": { "NIBRS_cat": "Destruction/Damage/Vandalism of Property", "crime_type": "Property", "latitude": 38.577518, "longitude": -90.238403, "date": "9/6/2025" }, "geometry": { "type": "Point", "coordinates": [ -90.2384, 38.57752 ] } },
{ "type": "Feature", "properties": { "NIBRS_cat": "Destruction/Damage/Vandalism of Property", "crime_type": "Property", "latitude": 38.577518, "longitude": -90.238403, "date": "9/6/2025" }, "geometry": { "type": "Point", "coordinates": [ -90.2384, 38.57752 ] } },
{ "type": "Feature", "properties": { "NIBRS_cat": "Theft From Motor Vehicle", "crime_type": "Property", "latitude": 38.577518, "longitude": -90.238403, "date": "9/6/2025" }, "geometry": { "type": "Point", "coordinates": [ -90.2384, 38.57752 ] } },
{ "type": "Feature", "properties": { "NIBRS_cat": "Weapons Law Violations", "crime_type": "Society", "latitude": 38.577534, "longitude": -90.232986, "date": "9/9/2025" }, "geometry": { "type": "Point", "coordinates": [ -90.23299, 38.57753 ] } },
{ "type": "Feature", "properties": { "NIBRS_cat": "Weapons Law Violations", "crime_type": "Society", "latitude": 38.577534, "longitude": -90.232986, "date": "9/9/2025" }, "geometry": { "type": "Point", "coordinates": [ -90.23299, 38.57753 ] } },
{ "type": "Feature", "properties": { "NIBRS_cat": "Weapons Law Violations", "crime_type": "Society", "latitude": 38.577652, "longitude": -90.24276, "date": "8/30/2025" }, "geometry": { "type": "Point", "coordinates": [ -90.24276, 38.57765 ] } },
{ "type": "Feature", "properties": { "NIBRS_cat": "Weapons Law Violations", "crime_type": "Society", "latitude": 38.577652, "longitude": -90.24276, "date": "7/20/2025" }, "geometry": { "type": "Point", "coordinates": [ -90.24276, 38.57765 ] } },
{ "type": "Feature", "properties": { "NIBRS_cat": "Weapons Law Violations", "crime_type": "Society", "latitude": 38.577652, "longitude": -90.24276, "date": "8/30/2025" }, "geometry": { "type": "Point", "coordinates": [ -90.24276, 38.57765 ] } },
{ "type": "Feature", "properties": { "NIBRS_cat": "Weapons Law Violations", "crime_type": "Society", "latitude": 38.577652, "longitude": -90.24276, "date": "7/20/2025" }, "geometry": { "type": "Point", "coordinates": [ -90.24276, 38.57765 ] } },
{ "type": "Feature", "properties": { "NIBRS_cat": "All Other Offenses", "crime_type": "Unspecified", "latitude": 38.577747, "longitude": -90.248611, "date": "9/1/2025" }, "geometry": { "type": "Point", "coordinates": [ -90.24861, 38.57775 ] } },
{ "type": "Feature", "properties": { "NIBRS_cat": "All Other Offenses", "crime_type": "Unspecified", "latitude": 38.577747, "longitude": -90.248611, "date": "9/1/2025" }, "geometry": { "type": "Point", "coordinates": [ -90.24861, 38.57775 ] } },
{ "type": "Feature", "properties": { "NIBRS_cat": "Weapons Law Violations", "crime_type": "Society", "latitude": 38.577751, "longitude": -90.249863, "date": "9/28/2025" }, "geometry": { "type": "Point", "coordinates": [ -90.24986, 38.57775 ] } },
{ "type": "Feature", "properties": { "NIBRS_cat": "Weapons Law Violations", "crime_type": "Society", "latitude": 38.577751, "longitude": -90.249863, "date": "9/28/2025" }, "geometry": { "type": "Point", "coordinates": [ -90.24986, 38.57775 ] } },
{ "type": "Feature", "properties": { "NIBRS_cat": "Simple Assault", "crime_type": "Person", "latitude": 38.57777, "longitude": -90.253448, "date": "9/1/2025" }, "geometry": { "type": "Point", "coordinates": [ -90.25345, 38.57777 ] } },
{ "type": "Feature", "properties": { "NIBRS_cat": "Aggravated Assault", "crime_type": "Person", "latitude": 38.57777, "longitude": -90.253448, "date": "9/1/2025" }, "geometry": { "type": "Point", "coordinates": [ -90.25345, 38.57777 ] } },
{ "type": "Feature", "properties": { "NIBRS_cat": "Simple Assault", "crime_type": "Person", "latitude": 38.57777, "longitude": -90.253448, "date": "9/1/2025" }, "geometry": { "type": "Point", "coordinates": [ -90.25345, 38.57777 ] } },
{ "type": "Feature", "properties": { "NIBRS_cat": "Aggravated Assault", "crime_type": "Person", "latitude": 38.57777, "longitude": -90.253448, "date": "9/1/2025" }, "geometry": { "type": "Point", "coordinates": [ -90.25345, 38.57777 ] } },
{ "type": "Feature", "properties": { "NIBRS_cat": "All Other Larceny", "crime_type": "Property", "latitude": 38.577831, "longitude": -90.270592, "date": "9/15/2025" }, "geometry": { "type": "Point", "coordinates": [ -90.27059, 38.57783 ] } },
{ "type": "Feature", "properties": { "NIBRS_cat": "All Other Larceny", "crime_type": "Property", "latitude": 38.577831, "longitude": -90.270592, "date": "9/15/2025" }, "geometry": { "type": "Point", "coordinates": [ -90.27059, 38.57783 ] } },
{ "type": "Feature", "properties": { "NIBRS_cat": "Weapons Law Violations", "crime_type": "Society", "latitude": 38.57785, "longitude": -90.24469, "date": "9/4/2025" }, "geometry": { "type": "Point", "coordinates": [ -90.24469, 38.57785 ] } },
{ "type": "Feature", "properties": { "NIBRS_cat": "Weapons Law Violations", "crime_type": "Society", "latitude": 38.57785, "longitude": -90.24469, "date": "9/4/2025" }, "geometry": { "type": "Point", "coordinates": [ -90.24469, 38.57785 ] } },
{ "type": "Feature", "properties": { "NIBRS_cat": "Destruction/Damage/Vandalism of Property", "crime_type": "Property", "latitude": 38.577946, "longitude": -90.246941, "date": "9/22/2025" }, "geometry": { "type": "Point", "coordinates": [ -90.24694, 38.57795 ] } },
{ "type": "Feature", "properties": { "NIBRS_cat": "Weapons Law Violations", "crime_type": "Society", "latitude": 38.577946, "longitude": -90.246941, "date": "9/22/2025" }, "geometry": { "type": "Point", "coordinates": [ -90.24694, 38.57795 ] } },
{ "type": "Feature", "properties": { "NIBRS_cat": "Aggravated Assault", "crime_type": "Person", "latitude": 38.577946, "longitude": -90.246941, "date": "9/22/2025" }, "geometry": { "type": "Point", "coordinates": [ -90.24694, 38.57795 ] } },
{ "type": "Feature", "properties": { "NIBRS_cat": "Aggravated Assault", "crime_type": "Person", "latitude": 38.577946, "longitude": -90.246941, "date": "9/22/2025" }, "geometry": { "type": "Point", "coordinates": [ -90.24694, 38.57795 ] } },
{ "type": "Feature", "properties": { "NIBRS_cat": "Destruction/Damage/Vandalism of Property", "crime_type": "Property", "latitude": 38.577946, "longitude": -90.246941, "date": "9/22/2025" }, "geometry": { "type": "Point", "coordinates": [ -90.24694, 38.57795 ] } },
{ "type": "Feature", "properties": { "NIBRS_cat": "Weapons Law Violations", "crime_type": "Society", "latitude": 38.577946, "longitude": -90.246941, "date": "9/22/2025" }, "geometry": { "type": "Point", "coordinates": [ -90.24694, 38.57795 ] } },
{ "type": "Feature", "properties": { "NIBRS_cat": "Destruction/Damage/Vandalism of Property", "crime_type": "Property", "latitude": 38.577976, "longitude": -90.246826, "date": "9/11/2025" }, "geometry": { "type": "Point", "coordinates": [ -90.24683, 38.57798 ] } },
{ "type": "Feature", "properties": { "NIBRS_cat": "Destruction/Damage/Vandalism of Property", "crime_type": "Property", "latitude": 38.577976, "longitude": -90.246826, "date": "9/11/2025" }, "geometry": { "type": "Point", "coordinates": [ -90.24683, 38.57798 ] } },
{ "type": "Feature", "properties": { "NIBRS_cat": "All Other Offenses", "crime_type": "Unspecified", "latitude": 38.578007, "longitude": -90.247551, "date": "9/21/2025" }, "geometry": { "type": "Point", "coordinates": [ -90.24755, 38.57801 ] } },
{ "type": "Feature", "properties": { "NIBRS_cat": "All Other Offenses", "crime_type": "Unspecified", "latitude": 38.578007, "longitude": -90.247551, "date": "9/21/2025" }, "geometry": { "type": "Point", "coordinates": [ -90.24755, 38.57801 ] } },
{ "type": "Feature", "properties": { "NIBRS_cat": "Theft From Motor Vehicle Parts/Accessories", "crime_type": "Property", "latitude": 38.578014, "longitude": -90.264771, "date": "2/18/2025" }, "geometry": { "type": "Point", "coordinates": [ -90.26477, 38.57801 ] } },
{ "type": "Feature", "properties": { "NIBRS_cat": "Theft From Motor Vehicle Parts/Accessories", "crime_type": "Property", "latitude": 38.578014, "longitude": -90.264771, "date": "2/18/2025" }, "geometry": { "type": "Point", "coordinates": [ -90.26477, 38.57801 ] } },
{ "type": "Feature", "properties": { "NIBRS_cat": "All Other Offenses", "crime_type": "Unspecified", "latitude": 38.578072, "longitude": -90.266769, "date": "9/12/2025" }, "geometry": { "type": "Point", "coordinates": [ -90.26677, 38.57807 ] } },
{ "type": "Feature", "properties": { "NIBRS_cat": "All Other Offenses", "crime_type": "Unspecified", "latitude": 38.578072, "longitude": -90.266769, "date": "9/13/2025" }, "geometry": { "type": "Point", "coordinates": [ -90.26677, 38.57807 ] } },
{ "type": "Feature", "properties": { "NIBRS_cat": "All Other Offenses", "crime_type": "Unspecified", "latitude": 38.578072, "longitude": -90.266769, "date": "9/10/2025" }, "geometry": { "type": "Point", "coordinates": [ -90.26677, 38.57807 ] } },
{ "type": "Feature", "properties": { "NIBRS_cat": "All Other Offenses", "crime_type": "Unspecified", "latitude": 38.578072, "longitude": -90.266769, "date": "9/8/2025" }, "geometry": { "type": "Point", "coordinates": [ -90.26677, 38.57807 ] } },
{ "type": "Feature", "properties": { "NIBRS_cat": "All Other Offenses", "crime_type": "Unspecified", "latitude": 38.578072, "longitude": -90.266769, "date": "9/13/2025" }, "geometry": { "type": "Point", "coordinates": [ -90.26677, 38.57807 ] } },
{ "type": "Feature", "properties": { "NIBRS_cat": "All Other Offenses", "crime_type": "Unspecified", "latitude": 38.578072, "longitude": -90.266769, "date": "9/7/2025" }, "geometry": { "type": "Point", "coordinates": [ -90.26677, 38.57807 ] } },
{ "type": "Feature", "properties": { "NIBRS_cat": "All Other Offenses", "crime_type": "Unspecified", "latitude": 38.578072, "longitude": -90.266769, "date": "9/12/2025" }, "geometry": { "type": "Point", "coordinates": [ -90.26677, 38.57807 ] } },
{ "type": "Feature", "properties": { "NIBRS_cat": "All Other Offenses", "crime_type": "Unspecified", "latitude": 38.578072, "longitude": -90.266769, "date": "9/7/2025" }, "geometry": { "type": "Point", "coordinates": [ -90.26677, 38.57807 ] } },
{ "type": "Feature", "properties": { "NIBRS_cat": "All Other Offenses", "crime_type": "Unspecified", "latitude": 38.578072, "longitude": -90.266769, "date": "9/13/2025" }, "geometry": { "type": "Point", "coordinates": [ -90.26677, 38.57807 ] } },
{ "type": "Feature", "properties": { "NIBRS_cat": "All Other Offenses", "crime_type": "Unspecified", "latitude": 38.578072, "longitude": -90.266769, "date": "9/8/2025" }, "geometry": { "type": "Point", "coordinates": [ -90.26677, 38.57807 ] } },
{ "type": "Feature", "properties": { "NIBRS_cat": "All Other Offenses", "crime_type": "Unspecified", "latitude": 38.578072, "longitude": -90.266769, "date": "9/13/2025" }, "geometry": { "type": "Point", "coordinates": [ -90.26677, 38.57807 ] } },
{ "type": "Feature", "properties": { "NIBRS_cat": "All Other Offenses", "crime_type": "Unspecified", "latitude": 38.578072, "longitude": -90.266769, "date": "9/10/2025" }, "geometry": { "type": "Point", "coordinates": [ -90.26677, 38.57807 ] } },
{ "type": "Feature", "properties": { "NIBRS_cat": "Theft From Motor Vehicle", "crime_type": "Property", "latitude": 38.578125, "longitude": -90.252922, "date": "9/30/2025" }, "geometry": { "type": "Point", "coordinates": [ -90.25292, 38.57812 ] } },
{ "type": "Feature", "properties": { "NIBRS_cat": "Theft From Motor Vehicle", "crime_type": "Property", "latitude": 38.578125, "longitude": -90.252922, "date": "9/30/2025" }, "geometry": { "type": "Point", "coordinates": [ -90.25292, 38.57812 ] } },
{ "type": "Feature", "properties": { "NIBRS_cat": "Disorderly Conduct", "crime_type": "Society", "latitude": 38.578163, "longitude": -90.266663, "date": "9/1/2025" }, "geometry": { "type": "Point", "coordinates": [ -90.26666, 38.57816 ] } },
{ "type": "Feature", "properties": { "NIBRS_cat": "Disorderly Conduct", "crime_type": "Society", "latitude": 38.578163, "longitude": -90.266663, "date": "9/1/2025" }, "geometry": { "type": "Point", "coordinates": [ -90.26666, 38.57816 ] } },
{ "type": "Feature", "properties": { "NIBRS_cat": "All Other Larceny", "crime_type": "Property", "latitude": 38.578175, "longitude": -90.250679, "date": "9/5/2025" }, "geometry": { "type": "Point", "coordinates": [ -90.25068, 38.57818 ] } },
{ "type": "Feature", "properties": { "NIBRS_cat": "All Other Larceny", "crime_type": "Property", "latitude": 38.578175, "longitude": -90.250679, "date": "9/5/2025" }, "geometry": { "type": "Point", "coordinates": [ -90.25068, 38.57818 ] } },
{ "type": "Feature", "properties": { "NIBRS_cat": "Weapons Law Violations", "crime_type": "Society", "latitude": 38.578194, "longitude": -90.249573, "date": "6/21/2025" }, "geometry": { "type": "Point", "coordinates": [ -90.24957, 38.57819 ] } },
{ "type": "Feature", "properties": { "NIBRS_cat": "Weapons Law Violations", "crime_type": "Society", "latitude": 38.578194, "longitude": -90.249573, "date": "6/21/2025" }, "geometry": { "type": "Point", "coordinates": [ -90.24957, 38.57819 ] } },
{ "type": "Feature", "properties": { "NIBRS_cat": "All Other Offenses", "crime_type": "Unspecified", "latitude": 38.578197, "longitude": -90.267105, "date": "9/21/2025" }, "geometry": { "type": "Point", "coordinates": [ -90.26711, 38.5782 ] } },
{ "type": "Feature", "properties": { "NIBRS_cat": "All Other Offenses", "crime_type": "Unspecified", "latitude": 38.578197, "longitude": -90.267105, "date": "9/21/2025" }, "geometry": { "type": "Point", "coordinates": [ -90.26711, 38.5782 ] } },
{ "type": "Feature", "properties": { "NIBRS_cat": "Trespass of Real Property", "crime_type": "Society", "latitude": 38.578197, "longitude": -90.245789, "date": "9/19/2025" }, "geometry": { "type": "Point", "coordinates": [ -90.24579, 38.5782 ] } },
{ "type": "Feature", "properties": { "NIBRS_cat": "Trespass of Real Property", "crime_type": "Society", "latitude": 38.578197, "longitude": -90.245789, "date": "9/19/2025" }, "geometry": { "type": "Point", "coordinates": [ -90.24579, 38.5782 ] } },
{ "type": "Feature", "properties": { "NIBRS_cat": "Destruction/Damage/Vandalism of Property", "crime_type": "Property", "latitude": 38.578213, "longitude": -90.260223, "date": "9/20/2025" }, "geometry": { "type": "Point", "coordinates": [ -90.26022, 38.57821 ] } },
{ "type": "Feature", "properties": { "NIBRS_cat": "Destruction/Damage/Vandalism of Property", "crime_type": "Property", "latitude": 38.578213, "longitude": -90.260223, "date": "9/20/2025" }, "geometry": { "type": "Point", "coordinates": [ -90.26022, 38.57821 ] } },
{ "type": "Feature", "properties": { "NIBRS_cat": "Motor Vehicle Theft", "crime_type": "Property", "latitude": 38.578213, "longitude": -90.241272, "date": "9/19/2025" }, "geometry": { "type": "Point", "coordinates": [ -90.24127, 38.57821 ] } },
{ "type": "Feature", "properties": { "NIBRS_cat": "Motor Vehicle Theft", "crime_type": "Property", "latitude": 38.578213, "longitude": -90.241272, "date": "9/19/2025" }, "geometry": { "type": "Point", "coordinates": [ -90.24127, 38.57821 ] } },
{ "type": "Feature", "properties": { "NIBRS_cat": "All Other Offenses", "crime_type": "Unspecified", "latitude": 38.578224, "longitude": -90.24736, "date": "6/26/2025" }, "geometry": { "type": "Point", "coordinates": [ -90.24736, 38.57822 ] } },
{ "type": "Feature", "properties": { "NIBRS_cat": "Destruction/Damage/Vandalism of Property", "crime_type": "Property", "latitude": 38.578224, "longitude": -90.24736, "date": "6/26/2025" }, "geometry": { "type": "Point", "coordinates": [ -90.24736, 38.57822 ] } },
{ "type": "Feature", "properties": { "NIBRS_cat": "Robbery", "crime_type": "Person", "latitude": 38.578224, "longitude": -90.24736, "date": "6/26/2025" }, "geometry": { "type": "Point", "coordinates": [ -90.24736, 38.57822 ] } },
{ "type": "Feature", "properties": { "NIBRS_cat": "Robbery", "crime_type": "Person", "latitude": 38.578224, "longitude": -90.24736, "date": "6/26/2025" }, "geometry": { "type": "Point", "coordinates": [ -90.24736, 38.57822 ] } },
{ "type": "Feature", "properties": { "NIBRS_cat": "Destruction/Damage/Vandalism of Property", "crime_type": "Property", "latitude": 38.578224, "longitude": -90.24736, "date": "6/26/2025" }, "geometry": { "type": "Point", "coordinates": [ -90.24736, 38.57822 ] } },
{ "type": "Feature", "properties": { "NIBRS_cat": "All Other Offenses", "crime_type": "Unspecified", "latitude": 38.578224, "longitude": -90.24736, "date": "6/26/2025" }, "geometry": { "type": "Point", "coordinates": [ -90.24736, 38.57822 ] } },
{ "type": "Feature", "properties": { "NIBRS_cat": "Weapons Law Violations", "crime_type": "Society", "latitude": 38.578278, "longitude": -90.239403, "date": "9/9/2025" }, "geometry": { "type": "Point", "coordinates": [ -90.2394, 38.57828 ] } },
{ "type": "Feature", "properties": { "NIBRS_cat": "Weapons Law Violations", "crime_type": "Society", "latitude": 38.578278, "longitude": -90.239403, "date": "9/9/2025" }, "geometry": { "type": "Point", "coordinates": [ -90.2394, 38.57828 ] } },
{ "type": "Feature", "properties": { "NIBRS_cat": "Trespass of Real Property", "crime_type": "Society", "latitude": 38.578362, "longitude": -90.247269, "date": "5/19/2025" }, "geometry": { "type": "Point", "coordinates": [ -90.24727, 38.57836 ] } },
{ "type": "Feature", "properties": { "NIBRS_cat": "Theft From Building", "crime_type": "Property", "latitude": 38.578362, "longitude": -90.247269, "date": "5/19/2025" }, "geometry": { "type": "Point", "coordinates": [ -90.24727, 38.57836 ] } },
{ "type": "Feature", "properties": { "NIBRS_cat": "Trespass of Real Property", "crime_type": "Society", "latitude": 38.578362, "longitude": -90.247269, "date": "5/19/2025" }, "geometry": { "type": "Point", "coordinates": [ -90.24727, 38.57836 ] } },
{ "type": "Feature", "properties": { "NIBRS_cat": "Theft From Building", "crime_type": "Property", "latitude": 38.578362, "longitude": -90.247269, "date": "5/19/2025" }, "geometry": { "type": "Point", "coordinates": [ -90.24727, 38.57836 ] } },
{ "type": "Feature", "properties": { "NIBRS_cat": "Trespass of Real Property", "crime_type": "Society", "latitude": 38.578384, "longitude": -90.270416, "date": "9/30/2025" }, "geometry": { "type": "Point", "coordinates": [ -90.27042, 38.57838 ] } },
{ "type": "Feature", "properties": { "NIBRS_cat": "Trespass of Real Property", "crime_type": "Society", "latitude": 38.578384, "longitude": -90.270416, "date": "9/30/2025" }, "geometry": { "type": "Point", "coordinates": [ -90.27042, 38.57838 ] } },
{ "type": "Feature", "properties": { "NIBRS_cat": "Weapons Law Violations", "crime_type": "Society", "latitude": 38.578388, "longitude": -90.231712, "date": "9/10/2025" }, "geometry": { "type": "Point", "coordinates": [ -90.23171, 38.57839 ] } },
{ "type": "Feature", "properties": { "NIBRS_cat": "Weapons Law Violations", "crime_type": "Society", "latitude": 38.578388, "longitude": -90.231712, "date": "9/10/2025" }, "geometry": { "type": "Point", "coordinates": [ -90.23171, 38.57839 ] } },
{ "type": "Feature", "properties": { "NIBRS_cat": "Theft From Motor Vehicle", "crime_type": "Property", "latitude": 38.578442, "longitude": -90.264511, "date": "9/27/2025" }, "geometry": { "type": "Point", "coordinates": [ -90.26451, 38.57844 ] } },
{ "type": "Feature", "properties": { "NIBRS_cat": "Theft From Motor Vehicle", "crime_type": "Property", "latitude": 38.578442, "longitude": -90.264511, "date": "9/27/2025" }, "geometry": { "type": "Point", "coordinates": [ -90.26451, 38.57844 ] } },
{ "type": "Feature", "properties": { "NIBRS_cat": "Motor Vehicle Theft", "crime_type": "Property", "latitude": 38.578491, "longitude": -90.273148, "date": "9/9/2025" }, "geometry": { "type": "Point", "coordinates": [ -90.27315, 38.57849 ] } },
{ "type": "Feature", "properties": { "NIBRS_cat": "Motor Vehicle Theft", "crime_type": "Property", "latitude": 38.578491, "longitude": -90.273148, "date": "9/9/2025" }, "geometry": { "type": "Point", "coordinates": [ -90.27315, 38.57849 ] } },
{ "type": "Feature", "properties": { "NIBRS_cat": "Destruction/Damage/Vandalism of Property", "crime_type": "Property", "latitude": 38.578712, "longitude": -90.270477, "date": "9/2/2025" }, "geometry": { "type": "Point", "coordinates": [ -90.27048, 38.57871 ] } },
{ "type": "Feature", "properties": { "NIBRS_cat": "Destruction/Damage/Vandalism of Property", "crime_type": "Property", "latitude": 38.578712, "longitude": -90.270477, "date": "9/2/2025" }, "geometry": { "type": "Point", "coordinates": [ -90.27048, 38.57871 ] } },
{ "type": "Feature", "properties": { "NIBRS_cat": "Motor Vehicle Theft", "crime_type": "Property", "latitude": 38.578739, "longitude": -90.241951, "date": "4/14/2025" }, "geometry": { "type": "Point", "coordinates": [ -90.24195, 38.57874 ] } },
{ "type": "Feature", "properties": { "NIBRS_cat": "Motor Vehicle Theft", "crime_type": "Property", "latitude": 38.578739, "longitude": -90.241951, "date": "4/14/2025" }, "geometry": { "type": "Point", "coordinates": [ -90.24195, 38.57874 ] } },
{ "type": "Feature", "properties": { "NIBRS_cat": "Theft From Motor Vehicle", "crime_type": "Property", "latitude": 38.578846, "longitude": -90.271194, "date": "8/26/2025" }, "geometry": { "type": "Point", "coordinates": [ -90.27119, 38.57885 ] } },
{ "type": "Feature", "properties": { "NIBRS_cat": "Destruction/Damage/Vandalism of Property", "crime_type": "Property", "latitude": 38.578846, "longitude": -90.271194, "date": "8/26/2025" }, "geometry": { "type": "Point", "coordinates": [ -90.27119, 38.57885 ] } },
{ "type": "Feature", "properties": { "NIBRS_cat": "Destruction/Damage/Vandalism of Property", "crime_type": "Property", "latitude": 38.578846, "longitude": -90.271194, "date": "8/26/2025" }, "geometry": { "type": "Point", "coordinates": [ -90.27119, 38.57885 ] } },
{ "type": "Feature", "properties": { "NIBRS_cat": "Theft From Motor Vehicle", "crime_type": "Property", "latitude": 38.578846, "longitude": -90.271194, "date": "8/26/2025" }, "geometry": { "type": "Point", "coordinates": [ -90.27119, 38.57885 ] } },
{ "type": "Feature", "properties": { "NIBRS_cat": "Aggravated Assault", "crime_type": "Person", "latitude": 38.578941, "longitude": -90.234612, "date": "9/7/2025" }, "geometry": { "type": "Point", "coordinates": [ -90.23461, 38.57894 ] } },
{ "type": "Feature", "properties": { "NIBRS_cat": "Aggravated Assault", "crime_type": "Person", "latitude": 38.578941, "longitude": -90.234612, "date": "9/7/2025" }, "geometry": { "type": "Point", "coordinates": [ -90.23461, 38.57894 ] } },
{ "type": "Feature", "properties": { "NIBRS_cat": "Aggravated Assault", "crime_type": "Person", "latitude": 38.578941, "longitude": -90.234612, "date": "9/7/2025" }, "geometry": { "type": "Point", "coordinates": [ -90.23461, 38.57894 ] } },
{ "type": "Feature", "properties": { "NIBRS_cat": "Weapons Law Violations", "crime_type": "Society", "latitude": 38.578941, "longitude": -90.234612, "date": "9/7/2025" }, "geometry": { "type": "Point", "coordinates": [ -90.23461, 38.57894 ] } },
{ "type": "Feature", "properties": { "NIBRS_cat": "Weapons Law Violations", "crime_type": "Society", "latitude": 38.578941, "longitude": -90.234612, "date": "9/7/2025" }, "geometry": { "type": "Point", "coordinates": [ -90.23461, 38.57894 ] } },
{ "type": "Feature", "properties": { "NIBRS_cat": "Aggravated Assault", "crime_type": "Person", "latitude": 38.578941, "longitude": -90.234612, "date": "9/7/2025" }, "geometry": { "type": "Point", "coordinates": [ -90.23461, 38.57894 ] } },
{ "type": "Feature", "properties": { "NIBRS_cat": "Motor Vehicle Theft", "crime_type": "Property", "latitude": 38.579063, "longitude": -90.238197, "date": "7/17/2025" }, "geometry": { "type": "Point", "coordinates": [ -90.2382, 38.57906 ] } },
{ "type": "Feature", "properties": { "NIBRS_cat": "Motor Vehicle Theft", "crime_type": "Property", "latitude": 38.579063, "longitude": -90.238197, "date": "7/17/2025" }, "geometry": { "type": "Point", "coordinates": [ -90.2382, 38.57906 ] } },
{ "type": "Feature", "properties": { "NIBRS_cat": "Simple Assault", "crime_type": "Person", "latitude": 38.579086, "longitude": -90.243492, "date": "8/4/2024" }, "geometry": { "type": "Point", "coordinates": [ -90.24349, 38.57909 ] } },
{ "type": "Feature", "properties": { "NIBRS_cat": "Simple Assault", "crime_type": "Person", "latitude": 38.579086, "longitude": -90.243492, "date": "8/4/2024" }, "geometry": { "type": "Point", "coordinates": [ -90.24349, 38.57909 ] } },
{ "type": "Feature", "properties": { "NIBRS_cat": "Burglary/Breaking and Entering", "crime_type": "Property", "latitude": 38.579086, "longitude": -90.243492, "date": "8/4/2024" }, "geometry": { "type": "Point", "coordinates": [ -90.24349, 38.57909 ] } },
{ "type": "Feature", "properties": { "NIBRS_cat": "Simple Assault", "crime_type": "Person", "latitude": 38.579086, "longitude": -90.243492, "date": "8/4/2024" }, "geometry": { "type": "Point", "coordinates": [ -90.24349, 38.57909 ] } },
{ "type": "Feature", "properties": { "NIBRS_cat": "Aggravated Assault", "crime_type": "Person", "latitude": 38.579086, "longitude": -90.243492, "date": "8/4/2024" }, "geometry": { "type": "Point", "coordinates": [ -90.24349, 38.57909 ] } },
{ "type": "Feature", "properties": { "NIBRS_cat": "Simple Assault", "crime_type": "Person", "latitude": 38.579086, "longitude": -90.243492, "date": "8/4/2024" }, "geometry": { "type": "Point", "coordinates": [ -90.24349, 38.57909 ] } },
{ "type": "Feature", "properties": { "NIBRS_cat": "Aggravated Assault", "crime_type": "Person", "latitude": 38.579086, "longitude": -90.243492, "date": "8/4/2024" }, "geometry": { "type": "Point", "coordinates": [ -90.24349, 38.57909 ] } },
{ "type": "Feature", "properties": { "NIBRS_cat": "Burglary/Breaking and Entering", "crime_type": "Property", "latitude": 38.579086, "longitude": -90.243492, "date": "8/4/2024" }, "geometry": { "type": "Point", "coordinates": [ -90.24349, 38.57909 ] } },
{ "type": "Feature", "properties": { "NIBRS_cat": "Destruction/Damage/Vandalism of Property", "crime_type": "Property", "latitude": 38.57909, "longitude": -90.238739, "date": "9/18/2025" }, "geometry": { "type": "Point", "coordinates": [ -90.23874, 38.57909 ] } },
{ "type": "Feature", "properties": { "NIBRS_cat": "Destruction/Damage/Vandalism of Property", "crime_type": "Property", "latitude": 38.57909, "longitude": -90.238739, "date": "9/18/2025" }, "geometry": { "type": "Point", "coordinates": [ -90.23874, 38.57909 ] } },
{ "type": "Feature", "properties": { "NIBRS_cat": "Simple Assault", "crime_type": "Person", "latitude": 38.579109, "longitude": -90.239342, "date": "9/17/2025" }, "geometry": { "type": "Point", "coordinates": [ -90.23934, 38.57911 ] } },
{ "type": "Feature", "properties": { "NIBRS_cat": "Simple Assault", "crime_type": "Person", "latitude": 38.579109, "longitude": -90.239342, "date": "9/17/2025" }, "geometry": { "type": "Point", "coordinates": [ -90.23934, 38.57911 ] } },
{ "type": "Feature", "properties": { "NIBRS_cat": "Simple Assault", "crime_type": "Person", "latitude": 38.579109, "longitude": -90.239342, "date": "9/17/2025" }, "geometry": { "type": "Point", "coordinates": [ -90.23934, 38.57911 ] } },
{ "type": "Feature", "properties": { "NIBRS_cat": "Aggravated Assault", "crime_type": "Person", "latitude": 38.579109, "longitude": -90.239342, "date": "9/24/2025" }, "geometry": { "type": "Point", "coordinates": [ -90.23934, 38.57911 ] } },
{ "type": "Feature", "properties": { "NIBRS_cat": "Simple Assault", "crime_type": "Person", "latitude": 38.579109, "longitude": -90.239342, "date": "9/17/2025" }, "geometry": { "type": "Point", "coordinates": [ -90.23934, 38.57911 ] } },
{ "type": "Feature", "properties": { "NIBRS_cat": "Aggravated Assault", "crime_type": "Person", "latitude": 38.579109, "longitude": -90.239342, "date": "9/24/2025" }, "geometry": { "type": "Point", "coordinates": [ -90.23934, 38.57911 ] } },
{ "type": "Feature", "properties": { "NIBRS_cat": "Burglary/Breaking and Entering", "crime_type": "Property", "latitude": 38.579128, "longitude": -90.272141, "date": "7/12/2025" }, "geometry": { "type": "Point", "coordinates": [ -90.27214, 38.57913 ] } },
{ "type": "Feature", "properties": { "NIBRS_cat": "Burglary/Breaking and Entering", "crime_type": "Property", "latitude": 38.579128, "longitude": -90.272141, "date": "7/12/2025" }, "geometry": { "type": "Point", "coordinates": [ -90.27214, 38.57913 ] } },
{ "type": "Feature", "properties": { "NIBRS_cat": "Motor Vehicle Theft", "crime_type": "Property", "latitude": 38.579128, "longitude": -90.272141, "date": "7/12/2025" }, "geometry": { "type": "Point", "coordinates": [ -90.27214, 38.57913 ] } },
{ "type": "Feature", "properties": { "NIBRS_cat": "Motor Vehicle Theft", "crime_type": "Property", "latitude": 38.579128, "longitude": -90.272141, "date": "7/12/2025" }, "geometry": { "type": "Point", "coordinates": [ -90.27214, 38.57913 ] } },
{ "type": "Feature", "properties": { "NIBRS_cat": "Simple Assault", "crime_type": "Person", "latitude": 38.579136, "longitude": -90.272049, "date": "6/29/2025" }, "geometry": { "type": "Point", "coordinates": [ -90.27205, 38.57914 ] } },
{ "type": "Feature", "properties": { "NIBRS_cat": "Simple Assault", "crime_type": "Person", "latitude": 38.579136, "longitude": -90.272049, "date": "6/29/2025" }, "geometry": { "type": "Point", "coordinates": [ -90.27205, 38.57914 ] } },
{ "type": "Feature", "properties": { "NIBRS_cat": "Burglary/Breaking and Entering", "crime_type": "Property", "latitude": 38.579163, "longitude": -90.243637, "date": "7/14/2024" }, "geometry": { "type": "Point", "coordinates": [ -90.24364, 38.57916 ] } },
{ "type": "Feature", "properties": { "NIBRS_cat": "Burglary/Breaking and Entering", "crime_type": "Property", "latitude": 38.579163, "longitude": -90.243637, "date": "7/14/2024" }, "geometry": { "type": "Point", "coordinates": [ -90.24364, 38.57916 ] } },
{ "type": "Feature", "properties": { "NIBRS_cat": "Aggravated Assault", "crime_type": "Person", "latitude": 38.579163, "longitude": -90.243637, "date": "7/14/2024" }, "geometry": { "type": "Point", "coordinates": [ -90.24364, 38.57916 ] } },
{ "type": "Feature", "properties": { "NIBRS_cat": "Aggravated Assault", "crime_type": "Person", "latitude": 38.579163, "longitude": -90.243637, "date": "7/14/2024" }, "geometry": { "type": "Point", "coordinates": [ -90.24364, 38.57916 ] } },
{ "type": "Feature", "properties": { "NIBRS_cat": "Trespass of Real Property", "crime_type": "Society", "latitude": 38.57917, "longitude": -90.261284, "date": "9/30/2025" }, "geometry": { "type": "Point", "coordinates": [ -90.26128, 38.57917 ] } },
{ "type": "Feature", "properties": { "NIBRS_cat": "All Other Offenses", "crime_type": "Unspecified", "latitude": 38.57917, "longitude": -90.261284, "date": "9/30/2025" }, "geometry": { "type": "Point", "coordinates": [ -90.26128, 38.57917 ] } },
{ "type": "Feature", "properties": { "NIBRS_cat": "Aggravated Assault", "crime_type": "Person", "latitude": 38.57917, "longitude": -90.261284, "date": "9/30/2025" }, "geometry": { "type": "Point", "coordinates": [ -90.26128, 38.57917 ] } },
{ "type": "Feature", "properties": { "NIBRS_cat": "Trespass of Real Property", "crime_type": "Society", "latitude": 38.57917, "longitude": -90.261284, "date": "9/30/2025" }, "geometry": { "type": "Point", "coordinates": [ -90.26128, 38.57917 ] } },
{ "type": "Feature", "properties": { "NIBRS_cat": "All Other Offenses", "crime_type": "Unspecified", "latitude": 38.57917, "longitude": -90.261284, "date": "9/30/2025" }, "geometry": { "type": "Point", "coordinates": [ -90.26128, 38.57917 ] } },
{ "type": "Feature", "properties": { "NIBRS_cat": "Stolen Property Offenses", "crime_type": "Property", "latitude": 38.57917, "longitude": -90.261284, "date": "9/30/2025" }, "geometry": { "type": "Point", "coordinates": [ -90.26128, 38.57917 ] } },
{ "type": "Feature", "properties": { "NIBRS_cat": "Aggravated Assault", "crime_type": "Person", "latitude": 38.57917, "longitude": -90.261284, "date": "9/30/2025" }, "geometry": { "type": "Point", "coordinates": [ -90.26128, 38.57917 ] } },
{ "type": "Feature", "properties": { "NIBRS_cat": "Aggravated Assault", "crime_type": "Person", "latitude": 38.57917, "longitude": -90.261284, "date": "9/30/2025" }, "geometry": { "type": "Point", "coordinates": [ -90.26128, 38.57917 ] } },
{ "type": "Feature", "properties": { "NIBRS_cat": "Aggravated Assault", "crime_type": "Person", "latitude": 38.57917, "longitude": -90.261284, "date": "9/30/2025" }, "geometry": { "type": "Point", "coordinates": [ -90.26128, 38.57917 ] } },
{ "type": "Feature", "properties": { "NIBRS_cat": "Stolen Property Offenses", "crime_type": "Property", "latitude": 38.57917, "longitude": -90.261284, "date": "9/30/2025" }, "geometry": { "type": "Point", "coordinates": [ -90.26128, 38.57917 ] } },
{ "type": "Feature", "properties": { "NIBRS_cat": "Pornography/Obscene Material", "crime_type": "Society", "latitude": 38.579414, "longitude": -90.244118, "date": "2/7/2024" }, "geometry": { "type": "Point", "coordinates": [ -90.24412, 38.57941 ] } },
{ "type": "Feature", "properties": { "NIBRS_cat": "Destruction/Damage/Vandalism of Property", "crime_type": "Property", "latitude": 38.579414, "longitude": -90.244118, "date": "1/29/2024" }, "geometry": { "type": "Point", "coordinates": [ -90.24412, 38.57941 ] } },
{ "type": "Feature", "properties": { "NIBRS_cat": "Intimidation", "crime_type": "Person", "latitude": 38.579414, "longitude": -90.244118, "date": "2/7/2024" }, "geometry": { "type": "Point", "coordinates": [ -90.24412, 38.57941 ] } },
{ "type": "Feature", "properties": { "NIBRS_cat": "Destruction/Damage/Vandalism of Property", "crime_type": "Property", "latitude": 38.579414, "longitude": -90.244118, "date": "1/29/2024" }, "geometry": { "type": "Point", "coordinates": [ -90.24412, 38.57941 ] } },
{ "type": "Feature", "properties": { "NIBRS_cat": "Pornography/Obscene Material", "crime_type": "Society", "latitude": 38.579414, "longitude": -90.244118, "date": "2/7/2024" }, "geometry": { "type": "Point", "coordinates": [ -90.24412, 38.57941 ] } },
{ "type": "Feature", "properties": { "NIBRS_cat": "Pornography/Obscene Material", "crime_type": "Society", "latitude": 38.579414, "longitude": -90.244118, "date": "2/7/2024" }, "geometry": { "type": "Point", "coordinates": [ -90.24412, 38.57941 ] } },
{ "type": "Feature", "properties": { "NIBRS_cat": "Burglary/Breaking and Entering", "crime_type": "Property", "latitude": 38.579414, "longitude": -90.244118, "date": "1/29/2024" }, "geometry": { "type": "Point", "coordinates": [ -90.24412, 38.57941 ] } },
{ "type": "Feature", "properties": { "NIBRS_cat": "Intimidation", "crime_type": "Person", "latitude": 38.579414, "longitude": -90.244118, "date": "2/7/2024" }, "geometry": { "type": "Point", "coordinates": [ -90.24412, 38.57941 ] } },
{ "type": "Feature", "properties": { "NIBRS_cat": "Burglary/Breaking and Entering", "crime_type": "Property", "latitude": 38.579414, "longitude": -90.244118, "date": "1/29/2024" }, "geometry": { "type": "Point", "coordinates": [ -90.24412, 38.57941 ] } },
{ "type": "Feature", "properties": { "NIBRS_cat": "Pornography/Obscene Material", "crime_type": "Society", "latitude": 38.579414, "longitude": -90.244118, "date": "2/7/2024" }, "geometry": { "type": "Point", "coordinates": [ -90.24412, 38.57941 ] } },
{ "type": "Feature", "properties": { "NIBRS_cat": "Weapons Law Violations", "crime_type": "Society", "latitude": 38.579453, "longitude": -90.247063, "date": "9/4/2025" }, "geometry": { "type": "Point", "coordinates": [ -90.24706, 38.57945 ] } },
{ "type": "Feature", "properties": { "NIBRS_cat": "Weapons Law Violations", "crime_type": "Society", "latitude": 38.579453, "longitude": -90.247063, "date": "9/4/2025" }, "geometry": { "type": "Point", "coordinates": [ -90.24706, 38.57945 ] } },
{ "type": "Feature", "properties": { "NIBRS_cat": "Disorderly Conduct", "crime_type": "Society", "latitude": 38.579494, "longitude": -90.269913, "date": "9/2/2025" }, "geometry": { "type": "Point", "coordinates": [ -90.26991, 38.57949 ] } },
{ "type": "Feature", "properties": { "NIBRS_cat": "Disorderly Conduct", "crime_type": "Society", "latitude": 38.579494, "longitude": -90.269913, "date": "9/2/2025" }, "geometry": { "type": "Point", "coordinates": [ -90.26991, 38.57949 ] } },
{ "type": "Feature", "properties": { "NIBRS_cat": "Destruction/Damage/Vandalism of Property", "crime_type": "Property", "latitude": 38.579498, "longitude": -90.274673, "date": "9/9/2025" }, "geometry": { "type": "Point", "coordinates": [ -90.27467, 38.5795 ] } },
{ "type": "Feature", "properties": { "NIBRS_cat": "Destruction/Damage/Vandalism of Property", "crime_type": "Property", "latitude": 38.579498, "longitude": -90.274673, "date": "9/9/2025" }, "geometry": { "type": "Point", "coordinates": [ -90.27467, 38.5795 ] } },
{ "type": "Feature", "properties": { "NIBRS_cat": "Aggravated Assault", "crime_type": "Person", "latitude": 38.57951, "longitude": -90.245186, "date": "9/23/2025" }, "geometry": { "type": "Point", "coordinates": [ -90.24519, 38.57951 ] } },
{ "type": "Feature", "properties": { "NIBRS_cat": "Aggravated Assault", "crime_type": "Person", "latitude": 38.57951, "longitude": -90.245186, "date": "9/23/2025" }, "geometry": { "type": "Point", "coordinates": [ -90.24519, 38.57951 ] } },
{ "type": "Feature", "properties": { "NIBRS_cat": "Aggravated Assault", "crime_type": "Person", "latitude": 38.57951, "longitude": -90.245186, "date": "9/23/2025" }, "geometry": { "type": "Point", "coordinates": [ -90.24519, 38.57951 ] } },
{ "type": "Feature", "properties": { "NIBRS_cat": "Aggravated Assault", "crime_type": "Person", "latitude": 38.57951, "longitude": -90.245186, "date": "9/23/2025" }, "geometry": { "type": "Point", "coordinates": [ -90.24519, 38.57951 ] } },
{ "type": "Feature", "properties": { "NIBRS_cat": "Destruction/Damage/Vandalism of Property", "crime_type": "Property", "latitude": 38.579597, "longitude": -90.244812, "date": "5/5/2025" }, "geometry": { "type": "Point", "coordinates": [ -90.24481, 38.5796 ] } },
{ "type": "Feature", "properties": { "NIBRS_cat": "Destruction/Damage/Vandalism of Property", "crime_type": "Property", "latitude": 38.579597, "longitude": -90.244812, "date": "5/5/2025" }, "geometry": { "type": "Point", "coordinates": [ -90.24481, 38.5796 ] } },
{ "type": "Feature", "properties": { "NIBRS_cat": "All Other Offenses", "crime_type": "Unspecified", "latitude": 38.579624, "longitude": -90.269714, "date": "9/11/2025" }, "geometry": { "type": "Point", "coordinates": [ -90.26971, 38.57962 ] } },
{ "type": "Feature", "properties": { "NIBRS_cat": "All Other Offenses", "crime_type": "Unspecified", "latitude": 38.579624, "longitude": -90.269714, "date": "9/11/2025" }, "geometry": { "type": "Point", "coordinates": [ -90.26971, 38.57962 ] } },
{ "type": "Feature", "properties": { "NIBRS_cat": "All Other Offenses", "crime_type": "Unspecified", "latitude": 38.579624, "longitude": -90.269714, "date": "9/11/2025" }, "geometry": { "type": "Point", "coordinates": [ -90.26971, 38.57962 ] } },
{ "type": "Feature", "properties": { "NIBRS_cat": "Robbery", "crime_type": "Person", "latitude": 38.579624, "longitude": -90.269714, "date": "9/11/2025" }, "geometry": { "type": "Point", "coordinates": [ -90.26971, 38.57962 ] } },
{ "type": "Feature", "properties": { "NIBRS_cat": "Robbery", "crime_type": "Person", "latitude": 38.579624, "longitude": -90.269714, "date": "9/11/2025" }, "geometry": { "type": "Point", "coordinates": [ -90.26971, 38.57962 ] } },
{ "type": "Feature", "properties": { "NIBRS_cat": "Simple Assault", "crime_type": "Person", "latitude": 38.579624, "longitude": -90.269714, "date": "9/11/2025" }, "geometry": { "type": "Point", "coordinates": [ -90.26971, 38.57962 ] } },
{ "type": "Feature", "properties": { "NIBRS_cat": "All Other Offenses", "crime_type": "Unspecified", "latitude": 38.579624, "longitude": -90.269714, "date": "9/11/2025" }, "geometry": { "type": "Point", "coordinates": [ -90.26971, 38.57962 ] } },
{ "type": "Feature", "properties": { "NIBRS_cat": "Simple Assault", "crime_type": "Person", "latitude": 38.579624, "longitude": -90.269714, "date": "9/11/2025" }, "geometry": { "type": "Point", "coordinates": [ -90.26971, 38.57962 ] } },
{ "type": "Feature", "properties": { "NIBRS_cat": "Burglary/Breaking and Entering", "crime_type": "Property", "latitude": 38.5797, "longitude": -90.238205, "date": "6/25/2025" }, "geometry": { "type": "Point", "coordinates": [ -90.2382, 38.5797 ] } },
{ "type": "Feature", "properties": { "NIBRS_cat": "Burglary/Breaking and Entering", "crime_type": "Property", "latitude": 38.5797, "longitude": -90.238205, "date": "6/25/2025" }, "geometry": { "type": "Point", "coordinates": [ -90.2382, 38.5797 ] } },
{ "type": "Feature", "properties": { "NIBRS_cat": "Burglary/Breaking and Entering", "crime_type": "Property", "latitude": 38.5797, "longitude": -90.238205, "date": "6/27/2025" }, "geometry": { "type": "Point", "coordinates": [ -90.2382, 38.5797 ] } },
{ "type": "Feature", "properties": { "NIBRS_cat": "Burglary/Breaking and Entering", "crime_type": "Property", "latitude": 38.5797, "longitude": -90.238205, "date": "6/27/2025" }, "geometry": { "type": "Point", "coordinates": [ -90.2382, 38.5797 ] } },
{ "type": "Feature", "properties": { "NIBRS_cat": "All Other Larceny", "crime_type": "Property", "latitude": 38.57972, "longitude": -90.242035, "date": "9/30/2025" }, "geometry": { "type": "Point", "coordinates": [ -90.24204, 38.57972 ] } },
{ "type": "Feature", "properties": { "NIBRS_cat": "Simple Assault", "crime_type": "Person", "latitude": 38.57972, "longitude": -90.242035, "date": "9/30/2025" }, "geometry": { "type": "Point", "coordinates": [ -90.24204, 38.57972 ] } },
{ "type": "Feature", "properties": { "NIBRS_cat": "All Other Larceny", "crime_type": "Property", "latitude": 38.57972, "longitude": -90.242035, "date": "9/30/2025" }, "geometry": { "type": "Point", "coordinates": [ -90.24204, 38.57972 ] } },
{ "type": "Feature", "properties": { "NIBRS_cat": "Simple Assault", "crime_type": "Person", "latitude": 38.57972, "longitude": -90.242035, "date": "9/30/2025" }, "geometry": { "type": "Point", "coordinates": [ -90.24204, 38.57972 ] } },
{ "type": "Feature", "properties": { "NIBRS_cat": "Aggravated Assault", "crime_type": "Person", "latitude": 38.57975, "longitude": -90.244537, "date": "1/4/2025" }, "geometry": { "type": "Point", "coordinates": [ -90.24454, 38.57975 ] } },
{ "type": "Feature", "properties": { "NIBRS_cat": "Aggravated Assault", "crime_type": "Person", "latitude": 38.57975, "longitude": -90.244537, "date": "1/4/2025" }, "geometry": { "type": "Point", "coordinates": [ -90.24454, 38.57975 ] } },
{ "type": "Feature", "properties": { "NIBRS_cat": "Destruction/Damage/Vandalism of Property", "crime_type": "Property", "latitude": 38.579823, "longitude": -90.232361, "date": "9/5/2025" }, "geometry": { "type": "Point", "coordinates": [ -90.23236, 38.57982 ] } },
{ "type": "Feature", "properties": { "NIBRS_cat": "Destruction/Damage/Vandalism of Property", "crime_type": "Property", "latitude": 38.579823, "longitude": -90.245361, "date": "9/23/2025" }, "geometry": { "type": "Point", "coordinates": [ -90.24536, 38.57982 ] } },
{ "type": "Feature", "properties": { "NIBRS_cat": "Weapons Law Violations", "crime_type": "Society", "latitude": 38.579823, "longitude": -90.245361, "date": "9/23/2025" }, "geometry": { "type": "Point", "coordinates": [ -90.24536, 38.57982 ] } },
{ "type": "Feature", "properties": { "NIBRS_cat": "Destruction/Damage/Vandalism of Property", "crime_type": "Property", "latitude": 38.579823, "longitude": -90.245361, "date": "9/23/2025" }, "geometry": { "type": "Point", "coordinates": [ -90.24536, 38.57982 ] } },
{ "type": "Feature", "properties": { "NIBRS_cat": "Weapons Law Violations", "crime_type": "Society", "latitude": 38.579823, "longitude": -90.245361, "date": "9/23/2025" }, "geometry": { "type": "Point", "coordinates": [ -90.24536, 38.57982 ] } },
{ "type": "Feature", "properties": { "NIBRS_cat": "Destruction/Damage/Vandalism of Property", "crime_type": "Property", "latitude": 38.579823, "longitude": -90.232361, "date": "9/5/2025" }, "geometry": { "type": "Point", "coordinates": [ -90.23236, 38.57982 ] } },
{ "type": "Feature", "properties": { "NIBRS_cat": "Trespass of Real Property", "crime_type": "Society", "latitude": 38.57983, "longitude": -90.273705, "date": "9/23/2025" }, "geometry": { "type": "Point", "coordinates": [ -90.27371, 38.57983 ] } },
{ "type": "Feature", "properties": { "NIBRS_cat": "Trespass of Real Property", "crime_type": "Society", "latitude": 38.57983, "longitude": -90.273705, "date": "9/23/2025" }, "geometry": { "type": "Point", "coordinates": [ -90.27371, 38.57983 ] } },
{ "type": "Feature", "properties": { "NIBRS_cat": "Robbery", "crime_type": "Person", "latitude": 38.579838, "longitude": -90.273758, "date": "7/7/2025" }, "geometry": { "type": "Point", "coordinates": [ -90.27376, 38.57984 ] } },
{ "type": "Feature", "properties": { "NIBRS_cat": "Robbery", "crime_type": "Person", "latitude": 38.579838, "longitude": -90.273758, "date": "7/7/2025" }, "geometry": { "type": "Point", "coordinates": [ -90.27376, 38.57984 ] } },
{ "type": "Feature", "properties": { "NIBRS_cat": "Destruction/Damage/Vandalism of Property", "crime_type": "Property", "latitude": 38.579922, "longitude": -90.234444, "date": "8/2/2024" }, "geometry": { "type": "Point", "coordinates": [ -90.23444, 38.57992 ] } },
{ "type": "Feature", "properties": { "NIBRS_cat": "Aggravated Assault", "crime_type": "Person", "latitude": 38.579922, "longitude": -90.234444, "date": "8/2/2024" }, "geometry": { "type": "Point", "coordinates": [ -90.23444, 38.57992 ] } },
{ "type": "Feature", "properties": { "NIBRS_cat": "Aggravated Assault", "crime_type": "Person", "latitude": 38.579922, "longitude": -90.234444, "date": "8/2/2024" }, "geometry": { "type": "Point", "coordinates": [ -90.23444, 38.57992 ] } },
{ "type": "Feature", "properties": { "NIBRS_cat": "Aggravated Assault", "crime_type": "Person", "latitude": 38.579922, "longitude": -90.234444, "date": "8/2/2024" }, "geometry": { "type": "Point", "coordinates": [ -90.23444, 38.57992 ] } },
{ "type": "Feature", "properties": { "NIBRS_cat": "Destruction/Damage/Vandalism of Property", "crime_type": "Property", "latitude": 38.579922, "longitude": -90.234444, "date": "8/2/2024" }, "geometry": { "type": "Point", "coordinates": [ -90.23444, 38.57992 ] } },
{ "type": "Feature", "properties": { "NIBRS_cat": "Aggravated Assault", "crime_type": "Person", "latitude": 38.579922, "longitude": -90.234444, "date": "8/2/2024" }, "geometry": { "type": "Point", "coordinates": [ -90.23444, 38.57992 ] } },
{ "type": "Feature", "properties": { "NIBRS_cat": "Motor Vehicle Theft", "crime_type": "Property", "latitude": 38.579945, "longitude": -90.234596, "date": "6/14/2023" }, "geometry": { "type": "Point", "coordinates": [ -90.2346, 38.57995 ] } },
{ "type": "Feature", "properties": { "NIBRS_cat": "Motor Vehicle Theft", "crime_type": "Property", "latitude": 38.579945, "longitude": -90.234596, "date": "6/14/2023" }, "geometry": { "type": "Point", "coordinates": [ -90.2346, 38.57995 ] } },
{ "type": "Feature", "properties": { "NIBRS_cat": "Drug Equipment Violations", "crime_type": "Society", "latitude": 38.580078, "longitude": -90.244293, "date": "9/25/2025" }, "geometry": { "type": "Point", "coordinates": [ -90.24429, 38.58008 ] } },
{ "type": "Feature", "properties": { "NIBRS_cat": "Drug/Narcotic Violations", "crime_type": "Society", "latitude": 38.580078, "longitude": -90.244293, "date": "9/25/2025" }, "geometry": { "type": "Point", "coordinates": [ -90.24429, 38.58008 ] } },
{ "type": "Feature", "properties": { "NIBRS_cat": "Drug/Narcotic Violations", "crime_type": "Society", "latitude": 38.580078, "longitude": -90.244293, "date": "9/25/2025" }, "geometry": { "type": "Point", "coordinates": [ -90.24429, 38.58008 ] } },
{ "type": "Feature", "properties": { "NIBRS_cat": "Drug Equipment Violations", "crime_type": "Society", "latitude": 38.580078, "longitude": -90.244293, "date": "9/25/2025" }, "geometry": { "type": "Point", "coordinates": [ -90.24429, 38.58008 ] } },
{ "type": "Feature", "properties": { "NIBRS_cat": "Motor Vehicle Theft", "crime_type": "Property", "latitude": 38.580086, "longitude": -90.259583, "date": "9/25/2025" }, "geometry": { "type": "Point", "coordinates": [ -90.25958, 38.58009 ] } },
{ "type": "Feature", "properties": { "NIBRS_cat": "Theft From Motor Vehicle", "crime_type": "Property", "latitude": 38.580086, "longitude": -90.259583, "date": "9/25/2025" }, "geometry": { "type": "Point", "coordinates": [ -90.25958, 38.58009 ] } },
{ "type": "Feature", "properties": { "NIBRS_cat": "Theft From Motor Vehicle", "crime_type": "Property", "latitude": 38.580086, "longitude": -90.259583, "date": "9/25/2025" }, "geometry": { "type": "Point", "coordinates": [ -90.25958, 38.58009 ] } },
{ "type": "Feature", "properties": { "NIBRS_cat": "Motor Vehicle Theft", "crime_type": "Property", "latitude": 38.580086, "longitude": -90.259583, "date": "9/25/2025" }, "geometry": { "type": "Point", "coordinates": [ -90.25958, 38.58009 ] } },
{ "type": "Feature", "properties": { "NIBRS_cat": "Destruction/Damage/Vandalism of Property", "crime_type": "Property", "latitude": 38.580135, "longitude": -90.233688, "date": "9/21/2025" }, "geometry": { "type": "Point", "coordinates": [ -90.23369, 38.58013 ] } },
{ "type": "Feature", "properties": { "NIBRS_cat": "Destruction/Damage/Vandalism of Property", "crime_type": "Property", "latitude": 38.580135, "longitude": -90.233688, "date": "9/21/2025" }, "geometry": { "type": "Point", "coordinates": [ -90.23369, 38.58013 ] } },
{ "type": "Feature", "properties": { "NIBRS_cat": "Motor Vehicle Theft", "crime_type": "Property", "latitude": 38.580154, "longitude": -90.252632, "date": "10/15/2024" }, "geometry": { "type": "Point", "coordinates": [ -90.25263, 38.58015 ] } },
{ "type": "Feature", "properties": { "NIBRS_cat": "Motor Vehicle Theft", "crime_type": "Property", "latitude": 38.580154, "longitude": -90.252632, "date": "10/15/2024" }, "geometry": { "type": "Point", "coordinates": [ -90.25263, 38.58015 ] } },
{ "type": "Feature", "properties": { "NIBRS_cat": "All Other Larceny", "crime_type": "Property", "latitude": 38.580177, "longitude": -90.242714, "date": "9/9/2025" }, "geometry": { "type": "Point", "coordinates": [ -90.24271, 38.58018 ] } },
{ "type": "Feature", "properties": { "NIBRS_cat": "All Other Larceny", "crime_type": "Property", "latitude": 38.580177, "longitude": -90.242714, "date": "9/9/2025" }, "geometry": { "type": "Point", "coordinates": [ -90.24271, 38.58018 ] } },
{ "type": "Feature", "properties": { "NIBRS_cat": "All Other Larceny", "crime_type": "Property", "latitude": 38.580208, "longitude": -90.249397, "date": "9/9/2025" }, "geometry": { "type": "Point", "coordinates": [ -90.2494, 38.58021 ] } },
{ "type": "Feature", "properties": { "NIBRS_cat": "All Other Larceny", "crime_type": "Property", "latitude": 38.580208, "longitude": -90.249397, "date": "9/9/2025" }, "geometry": { "type": "Point", "coordinates": [ -90.2494, 38.58021 ] } },
{ "type": "Feature", "properties": { "NIBRS_cat": "Motor Vehicle Theft", "crime_type": "Property", "latitude": 38.580299, "longitude": -90.259407, "date": "9/1/2025" }, "geometry": { "type": "Point", "coordinates": [ -90.25941, 38.5803 ] } },
{ "type": "Feature", "properties": { "NIBRS_cat": "Motor Vehicle Theft", "crime_type": "Property", "latitude": 38.580299, "longitude": -90.259407, "date": "9/1/2025" }, "geometry": { "type": "Point", "coordinates": [ -90.25941, 38.5803 ] } },
{ "type": "Feature", "properties": { "NIBRS_cat": "Motor Vehicle Theft", "crime_type": "Property", "latitude": 38.58033, "longitude": -90.236931, "date": "9/16/2025" }, "geometry": { "type": "Point", "coordinates": [ -90.23693, 38.58033 ] } },
{ "type": "Feature", "properties": { "NIBRS_cat": "Motor Vehicle Theft", "crime_type": "Property", "latitude": 38.58033, "longitude": -90.236931, "date": "9/16/2025" }, "geometry": { "type": "Point", "coordinates": [ -90.23693, 38.58033 ] } },
{ "type": "Feature", "properties": { "NIBRS_cat": "Simple Assault", "crime_type": "Person", "latitude": 38.580357, "longitude": -90.268822, "date": "1/26/2025" }, "geometry": { "type": "Point", "coordinates": [ -90.26882, 38.58036 ] } },
{ "type": "Feature", "properties": { "NIBRS_cat": "Simple Assault", "crime_type": "Person", "latitude": 38.580357, "longitude": -90.268822, "date": "1/26/2025" }, "geometry": { "type": "Point", "coordinates": [ -90.26882, 38.58036 ] } },
{ "type": "Feature", "properties": { "NIBRS_cat": "All Other Larceny", "crime_type": "Property", "latitude": 38.580399, "longitude": -90.238808, "date": "9/7/2025" }, "geometry": { "type": "Point", "coordinates": [ -90.23881, 38.5804 ] } },
{ "type": "Feature", "properties": { "NIBRS_cat": "All Other Larceny", "crime_type": "Property", "latitude": 38.580399, "longitude": -90.238808, "date": "9/7/2025" }, "geometry": { "type": "Point", "coordinates": [ -90.23881, 38.5804 ] } },
{ "type": "Feature", "properties": { "NIBRS_cat": "Weapons Law Violations", "crime_type": "Society", "latitude": 38.580402, "longitude": -90.23542, "date": "8/23/2025" }, "geometry": { "type": "Point", "coordinates": [ -90.23542, 38.5804 ] } },
{ "type": "Feature", "properties": { "NIBRS_cat": "Weapons Law Violations", "crime_type": "Society", "latitude": 38.580402, "longitude": -90.23542, "date": "8/23/2025" }, "geometry": { "type": "Point", "coordinates": [ -90.23542, 38.5804 ] } },
{ "type": "Feature", "properties": { "NIBRS_cat": "Weapons Law Violations", "crime_type": "Society", "latitude": 38.580433, "longitude": -90.24231, "date": "7/29/2024" }, "geometry": { "type": "Point", "coordinates": [ -90.24231, 38.58043 ] } },
{ "type": "Feature", "properties": { "NIBRS_cat": "Weapons Law Violations", "crime_type": "Society", "latitude": 38.580433, "longitude": -90.24231, "date": "7/29/2024" }, "geometry": { "type": "Point", "coordinates": [ -90.24231, 38.58043 ] } },
{ "type": "Feature", "properties": { "NIBRS_cat": "Weapons Law Violations", "crime_type": "Society", "latitude": 38.580437, "longitude": -90.234291, "date": "9/15/2025" }, "geometry": { "type": "Point", "coordinates": [ -90.23429, 38.58044 ] } },
{ "type": "Feature", "properties": { "NIBRS_cat": "Weapons Law Violations", "crime_type": "Society", "latitude": 38.580437, "longitude": -90.234291, "date": "9/15/2025" }, "geometry": { "type": "Point", "coordinates": [ -90.23429, 38.58044 ] } },
{ "type": "Feature", "properties": { "NIBRS_cat": "Weapons Law Violations", "crime_type": "Society", "latitude": 38.580513, "longitude": -90.230377, "date": "8/22/2025" }, "geometry": { "type": "Point", "coordinates": [ -90.23038, 38.58051 ] } },
{ "type": "Feature", "properties": { "NIBRS_cat": "Weapons Law Violations", "crime_type": "Society", "latitude": 38.580513, "longitude": -90.230377, "date": "8/22/2025" }, "geometry": { "type": "Point", "coordinates": [ -90.23038, 38.58051 ] } },
{ "type": "Feature", "properties": { "NIBRS_cat": "All Other Offenses", "crime_type": "Unspecified", "latitude": 38.580566, "longitude": -90.26931, "date": "9/10/2025" }, "geometry": { "type": "Point", "coordinates": [ -90.26931, 38.58057 ] } },
{ "type": "Feature", "properties": { "NIBRS_cat": "All Other Offenses", "crime_type": "Unspecified", "latitude": 38.580566, "longitude": -90.26931, "date": "9/10/2025" }, "geometry": { "type": "Point", "coordinates": [ -90.26931, 38.58057 ] } },
{ "type": "Feature", "properties": { "NIBRS_cat": "All Other Larceny", "crime_type": "Property", "latitude": 38.58062, "longitude": -90.234192, "date": "9/22/2025" }, "geometry": { "type": "Point", "coordinates": [ -90.23419, 38.58062 ] } },
{ "type": "Feature", "properties": { "NIBRS_cat": "All Other Larceny", "crime_type": "Property", "latitude": 38.58062, "longitude": -90.234192, "date": "9/22/2025" }, "geometry": { "type": "Point", "coordinates": [ -90.23419, 38.58062 ] } },
{ "type": "Feature", "properties": { "NIBRS_cat": "All Other Offenses", "crime_type": "Unspecified", "latitude": 38.580658, "longitude": -90.22496, "date": "9/14/2025" }, "geometry": { "type": "Point", "coordinates": [ -90.22496, 38.58066 ] } },
{ "type": "Feature", "properties": { "NIBRS_cat": "All Other Offenses", "crime_type": "Unspecified", "latitude": 38.580658, "longitude": -90.22496, "date": "9/14/2025" }, "geometry": { "type": "Point", "coordinates": [ -90.22496, 38.58066 ] } },
{ "type": "Feature", "properties": { "NIBRS_cat": "Destruction/Damage/Vandalism of Property", "crime_type": "Property", "latitude": 38.580704, "longitude": -90.245979, "date": "9/5/2025" }, "geometry": { "type": "Point", "coordinates": [ -90.24598, 38.5807 ] } },
{ "type": "Feature", "properties": { "NIBRS_cat": "Destruction/Damage/Vandalism of Property", "crime_type": "Property", "latitude": 38.580704, "longitude": -90.245979, "date": "9/5/2025" }, "geometry": { "type": "Point", "coordinates": [ -90.24598, 38.5807 ] } },
{ "type": "Feature", "properties": { "NIBRS_cat": "Drug/Narcotic Violations", "crime_type": "Society", "latitude": 38.580765, "longitude": -90.240738, "date": "6/3/2023" }, "geometry": { "type": "Point", "coordinates": [ -90.24074, 38.58076 ] } },
{ "type": "Feature", "properties": { "NIBRS_cat": "Drug/Narcotic Violations", "crime_type": "Society", "latitude": 38.580765, "longitude": -90.240738, "date": "6/3/2023" }, "geometry": { "type": "Point", "coordinates": [ -90.24074, 38.58076 ] } },
{ "type": "Feature", "properties": { "NIBRS_cat": "Drug Equipment Violations", "crime_type": "Society", "latitude": 38.580765, "longitude": -90.240738, "date": "6/3/2023" }, "geometry": { "type": "Point", "coordinates": [ -90.24074, 38.58076 ] } },
{ "type": "Feature", "properties": { "NIBRS_cat": "Drug Equipment Violations", "crime_type": "Society", "latitude": 38.580765, "longitude": -90.240738, "date": "6/3/2023" }, "geometry": { "type": "Point", "coordinates": [ -90.24074, 38.58076 ] } },
{ "type": "Feature", "properties": { "NIBRS_cat": "Family Offenses, Nonviolent", "crime_type": "Society", "latitude": 38.580936, "longitude": -90.242775, "date": "8/26/2025" }, "geometry": { "type": "Point", "coordinates": [ -90.24277, 38.58094 ] } },
{ "type": "Feature", "properties": { "NIBRS_cat": "Family Offenses, Nonviolent", "crime_type": "Society", "latitude": 38.580936, "longitude": -90.242775, "date": "8/26/2025" }, "geometry": { "type": "Point", "coordinates": [ -90.24277, 38.58094 ] } },
{ "type": "Feature", "properties": { "NIBRS_cat": "Motor Vehicle Theft", "crime_type": "Property", "latitude": 38.581047, "longitude": -90.253326, "date": "9/9/2025" }, "geometry": { "type": "Point", "coordinates": [ -90.25333, 38.58105 ] } },
{ "type": "Feature", "properties": { "NIBRS_cat": "Motor Vehicle Theft", "crime_type": "Property", "latitude": 38.581047, "longitude": -90.253326, "date": "9/9/2025" }, "geometry": { "type": "Point", "coordinates": [ -90.25333, 38.58105 ] } },
{ "type": "Feature", "properties": { "NIBRS_cat": "Motor Vehicle Theft", "crime_type": "Property", "latitude": 38.581093, "longitude": -90.269882, "date": "9/27/2025" }, "geometry": { "type": "Point", "coordinates": [ -90.26988, 38.58109 ] } },
{ "type": "Feature", "properties": { "NIBRS_cat": "Motor Vehicle Theft", "crime_type": "Property", "latitude": 38.581093, "longitude": -90.269882, "date": "9/27/2025" }, "geometry": { "type": "Point", "coordinates": [ -90.26988, 38.58109 ] } },
{ "type": "Feature", "properties": { "NIBRS_cat": "All Other Offenses", "crime_type": "Unspecified", "latitude": 38.581097, "longitude": -90.267273, "date": "9/18/2025" }, "geometry": { "type": "Point", "coordinates": [ -90.26727, 38.5811 ] } },
{ "type": "Feature", "properties": { "NIBRS_cat": "All Other Offenses", "crime_type": "Unspecified", "latitude": 38.581097, "longitude": -90.267273, "date": "9/18/2025" }, "geometry": { "type": "Point", "coordinates": [ -90.26727, 38.5811 ] } },
{ "type": "Feature", "properties": { "NIBRS_cat": "Theft From Motor Vehicle", "crime_type": "Property", "latitude": 38.58115, "longitude": -90.265762, "date": "9/26/2025" }, "geometry": { "type": "Point", "coordinates": [ -90.26576, 38.58115 ] } },
{ "type": "Feature", "properties": { "NIBRS_cat": "Theft From Motor Vehicle", "crime_type": "Property", "latitude": 38.58115, "longitude": -90.265762, "date": "9/30/2025" }, "geometry": { "type": "Point", "coordinates": [ -90.26576, 38.58115 ] } },
{ "type": "Feature", "properties": { "NIBRS_cat": "Theft From Motor Vehicle", "crime_type": "Property", "latitude": 38.58115, "longitude": -90.265762, "date": "9/30/2025" }, "geometry": { "type": "Point", "coordinates": [ -90.26576, 38.58115 ] } },
{ "type": "Feature", "properties": { "NIBRS_cat": "Theft From Motor Vehicle", "crime_type": "Property", "latitude": 38.58115, "longitude": -90.265762, "date": "9/26/2025" }, "geometry": { "type": "Point", "coordinates": [ -90.26576, 38.58115 ] } },
{ "type": "Feature", "properties": { "NIBRS_cat": "Trespass of Real Property", "crime_type": "Society", "latitude": 38.581211, "longitude": -90.226364, "date": "9/30/2025" }, "geometry": { "type": "Point", "coordinates": [ -90.22636, 38.58121 ] } },
{ "type": "Feature", "properties": { "NIBRS_cat": "Drug/Narcotic Violations", "crime_type": "Society", "latitude": 38.581211, "longitude": -90.243805, "date": "9/4/2025" }, "geometry": { "type": "Point", "coordinates": [ -90.2438, 38.58121 ] } },
{ "type": "Feature", "properties": { "NIBRS_cat": "Drug/Narcotic Violations", "crime_type": "Society", "latitude": 38.581211, "longitude": -90.243805, "date": "9/4/2025" }, "geometry": { "type": "Point", "coordinates": [ -90.2438, 38.58121 ] } },
{ "type": "Feature", "properties": { "NIBRS_cat": "Drug Equipment Violations", "crime_type": "Society", "latitude": 38.581211, "longitude": -90.243805, "date": "9/4/2025" }, "geometry": { "type": "Point", "coordinates": [ -90.2438, 38.58121 ] } },
{ "type": "Feature", "properties": { "NIBRS_cat": "Drug Equipment Violations", "crime_type": "Society", "latitude": 38.581211, "longitude": -90.243805, "date": "9/4/2025" }, "geometry": { "type": "Point", "coordinates": [ -90.2438, 38.58121 ] } },
{ "type": "Feature", "properties": { "NIBRS_cat": "Trespass of Real Property", "crime_type": "Society", "latitude": 38.581211, "longitude": -90.226364, "date": "9/30/2025" }, "geometry": { "type": "Point", "coordinates": [ -90.22636, 38.58121 ] } },
{ "type": "Feature", "properties": { "NIBRS_cat": "Disorderly Conduct", "crime_type": "Society", "latitude": 38.581318, "longitude": -90.248283, "date": "9/17/2025" }, "geometry": { "type": "Point", "coordinates": [ -90.24828, 38.58132 ] } },
{ "type": "Feature", "properties": { "NIBRS_cat": "All Other Larceny", "crime_type": "Property", "latitude": 38.581318, "longitude": -90.248283, "date": "9/17/2025" }, "geometry": { "type": "Point", "coordinates": [ -90.24828, 38.58132 ] } },
{ "type": "Feature", "properties": { "NIBRS_cat": "All Other Larceny", "crime_type": "Property", "latitude": 38.581318, "longitude": -90.248283, "date": "9/17/2025" }, "geometry": { "type": "Point", "coordinates": [ -90.24828, 38.58132 ] } },
{ "type": "Feature", "properties": { "NIBRS_cat": "Disorderly Conduct", "crime_type": "Society", "latitude": 38.581318, "longitude": -90.248283, "date": "9/17/2025" }, "geometry": { "type": "Point", "coordinates": [ -90.24828, 38.58132 ] } },
{ "type": "Feature", "properties": { "NIBRS_cat": "Destruction/Damage/Vandalism of Property", "crime_type": "Property", "latitude": 38.581348, "longitude": -90.267487, "date": "9/20/2025" }, "geometry": { "type": "Point", "coordinates": [ -90.26749, 38.58135 ] } },
{ "type": "Feature", "properties": { "NIBRS_cat": "Destruction/Damage/Vandalism of Property", "crime_type": "Property", "latitude": 38.581348, "longitude": -90.267487, "date": "9/20/2025" }, "geometry": { "type": "Point", "coordinates": [ -90.26749, 38.58135 ] } },
{ "type": "Feature", "properties": { "NIBRS_cat": "Theft From Motor Vehicle", "crime_type": "Property", "latitude": 38.581352, "longitude": -90.259521, "date": "9/30/2025" }, "geometry": { "type": "Point", "coordinates": [ -90.25952, 38.58135 ] } },
{ "type": "Feature", "properties": { "NIBRS_cat": "Theft From Motor Vehicle", "crime_type": "Property", "latitude": 38.581352, "longitude": -90.259521, "date": "9/30/2025" }, "geometry": { "type": "Point", "coordinates": [ -90.25952, 38.58135 ] } },
{ "type": "Feature", "properties": { "NIBRS_cat": "Disorderly Conduct", "crime_type": "Society", "latitude": 38.581367, "longitude": -90.244057, "date": "9/15/2025" }, "geometry": { "type": "Point", "coordinates": [ -90.24406, 38.58137 ] } },
{ "type": "Feature", "properties": { "NIBRS_cat": "Disorderly Conduct", "crime_type": "Society", "latitude": 38.581367, "longitude": -90.244057, "date": "9/15/2025" }, "geometry": { "type": "Point", "coordinates": [ -90.24406, 38.58137 ] } },
{ "type": "Feature", "properties": { "NIBRS_cat": "Aggravated Assault", "crime_type": "Person", "latitude": 38.581402, "longitude": -90.238144, "date": "7/21/2025" }, "geometry": { "type": "Point", "coordinates": [ -90.23814, 38.5814 ] } },
{ "type": "Feature", "properties": { "NIBRS_cat": "Murder and Nonnegligent Manslaughter", "crime_type": "Person", "latitude": 38.581402, "longitude": -90.23233, "date": "7/16/2023" }, "geometry": { "type": "Point", "coordinates": [ -90.23233, 38.5814 ] } },
{ "type": "Feature", "properties": { "NIBRS_cat": "Aggravated Assault", "crime_type": "Person", "latitude": 38.581402, "longitude": -90.238144, "date": "7/21/2025" }, "geometry": { "type": "Point", "coordinates": [ -90.23814, 38.5814 ] } },
{ "type": "Feature", "properties": { "NIBRS_cat": "Destruction/Damage/Vandalism of Property", "crime_type": "Property", "latitude": 38.581402, "longitude": -90.238144, "date": "7/21/2025" }, "geometry": { "type": "Point", "coordinates": [ -90.23814, 38.5814 ] } },
{ "type": "Feature", "properties": { "NIBRS_cat": "All Other Offenses", "crime_type": "Unspecified", "latitude": 38.581402, "longitude": -90.238144, "date": "7/21/2025" }, "geometry": { "type": "Point", "coordinates": [ -90.23814, 38.5814 ] } },
{ "type": "Feature", "properties": { "NIBRS_cat": "Weapons Law Violations", "crime_type": "Society", "latitude": 38.581402, "longitude": -90.238144, "date": "7/21/2025" }, "geometry": { "type": "Point", "coordinates": [ -90.23814, 38.5814 ] } },
{ "type": "Feature", "properties": { "NIBRS_cat": "Murder and Nonnegligent Manslaughter", "crime_type": "Person", "latitude": 38.581402, "longitude": -90.23233, "date": "7/16/2023" }, "geometry": { "type": "Point", "coordinates": [ -90.23233, 38.5814 ] } },
{ "type": "Feature", "properties": { "NIBRS_cat": "Destruction/Damage/Vandalism of Property", "crime_type": "Property", "latitude": 38.581402, "longitude": -90.238144, "date": "7/21/2025" }, "geometry": { "type": "Point", "coordinates": [ -90.23814, 38.5814 ] } },
{ "type": "Feature", "properties": { "NIBRS_cat": "All Other Offenses", "crime_type": "Unspecified", "latitude": 38.581402, "longitude": -90.238144, "date": "7/21/2025" }, "geometry": { "type": "Point", "coordinates": [ -90.23814, 38.5814 ] } },
{ "type": "Feature", "properties": { "NIBRS_cat": "Weapons Law Violations", "crime_type": "Society", "latitude": 38.581402, "longitude": -90.238144, "date": "7/21/2025" }, "geometry": { "type": "Point", "coordinates": [ -90.23814, 38.5814 ] } },
{ "type": "Feature", "properties": { "NIBRS_cat": "Theft From Motor Vehicle", "crime_type": "Property", "latitude": 38.581425, "longitude": -90.246246, "date": "9/7/2025" }, "geometry": { "type": "Point", "coordinates": [ -90.24625, 38.58143 ] } },
{ "type": "Feature", "properties": { "NIBRS_cat": "Theft From Motor Vehicle", "crime_type": "Property", "latitude": 38.581425, "longitude": -90.246246, "date": "9/7/2025" }, "geometry": { "type": "Point", "coordinates": [ -90.24625, 38.58143 ] } },
{ "type": "Feature", "properties": { "NIBRS_cat": "All Other Offenses", "crime_type": "Unspecified", "latitude": 38.581429, "longitude": -90.262253, "date": "9/6/2025" }, "geometry": { "type": "Point", "coordinates": [ -90.26225, 38.58143 ] } },
{ "type": "Feature", "properties": { "NIBRS_cat": "All Other Offenses", "crime_type": "Unspecified", "latitude": 38.581429, "longitude": -90.262253, "date": "9/6/2025" }, "geometry": { "type": "Point", "coordinates": [ -90.26225, 38.58143 ] } },
{ "type": "Feature", "properties": { "NIBRS_cat": "Simple Assault", "crime_type": "Person", "latitude": 38.581448, "longitude": -90.230682, "date": "5/23/2025" }, "geometry": { "type": "Point", "coordinates": [ -90.23068, 38.58145 ] } },
{ "type": "Feature", "properties": { "NIBRS_cat": "Drug/Narcotic Violations", "crime_type": "Society", "latitude": 38.581448, "longitude": -90.230682, "date": "5/23/2025" }, "geometry": { "type": "Point", "coordinates": [ -90.23068, 38.58145 ] } },
{ "type": "Feature", "properties": { "NIBRS_cat": "Simple Assault", "crime_type": "Person", "latitude": 38.581448, "longitude": -90.230682, "date": "5/23/2025" }, "geometry": { "type": "Point", "coordinates": [ -90.23068, 38.58145 ] } },
{ "type": "Feature", "properties": { "NIBRS_cat": "Weapons Law Violations", "crime_type": "Society", "latitude": 38.581448, "longitude": -90.230682, "date": "5/23/2025" }, "geometry": { "type": "Point", "coordinates": [ -90.23068, 38.58145 ] } },
{ "type": "Feature", "properties": { "NIBRS_cat": "Drug Equipment Violations", "crime_type": "Society", "latitude": 38.581448, "longitude": -90.230682, "date": "5/23/2025" }, "geometry": { "type": "Point", "coordinates": [ -90.23068, 38.58145 ] } },
{ "type": "Feature", "properties": { "NIBRS_cat": "Drug/Narcotic Violations", "crime_type": "Society", "latitude": 38.581448, "longitude": -90.230682, "date": "5/23/2025" }, "geometry": { "type": "Point", "coordinates": [ -90.23068, 38.58145 ] } },
{ "type": "Feature", "properties": { "NIBRS_cat": "Weapons Law Violations", "crime_type": "Society", "latitude": 38.581448, "longitude": -90.230682, "date": "5/23/2025" }, "geometry": { "type": "Point", "coordinates": [ -90.23068, 38.58145 ] } },
{ "type": "Feature", "properties": { "NIBRS_cat": "Drug Equipment Violations", "crime_type": "Society", "latitude": 38.581448, "longitude": -90.230682, "date": "5/23/2025" }, "geometry": { "type": "Point", "coordinates": [ -90.23068, 38.58145 ] } },
{ "type": "Feature", "properties": { "NIBRS_cat": "Weapons Law Violations", "crime_type": "Society", "latitude": 38.581448, "longitude": -90.230682, "date": "5/23/2025" }, "geometry": { "type": "Point", "coordinates": [ -90.23068, 38.58145 ] } },
{ "type": "Feature", "properties": { "NIBRS_cat": "Weapons Law Violations", "crime_type": "Society", "latitude": 38.581448, "longitude": -90.230682, "date": "5/23/2025" }, "geometry": { "type": "Point", "coordinates": [ -90.23068, 38.58145 ] } },
{ "type": "Feature", "properties": { "NIBRS_cat": "Trespass of Real Property", "crime_type": "Society", "latitude": 38.581451, "longitude": -90.242569, "date": "9/2/2025" }, "geometry": { "type": "Point", "coordinates": [ -90.24257, 38.58145 ] } },
{ "type": "Feature", "properties": { "NIBRS_cat": "Trespass of Real Property", "crime_type": "Society", "latitude": 38.581451, "longitude": -90.242569, "date": "9/2/2025" }, "geometry": { "type": "Point", "coordinates": [ -90.24257, 38.58145 ] } },
{ "type": "Feature", "properties": { "NIBRS_cat": "Destruction/Damage/Vandalism of Property", "crime_type": "Property", "latitude": 38.581512, "longitude": -90.24295, "date": "6/21/2025" }, "geometry": { "type": "Point", "coordinates": [ -90.24295, 38.58151 ] } },
{ "type": "Feature", "properties": { "NIBRS_cat": "Burglary/Breaking and Entering", "crime_type": "Property", "latitude": 38.581512, "longitude": -90.24295, "date": "6/21/2025" }, "geometry": { "type": "Point", "coordinates": [ -90.24295, 38.58151 ] } },
{ "type": "Feature", "properties": { "NIBRS_cat": "Theft From Building", "crime_type": "Property", "latitude": 38.581512, "longitude": -90.24295, "date": "6/21/2025" }, "geometry": { "type": "Point", "coordinates": [ -90.24295, 38.58151 ] } },
{ "type": "Feature", "properties": { "NIBRS_cat": "Destruction/Damage/Vandalism of Property", "crime_type": "Property", "latitude": 38.581512, "longitude": -90.24295, "date": "6/21/2025" }, "geometry": { "type": "Point", "coordinates": [ -90.24295, 38.58151 ] } },
{ "type": "Feature", "properties": { "NIBRS_cat": "Theft From Building", "crime_type": "Property", "latitude": 38.581512, "longitude": -90.24295, "date": "6/21/2025" }, "geometry": { "type": "Point", "coordinates": [ -90.24295, 38.58151 ] } },
{ "type": "Feature", "properties": { "NIBRS_cat": "Burglary/Breaking and Entering", "crime_type": "Property", "latitude": 38.581512, "longitude": -90.24295, "date": "6/21/2025" }, "geometry": { "type": "Point", "coordinates": [ -90.24295, 38.58151 ] } },
{ "type": "Feature", "properties": { "NIBRS_cat": "Motor Vehicle Theft", "crime_type": "Property", "latitude": 38.581524, "longitude": -90.248901, "date": "9/1/2025" }, "geometry": { "type": "Point", "coordinates": [ -90.2489, 38.58152 ] } },
{ "type": "Feature", "properties": { "NIBRS_cat": "Motor Vehicle Theft", "crime_type": "Property", "latitude": 38.581524, "longitude": -90.248901, "date": "9/1/2025" }, "geometry": { "type": "Point", "coordinates": [ -90.2489, 38.58152 ] } },
{ "type": "Feature", "properties": { "NIBRS_cat": "Motor Vehicle Theft", "crime_type": "Property", "latitude": 38.5816, "longitude": -90.253532, "date": "9/12/2025" }, "geometry": { "type": "Point", "coordinates": [ -90.25353, 38.5816 ] } },
{ "type": "Feature", "properties": { "NIBRS_cat": "Motor Vehicle Theft", "crime_type": "Property", "latitude": 38.5816, "longitude": -90.253532, "date": "9/12/2025" }, "geometry": { "type": "Point", "coordinates": [ -90.25353, 38.5816 ] } },
{ "type": "Feature", "properties": { "NIBRS_cat": "Drug/Narcotic Violations", "crime_type": "Society", "latitude": 38.581612, "longitude": -90.243919, "date": "9/11/2025" }, "geometry": { "type": "Point", "coordinates": [ -90.24392, 38.58161 ] } },
{ "type": "Feature", "properties": { "NIBRS_cat": "Drug/Narcotic Violations", "crime_type": "Society", "latitude": 38.581612, "longitude": -90.243919, "date": "9/11/2025" }, "geometry": { "type": "Point", "coordinates": [ -90.24392, 38.58161 ] } },
{ "type": "Feature", "properties": { "NIBRS_cat": "Trespass of Real Property", "crime_type": "Society", "latitude": 38.581612, "longitude": -90.243919, "date": "9/11/2025" }, "geometry": { "type": "Point", "coordinates": [ -90.24392, 38.58161 ] } },
{ "type": "Feature", "properties": { "NIBRS_cat": "Trespass of Real Property", "crime_type": "Society", "latitude": 38.581612, "longitude": -90.243919, "date": "9/11/2025" }, "geometry": { "type": "Point", "coordinates": [ -90.24392, 38.58161 ] } },
{ "type": "Feature", "properties": { "NIBRS_cat": "All Other Offenses", "crime_type": "Unspecified", "latitude": 38.581623, "longitude": -90.243919, "date": "3/1/2024" }, "geometry": { "type": "Point", "coordinates": [ -90.24392, 38.58162 ] } },
{ "type": "Feature", "properties": { "NIBRS_cat": "Robbery", "crime_type": "Person", "latitude": 38.581623, "longitude": -90.243919, "date": "3/1/2024" }, "geometry": { "type": "Point", "coordinates": [ -90.24392, 38.58162 ] } },
{ "type": "Feature", "properties": { "NIBRS_cat": "Robbery", "crime_type": "Person", "latitude": 38.581623, "longitude": -90.243919, "date": "3/1/2024" }, "geometry": { "type": "Point", "coordinates": [ -90.24392, 38.58162 ] } },
{ "type": "Feature", "properties": { "NIBRS_cat": "Aggravated Assault", "crime_type": "Person", "latitude": 38.581623, "longitude": -90.243919, "date": "3/1/2024" }, "geometry": { "type": "Point", "coordinates": [ -90.24392, 38.58162 ] } },
{ "type": "Feature", "properties": { "NIBRS_cat": "All Other Offenses", "crime_type": "Unspecified", "latitude": 38.581623, "longitude": -90.243919, "date": "3/1/2024" }, "geometry": { "type": "Point", "coordinates": [ -90.24392, 38.58162 ] } },
{ "type": "Feature", "properties": { "NIBRS_cat": "Aggravated Assault", "crime_type": "Person", "latitude": 38.581623, "longitude": -90.243919, "date": "3/1/2024" }, "geometry": { "type": "Point", "coordinates": [ -90.24392, 38.58162 ] } },
{ "type": "Feature", "properties": { "NIBRS_cat": "Family Offenses, Nonviolent", "crime_type": "Society", "latitude": 38.581631, "longitude": -90.240486, "date": "8/31/2025" }, "geometry": { "type": "Point", "coordinates": [ -90.24049, 38.58163 ] } },
{ "type": "Feature", "properties": { "NIBRS_cat": "Simple Assault", "crime_type": "Person", "latitude": 38.581631, "longitude": -90.240486, "date": "8/31/2025" }, "geometry": { "type": "Point", "coordinates": [ -90.24049, 38.58163 ] } },
{ "type": "Feature", "properties": { "NIBRS_cat": "Simple Assault", "crime_type": "Person", "latitude": 38.581631, "longitude": -90.240486, "date": "8/31/2025" }, "geometry": { "type": "Point", "coordinates": [ -90.24049, 38.58163 ] } },
{ "type": "Feature", "properties": { "NIBRS_cat": "Aggravated Assault", "crime_type": "Person", "latitude": 38.581631, "longitude": -90.240486, "date": "8/31/2025" }, "geometry": { "type": "Point", "coordinates": [ -90.24049, 38.58163 ] } },
{ "type": "Feature", "properties": { "NIBRS_cat": "Family Offenses, Nonviolent", "crime_type": "Society", "latitude": 38.581631, "longitude": -90.240486, "date": "8/31/2025" }, "geometry": { "type": "Point", "coordinates": [ -90.24049, 38.58163 ] } },
{ "type": "Feature", "properties": { "NIBRS_cat": "Aggravated Assault", "crime_type": "Person", "latitude": 38.581631, "longitude": -90.240486, "date": "8/31/2025" }, "geometry": { "type": "Point", "coordinates": [ -90.24049, 38.58163 ] } },
{ "type": "Feature", "properties": { "NIBRS_cat": "Disorderly Conduct", "crime_type": "Society", "latitude": 38.581635, "longitude": -90.244003, "date": "9/21/2025" }, "geometry": { "type": "Point", "coordinates": [ -90.244, 38.58163 ] } },
{ "type": "Feature", "properties": { "NIBRS_cat": "Disorderly Conduct", "crime_type": "Society", "latitude": 38.581635, "longitude": -90.244003, "date": "9/21/2025" }, "geometry": { "type": "Point", "coordinates": [ -90.244, 38.58163 ] } },
{ "type": "Feature", "properties": { "NIBRS_cat": "Destruction/Damage/Vandalism of Property", "crime_type": "Property", "latitude": 38.581646, "longitude": -90.263985, "date": "9/26/2025" }, "geometry": { "type": "Point", "coordinates": [ -90.26399, 38.58165 ] } },
{ "type": "Feature", "properties": { "NIBRS_cat": "Destruction/Damage/Vandalism of Property", "crime_type": "Property", "latitude": 38.581646, "longitude": -90.263985, "date": "9/26/2025" }, "geometry": { "type": "Point", "coordinates": [ -90.26399, 38.58165 ] } },
{ "type": "Feature", "properties": { "NIBRS_cat": "Theft From Motor Vehicle", "crime_type": "Property", "latitude": 38.581646, "longitude": -90.263985, "date": "9/26/2025" }, "geometry": { "type": "Point", "coordinates": [ -90.26399, 38.58165 ] } },
{ "type": "Feature", "properties": { "NIBRS_cat": "Theft From Motor Vehicle", "crime_type": "Property", "latitude": 38.581646, "longitude": -90.263985, "date": "9/26/2025" }, "geometry": { "type": "Point", "coordinates": [ -90.26399, 38.58165 ] } },
{ "type": "Feature", "properties": { "NIBRS_cat": "Weapons Law Violations", "crime_type": "Society", "latitude": 38.581661, "longitude": -90.270218, "date": "9/16/2025" }, "geometry": { "type": "Point", "coordinates": [ -90.27022, 38.58166 ] } },
{ "type": "Feature", "properties": { "NIBRS_cat": "Weapons Law Violations", "crime_type": "Society", "latitude": 38.581661, "longitude": -90.270218, "date": "9/16/2025" }, "geometry": { "type": "Point", "coordinates": [ -90.27022, 38.58166 ] } },
{ "type": "Feature", "properties": { "NIBRS_cat": "Weapons Law Violations", "crime_type": "Society", "latitude": 38.581722, "longitude": -90.234077, "date": "8/31/2025" }, "geometry": { "type": "Point", "coordinates": [ -90.23408, 38.58172 ] } },
{ "type": "Feature", "properties": { "NIBRS_cat": "Weapons Law Violations", "crime_type": "Society", "latitude": 38.581722, "longitude": -90.234077, "date": "8/31/2025" }, "geometry": { "type": "Point", "coordinates": [ -90.23408, 38.58172 ] } },
{ "type": "Feature", "properties": { "NIBRS_cat": "Burglary/Breaking and Entering", "crime_type": "Property", "latitude": 38.58176, "longitude": -90.227432, "date": "9/9/2025" }, "geometry": { "type": "Point", "coordinates": [ -90.22743, 38.58176 ] } },
{ "type": "Feature", "properties": { "NIBRS_cat": "Burglary/Breaking and Entering", "crime_type": "Property", "latitude": 38.58176, "longitude": -90.227432, "date": "9/9/2025" }, "geometry": { "type": "Point", "coordinates": [ -90.22743, 38.58176 ] } },
{ "type": "Feature", "properties": { "NIBRS_cat": "Drug/Narcotic Violations", "crime_type": "Society", "latitude": 38.581882, "longitude": -90.244362, "date": "9/25/2025" }, "geometry": { "type": "Point", "coordinates": [ -90.24436, 38.58188 ] } },
{ "type": "Feature", "properties": { "NIBRS_cat": "Disorderly Conduct", "crime_type": "Society", "latitude": 38.581882, "longitude": -90.244362, "date": "9/25/2025" }, "geometry": { "type": "Point", "coordinates": [ -90.24436, 38.58188 ] } },
{ "type": "Feature", "properties": { "NIBRS_cat": "Disorderly Conduct", "crime_type": "Society", "latitude": 38.581882, "longitude": -90.244362, "date": "9/25/2025" }, "geometry": { "type": "Point", "coordinates": [ -90.24436, 38.58188 ] } },
{ "type": "Feature", "properties": { "NIBRS_cat": "Drug/Narcotic Violations", "crime_type": "Society", "latitude": 38.581882, "longitude": -90.244362, "date": "9/25/2025" }, "geometry": { "type": "Point", "coordinates": [ -90.24436, 38.58188 ] } },
{ "type": "Feature", "properties": { "NIBRS_cat": "Motor Vehicle Theft", "crime_type": "Property", "latitude": 38.581936, "longitude": -90.238007, "date": "9/21/2025" }, "geometry": { "type": "Point", "coordinates": [ -90.23801, 38.58194 ] } },
{ "type": "Feature", "properties": { "NIBRS_cat": "Motor Vehicle Theft", "crime_type": "Property", "latitude": 38.581936, "longitude": -90.238007, "date": "9/21/2025" }, "geometry": { "type": "Point", "coordinates": [ -90.23801, 38.58194 ] } },
{ "type": "Feature", "properties": { "NIBRS_cat": "Simple Assault", "crime_type": "Person", "latitude": 38.581959, "longitude": -90.263046, "date": "9/13/2025" }, "geometry": { "type": "Point", "coordinates": [ -90.26305, 38.58196 ] } },
{ "type": "Feature", "properties": { "NIBRS_cat": "Simple Assault", "crime_type": "Person", "latitude": 38.581959, "longitude": -90.263046, "date": "9/13/2025" }, "geometry": { "type": "Point", "coordinates": [ -90.26305, 38.58196 ] } },
{ "type": "Feature", "properties": { "NIBRS_cat": "Theft From Motor Vehicle", "crime_type": "Property", "latitude": 38.581982, "longitude": -90.259201, "date": "9/29/2025" }, "geometry": { "type": "Point", "coordinates": [ -90.2592, 38.58198 ] } },
{ "type": "Feature", "properties": { "NIBRS_cat": "Theft From Motor Vehicle", "crime_type": "Property", "latitude": 38.581982, "longitude": -90.259201, "date": "9/29/2025" }, "geometry": { "type": "Point", "coordinates": [ -90.2592, 38.58198 ] } },
{ "type": "Feature", "properties": { "NIBRS_cat": "Robbery", "crime_type": "Person", "latitude": 38.582081, "longitude": -90.233894, "date": "4/7/2025" }, "geometry": { "type": "Point", "coordinates": [ -90.23389, 38.58208 ] } },
{ "type": "Feature", "properties": { "NIBRS_cat": "Robbery", "crime_type": "Person", "latitude": 38.582081, "longitude": -90.233894, "date": "4/7/2025" }, "geometry": { "type": "Point", "coordinates": [ -90.23389, 38.58208 ] } },
{ "type": "Feature", "properties": { "NIBRS_cat": "Stolen Property Offenses", "crime_type": "Property", "latitude": 38.582081, "longitude": -90.233894, "date": "4/7/2025" }, "geometry": { "type": "Point", "coordinates": [ -90.23389, 38.58208 ] } },
{ "type": "Feature", "properties": { "NIBRS_cat": "Stolen Property Offenses", "crime_type": "Property", "latitude": 38.582081, "longitude": -90.233894, "date": "4/7/2025" }, "geometry": { "type": "Point", "coordinates": [ -90.23389, 38.58208 ] } },
{ "type": "Feature", "properties": { "NIBRS_cat": "Aggravated Assault", "crime_type": "Person", "latitude": 38.582081, "longitude": -90.233894, "date": "4/7/2025" }, "geometry": { "type": "Point", "coordinates": [ -90.23389, 38.58208 ] } },
{ "type": "Feature", "properties": { "NIBRS_cat": "Aggravated Assault", "crime_type": "Person", "latitude": 38.582081, "longitude": -90.233894, "date": "4/7/2025" }, "geometry": { "type": "Point", "coordinates": [ -90.23389, 38.58208 ] } },
{ "type": "Feature", "properties": { "NIBRS_cat": "Drug Equipment Violations", "crime_type": "Society", "latitude": 38.582115, "longitude": -90.244148, "date": "9/2/2025" }, "geometry": { "type": "Point", "coordinates": [ -90.24415, 38.58212 ] } },
{ "type": "Feature", "properties": { "NIBRS_cat": "Stolen Property Offenses", "crime_type": "Property", "latitude": 38.582115, "longitude": -90.244148, "date": "9/2/2025" }, "geometry": { "type": "Point", "coordinates": [ -90.24415, 38.58212 ] } },
{ "type": "Feature", "properties": { "NIBRS_cat": "Stolen Property Offenses", "crime_type": "Property", "latitude": 38.582115, "longitude": -90.244148, "date": "9/2/2025" }, "geometry": { "type": "Point", "coordinates": [ -90.24415, 38.58212 ] } },
{ "type": "Feature", "properties": { "NIBRS_cat": "Motor Vehicle Theft", "crime_type": "Property", "latitude": 38.582115, "longitude": -90.244148, "date": "9/2/2025" }, "geometry": { "type": "Point", "coordinates": [ -90.24415, 38.58212 ] } },
{ "type": "Feature", "properties": { "NIBRS_cat": "Theft From Motor Vehicle", "crime_type": "Property", "latitude": 38.582115, "longitude": -90.244148, "date": "9/3/2025" }, "geometry": { "type": "Point", "coordinates": [ -90.24415, 38.58212 ] } },
{ "type": "Feature", "properties": { "NIBRS_cat": "Drug/Narcotic Violations", "crime_type": "Society", "latitude": 38.582115, "longitude": -90.244148, "date": "9/2/2025" }, "geometry": { "type": "Point", "coordinates": [ -90.24415, 38.58212 ] } },
{ "type": "Feature", "properties": { "NIBRS_cat": "Drug/Narcotic Violations", "crime_type": "Society", "latitude": 38.582115, "longitude": -90.244148, "date": "9/2/2025" }, "geometry": { "type": "Point", "coordinates": [ -90.24415, 38.58212 ] } },
{ "type": "Feature", "properties": { "NIBRS_cat": "Drug Equipment Violations", "crime_type": "Society", "latitude": 38.582115, "longitude": -90.244148, "date": "9/2/2025" }, "geometry": { "type": "Point", "coordinates": [ -90.24415, 38.58212 ] } },
{ "type": "Feature", "properties": { "NIBRS_cat": "Theft From Motor Vehicle", "crime_type": "Property", "latitude": 38.582115, "longitude": -90.244148, "date": "9/3/2025" }, "geometry": { "type": "Point", "coordinates": [ -90.24415, 38.58212 ] } },
{ "type": "Feature", "properties": { "NIBRS_cat": "Motor Vehicle Theft", "crime_type": "Property", "latitude": 38.582115, "longitude": -90.244148, "date": "9/2/2025" }, "geometry": { "type": "Point", "coordinates": [ -90.24415, 38.58212 ] } },
{ "type": "Feature", "properties": { "NIBRS_cat": "All Other Offenses", "crime_type": "Unspecified", "latitude": 38.582272, "longitude": -90.230339, "date": "9/2/2025" }, "geometry": { "type": "Point", "coordinates": [ -90.23034, 38.58227 ] } },
{ "type": "Feature", "properties": { "NIBRS_cat": "All Other Offenses", "crime_type": "Unspecified", "latitude": 38.582272, "longitude": -90.230339, "date": "9/2/2025" }, "geometry": { "type": "Point", "coordinates": [ -90.23034, 38.58227 ] } },
{ "type": "Feature", "properties": { "NIBRS_cat": "Murder and Nonnegligent Manslaughter", "crime_type": "Person", "latitude": 38.582287, "longitude": -90.230957, "date": "8/25/2023" }, "geometry": { "type": "Point", "coordinates": [ -90.23096, 38.58229 ] } },
{ "type": "Feature", "properties": { "NIBRS_cat": "Murder and Nonnegligent Manslaughter", "crime_type": "Person", "latitude": 38.582287, "longitude": -90.230957, "date": "8/25/2023" }, "geometry": { "type": "Point", "coordinates": [ -90.23096, 38.58229 ] } },
{ "type": "Feature", "properties": { "NIBRS_cat": "Simple Assault", "crime_type": "Person", "latitude": 38.582294, "longitude": -90.232155, "date": "6/27/2024" }, "geometry": { "type": "Point", "coordinates": [ -90.23216, 38.58229 ] } },
{ "type": "Feature", "properties": { "NIBRS_cat": "Family Offenses, Nonviolent", "crime_type": "Society", "latitude": 38.582294, "longitude": -90.232155, "date": "6/27/2024" }, "geometry": { "type": "Point", "coordinates": [ -90.23216, 38.58229 ] } },
{ "type": "Feature", "properties": { "NIBRS_cat": "All Other Offenses", "crime_type": "Unspecified", "latitude": 38.582294, "longitude": -90.23497, "date": "9/18/2025" }, "geometry": { "type": "Point", "coordinates": [ -90.23497, 38.58229 ] } },
{ "type": "Feature", "properties": { "NIBRS_cat": "Family Offenses, Nonviolent", "crime_type": "Society", "latitude": 38.582294, "longitude": -90.232155, "date": "6/27/2024" }, "geometry": { "type": "Point", "coordinates": [ -90.23216, 38.58229 ] } },
{ "type": "Feature", "properties": { "NIBRS_cat": "Simple Assault", "crime_type": "Person", "latitude": 38.582294, "longitude": -90.232155, "date": "6/27/2024" }, "geometry": { "type": "Point", "coordinates": [ -90.23216, 38.58229 ] } },
{ "type": "Feature", "properties": { "NIBRS_cat": "Simple Assault", "crime_type": "Person", "latitude": 38.582294, "longitude": -90.232155, "date": "6/27/2024" }, "geometry": { "type": "Point", "coordinates": [ -90.23216, 38.58229 ] } },
{ "type": "Feature", "properties": { "NIBRS_cat": "All Other Offenses", "crime_type": "Unspecified", "latitude": 38.582294, "longitude": -90.23497, "date": "9/18/2025" }, "geometry": { "type": "Point", "coordinates": [ -90.23497, 38.58229 ] } },
{ "type": "Feature", "properties": { "NIBRS_cat": "Simple Assault", "crime_type": "Person", "latitude": 38.582294, "longitude": -90.232155, "date": "6/27/2024" }, "geometry": { "type": "Point", "coordinates": [ -90.23216, 38.58229 ] } },
{ "type": "Feature", "properties": { "NIBRS_cat": "Disorderly Conduct", "crime_type": "Society", "latitude": 38.582294, "longitude": -90.23497, "date": "9/18/2025" }, "geometry": { "type": "Point", "coordinates": [ -90.23497, 38.58229 ] } },
{ "type": "Feature", "properties": { "NIBRS_cat": "Disorderly Conduct", "crime_type": "Society", "latitude": 38.582294, "longitude": -90.23497, "date": "9/18/2025" }, "geometry": { "type": "Point", "coordinates": [ -90.23497, 38.58229 ] } },
{ "type": "Feature", "properties": { "NIBRS_cat": "Aggravated Assault", "crime_type": "Person", "latitude": 38.582325, "longitude": -90.246719, "date": "9/14/2025" }, "geometry": { "type": "Point", "coordinates": [ -90.24672, 38.58232 ] } },
{ "type": "Feature", "properties": { "NIBRS_cat": "Simple Assault", "crime_type": "Person", "latitude": 38.582325, "longitude": -90.246719, "date": "9/14/2025" }, "geometry": { "type": "Point", "coordinates": [ -90.24672, 38.58232 ] } },
{ "type": "Feature", "properties": { "NIBRS_cat": "Destruction/Damage/Vandalism of Property", "crime_type": "Property", "latitude": 38.582325, "longitude": -90.246719, "date": "9/14/2025" }, "geometry": { "type": "Point", "coordinates": [ -90.24672, 38.58232 ] } },
{ "type": "Feature", "properties": { "NIBRS_cat": "Simple Assault", "crime_type": "Person", "latitude": 38.582325, "longitude": -90.246719, "date": "9/14/2025" }, "geometry": { "type": "Point", "coordinates": [ -90.24672, 38.58232 ] } },
{ "type": "Feature", "properties": { "NIBRS_cat": "Aggravated Assault", "crime_type": "Person", "latitude": 38.582325, "longitude": -90.246719, "date": "9/14/2025" }, "geometry": { "type": "Point", "coordinates": [ -90.24672, 38.58232 ] } },
{ "type": "Feature", "properties": { "NIBRS_cat": "Simple Assault", "crime_type": "Person", "latitude": 38.582325, "longitude": -90.246719, "date": "9/14/2025" }, "geometry": { "type": "Point", "coordinates": [ -90.24672, 38.58232 ] } },
{ "type": "Feature", "properties": { "NIBRS_cat": "Destruction/Damage/Vandalism of Property", "crime_type": "Property", "latitude": 38.582325, "longitude": -90.246719, "date": "9/14/2025" }, "geometry": { "type": "Point", "coordinates": [ -90.24672, 38.58232 ] } },
{ "type": "Feature", "properties": { "NIBRS_cat": "Simple Assault", "crime_type": "Person", "latitude": 38.582325, "longitude": -90.246719, "date": "9/14/2025" }, "geometry": { "type": "Point", "coordinates": [ -90.24672, 38.58232 ] } },
{ "type": "Feature", "properties": { "NIBRS_cat": "Weapons Law Violations", "crime_type": "Society", "latitude": 38.582363, "longitude": -90.25032, "date": "9/25/2025" }, "geometry": { "type": "Point", "coordinates": [ -90.25032, 38.58236 ] } },
{ "type": "Feature", "properties": { "NIBRS_cat": "Destruction/Damage/Vandalism of Property", "crime_type": "Property", "latitude": 38.582363, "longitude": -90.23156, "date": "9/12/2025" }, "geometry": { "type": "Point", "coordinates": [ -90.23156, 38.58236 ] } },
{ "type": "Feature", "properties": { "NIBRS_cat": "Weapons Law Violations", "crime_type": "Society", "latitude": 38.582363, "longitude": -90.25032, "date": "9/25/2025" }, "geometry": { "type": "Point", "coordinates": [ -90.25032, 38.58236 ] } },
{ "type": "Feature", "properties": { "NIBRS_cat": "Destruction/Damage/Vandalism of Property", "crime_type": "Property", "latitude": 38.582363, "longitude": -90.23156, "date": "9/12/2025" }, "geometry": { "type": "Point", "coordinates": [ -90.23156, 38.58236 ] } },
{ "type": "Feature", "properties": { "NIBRS_cat": "Simple Assault", "crime_type": "Person", "latitude": 38.582397, "longitude": -90.246628, "date": "9/16/2025" }, "geometry": { "type": "Point", "coordinates": [ -90.24663, 38.5824 ] } },
{ "type": "Feature", "properties": { "NIBRS_cat": "Simple Assault", "crime_type": "Person", "latitude": 38.582397, "longitude": -90.246628, "date": "9/16/2025" }, "geometry": { "type": "Point", "coordinates": [ -90.24663, 38.5824 ] } },
{ "type": "Feature", "properties": { "NIBRS_cat": "Motor Vehicle Theft", "crime_type": "Property", "latitude": 38.582405, "longitude": -90.247688, "date": "9/18/2025" }, "geometry": { "type": "Point", "coordinates": [ -90.24769, 38.58241 ] } },
{ "type": "Feature", "properties": { "NIBRS_cat": "Motor Vehicle Theft", "crime_type": "Property", "latitude": 38.582405, "longitude": -90.247688, "date": "9/18/2025" }, "geometry": { "type": "Point", "coordinates": [ -90.24769, 38.58241 ] } },
{ "type": "Feature", "properties": { "NIBRS_cat": "Destruction/Damage/Vandalism of Property", "crime_type": "Property", "latitude": 38.582405, "longitude": -90.247688, "date": "9/18/2025" }, "geometry": { "type": "Point", "coordinates": [ -90.24769, 38.58241 ] } },
{ "type": "Feature", "properties": { "NIBRS_cat": "All Other Offenses", "crime_type": "Unspecified", "latitude": 38.582405, "longitude": -90.247688, "date": "9/18/2025" }, "geometry": { "type": "Point", "coordinates": [ -90.24769, 38.58241 ] } },
{ "type": "Feature", "properties": { "NIBRS_cat": "All Other Offenses", "crime_type": "Unspecified", "latitude": 38.582405, "longitude": -90.247688, "date": "9/18/2025" }, "geometry": { "type": "Point", "coordinates": [ -90.24769, 38.58241 ] } },
{ "type": "Feature", "properties": { "NIBRS_cat": "Destruction/Damage/Vandalism of Property", "crime_type": "Property", "latitude": 38.582405, "longitude": -90.247688, "date": "9/18/2025" }, "geometry": { "type": "Point", "coordinates": [ -90.24769, 38.58241 ] } },
{ "type": "Feature", "properties": { "NIBRS_cat": "Motor Vehicle Theft", "crime_type": "Property", "latitude": 38.582417, "longitude": -90.231575, "date": "9/18/2025" }, "geometry": { "type": "Point", "coordinates": [ -90.23158, 38.58242 ] } },
{ "type": "Feature", "properties": { "NIBRS_cat": "Motor Vehicle Theft", "crime_type": "Property", "latitude": 38.582417, "longitude": -90.231575, "date": "9/18/2025" }, "geometry": { "type": "Point", "coordinates": [ -90.23158, 38.58242 ] } },
{ "type": "Feature", "properties": { "NIBRS_cat": "Aggravated Assault", "crime_type": "Person", "latitude": 38.582428, "longitude": -90.246727, "date": "9/4/2025" }, "geometry": { "type": "Point", "coordinates": [ -90.24673, 38.58243 ] } },
{ "type": "Feature", "properties": { "NIBRS_cat": "Disorderly Conduct", "crime_type": "Society", "latitude": 38.582428, "longitude": -90.246727, "date": "9/14/2025" }, "geometry": { "type": "Point", "coordinates": [ -90.24673, 38.58243 ] } },
{ "type": "Feature", "properties": { "NIBRS_cat": "Aggravated Assault", "crime_type": "Person", "latitude": 38.582428, "longitude": -90.246727, "date": "9/4/2025" }, "geometry": { "type": "Point", "coordinates": [ -90.24673, 38.58243 ] } },
{ "type": "Feature", "properties": { "NIBRS_cat": "Disorderly Conduct", "crime_type": "Society", "latitude": 38.582428, "longitude": -90.246727, "date": "9/14/2025" }, "geometry": { "type": "Point", "coordinates": [ -90.24673, 38.58243 ] } },
{ "type": "Feature", "properties": { "NIBRS_cat": "Theft From Motor Vehicle", "crime_type": "Property", "latitude": 38.582455, "longitude": -90.247787, "date": "9/17/2025" }, "geometry": { "type": "Point", "coordinates": [ -90.24779, 38.58246 ] } },
{ "type": "Feature", "properties": { "NIBRS_cat": "Theft From Motor Vehicle", "crime_type": "Property", "latitude": 38.582455, "longitude": -90.247787, "date": "9/17/2025" }, "geometry": { "type": "Point", "coordinates": [ -90.24779, 38.58246 ] } },
{ "type": "Feature", "properties": { "NIBRS_cat": "Theft From Motor Vehicle", "crime_type": "Property", "latitude": 38.582455, "longitude": -90.247787, "date": "9/17/2025" }, "geometry": { "type": "Point", "coordinates": [ -90.24779, 38.58246 ] } },
{ "type": "Feature", "properties": { "NIBRS_cat": "Theft From Motor Vehicle", "crime_type": "Property", "latitude": 38.582455, "longitude": -90.247787, "date": "9/17/2025" }, "geometry": { "type": "Point", "coordinates": [ -90.24779, 38.58246 ] } },
{ "type": "Feature", "properties": { "NIBRS_cat": "Drug/Narcotic Violations", "crime_type": "Society", "latitude": 38.582474, "longitude": -90.266861, "date": "9/19/2025" }, "geometry": { "type": "Point", "coordinates": [ -90.26686, 38.58247 ] } },
{ "type": "Feature", "properties": { "NIBRS_cat": "Drug/Narcotic Violations", "crime_type": "Society", "latitude": 38.582474, "longitude": -90.266861, "date": "9/19/2025" }, "geometry": { "type": "Point", "coordinates": [ -90.26686, 38.58247 ] } },
{ "type": "Feature", "properties": { "NIBRS_cat": "Intimidation", "crime_type": "Person", "latitude": 38.582474, "longitude": -90.266861, "date": "9/19/2025" }, "geometry": { "type": "Point", "coordinates": [ -90.26686, 38.58247 ] } },
{ "type": "Feature", "properties": { "NIBRS_cat": "Intimidation", "crime_type": "Person", "latitude": 38.582474, "longitude": -90.266861, "date": "9/19/2025" }, "geometry": { "type": "Point", "coordinates": [ -90.26686, 38.58247 ] } },
{ "type": "Feature", "properties": { "NIBRS_cat": "Intimidation", "crime_type": "Person", "latitude": 38.582474, "longitude": -90.266861, "date": "9/19/2025" }, "geometry": { "type": "Point", "coordinates": [ -90.26686, 38.58247 ] } },
{ "type": "Feature", "properties": { "NIBRS_cat": "Intimidation", "crime_type": "Person", "latitude": 38.582474, "longitude": -90.266861, "date": "9/19/2025" }, "geometry": { "type": "Point", "coordinates": [ -90.26686, 38.58247 ] } },
{ "type": "Feature", "properties": { "NIBRS_cat": "Theft From Motor Vehicle", "crime_type": "Property", "latitude": 38.582573, "longitude": -90.247047, "date": "8/29/2025" }, "geometry": { "type": "Point", "coordinates": [ -90.24705, 38.58257 ] } },
{ "type": "Feature", "properties": { "NIBRS_cat": "Theft From Motor Vehicle", "crime_type": "Property", "latitude": 38.582573, "longitude": -90.247047, "date": "8/29/2025" }, "geometry": { "type": "Point", "coordinates": [ -90.24705, 38.58257 ] } },
{ "type": "Feature", "properties": { "NIBRS_cat": "Theft From Motor Vehicle", "crime_type": "Property", "latitude": 38.582573, "longitude": -90.247047, "date": "8/29/2025" }, "geometry": { "type": "Point", "coordinates": [ -90.24705, 38.58257 ] } },
{ "type": "Feature", "properties": { "NIBRS_cat": "Theft From Motor Vehicle", "crime_type": "Property", "latitude": 38.582573, "longitude": -90.247047, "date": "8/29/2025" }, "geometry": { "type": "Point", "coordinates": [ -90.24705, 38.58257 ] } },
{ "type": "Feature", "properties": { "NIBRS_cat": "Destruction/Damage/Vandalism of Property", "crime_type": "Property", "latitude": 38.582634, "longitude": -90.244888, "date": "9/11/2025" }, "geometry": { "type": "Point", "coordinates": [ -90.24489, 38.58263 ] } },
{ "type": "Feature", "properties": { "NIBRS_cat": "Destruction/Damage/Vandalism of Property", "crime_type": "Property", "latitude": 38.582634, "longitude": -90.244888, "date": "9/11/2025" }, "geometry": { "type": "Point", "coordinates": [ -90.24489, 38.58263 ] } },
{ "type": "Feature", "properties": { "NIBRS_cat": "All Other Offenses", "crime_type": "Unspecified", "latitude": 38.582668, "longitude": -90.265312, "date": "9/2/2025" }, "geometry": { "type": "Point", "coordinates": [ -90.26531, 38.58267 ] } },
{ "type": "Feature", "properties": { "NIBRS_cat": "All Other Offenses", "crime_type": "Unspecified", "latitude": 38.582668, "longitude": -90.265312, "date": "9/2/2025" }, "geometry": { "type": "Point", "coordinates": [ -90.26531, 38.58267 ] } },
{ "type": "Feature", "properties": { "NIBRS_cat": "All Other Larceny", "crime_type": "Property", "latitude": 38.582726, "longitude": -90.24527, "date": "9/5/2025" }, "geometry": { "type": "Point", "coordinates": [ -90.24527, 38.58273 ] } },
{ "type": "Feature", "properties": { "NIBRS_cat": "All Other Larceny", "crime_type": "Property", "latitude": 38.582726, "longitude": -90.24527, "date": "9/5/2025" }, "geometry": { "type": "Point", "coordinates": [ -90.24527, 38.58273 ] } },
{ "type": "Feature", "properties": { "NIBRS_cat": "Murder and Nonnegligent Manslaughter", "crime_type": "Person", "latitude": 38.582729, "longitude": -90.24527, "date": "8/9/2025" }, "geometry": { "type": "Point", "coordinates": [ -90.24527, 38.58273 ] } },
{ "type": "Feature", "properties": { "NIBRS_cat": "Aggravated Assault", "crime_type": "Person", "latitude": 38.582729, "longitude": -90.24527, "date": "8/9/2025" }, "geometry": { "type": "Point", "coordinates": [ -90.24527, 38.58273 ] } },
{ "type": "Feature", "properties": { "NIBRS_cat": "Aggravated Assault", "crime_type": "Person", "latitude": 38.582729, "longitude": -90.24527, "date": "8/9/2025" }, "geometry": { "type": "Point", "coordinates": [ -90.24527, 38.58273 ] } },
{ "type": "Feature", "properties": { "NIBRS_cat": "Aggravated Assault", "crime_type": "Person", "latitude": 38.582729, "longitude": -90.24527, "date": "8/9/2025" }, "geometry": { "type": "Point", "coordinates": [ -90.24527, 38.58273 ] } },
{ "type": "Feature", "properties": { "NIBRS_cat": "Aggravated Assault", "crime_type": "Person", "latitude": 38.582729, "longitude": -90.24527, "date": "8/9/2025" }, "geometry": { "type": "Point", "coordinates": [ -90.24527, 38.58273 ] } },
{ "type": "Feature", "properties": { "NIBRS_cat": "Weapons Law Violations", "crime_type": "Society", "latitude": 38.582729, "longitude": -90.24527, "date": "8/9/2025" }, "geometry": { "type": "Point", "coordinates": [ -90.24527, 38.58273 ] } },
{ "type": "Feature", "properties": { "NIBRS_cat": "Murder and Nonnegligent Manslaughter", "crime_type": "Person", "latitude": 38.582729, "longitude": -90.24527, "date": "8/9/2025" }, "geometry": { "type": "Point", "coordinates": [ -90.24527, 38.58273 ] } },
{ "type": "Feature", "properties": { "NIBRS_cat": "All Other Offenses", "crime_type": "Unspecified", "latitude": 38.582729, "longitude": -90.24527, "date": "8/9/2025" }, "geometry": { "type": "Point", "coordinates": [ -90.24527, 38.58273 ] } },
{ "type": "Feature", "properties": { "NIBRS_cat": "Aggravated Assault", "crime_type": "Person", "latitude": 38.582729, "longitude": -90.24527, "date": "8/9/2025" }, "geometry": { "type": "Point", "coordinates": [ -90.24527, 38.58273 ] } },
{ "type": "Feature", "properties": { "NIBRS_cat": "All Other Offenses", "crime_type": "Unspecified", "latitude": 38.582729, "longitude": -90.24527, "date": "8/9/2025" }, "geometry": { "type": "Point", "coordinates": [ -90.24527, 38.58273 ] } },
{ "type": "Feature", "properties": { "NIBRS_cat": "Aggravated Assault", "crime_type": "Person", "latitude": 38.582729, "longitude": -90.24527, "date": "8/9/2025" }, "geometry": { "type": "Point", "coordinates": [ -90.24527, 38.58273 ] } },
{ "type": "Feature", "properties": { "NIBRS_cat": "Weapons Law Violations", "crime_type": "Society", "latitude": 38.582729, "longitude": -90.24527, "date": "8/9/2025" }, "geometry": { "type": "Point", "coordinates": [ -90.24527, 38.58273 ] } },
{ "type": "Feature", "properties": { "NIBRS_cat": "Weapons Law Violations", "crime_type": "Society", "latitude": 38.582737, "longitude": -90.230446, "date": "12/17/2024" }, "geometry": { "type": "Point", "coordinates": [ -90.23045, 38.58274 ] } },
{ "type": "Feature", "properties": { "NIBRS_cat": "Weapons Law Violations", "crime_type": "Society", "latitude": 38.582737, "longitude": -90.230446, "date": "12/17/2024" }, "geometry": { "type": "Point", "coordinates": [ -90.23045, 38.58274 ] } },
{ "type": "Feature", "properties": { "NIBRS_cat": "Destruction/Damage/Vandalism of Property", "crime_type": "Property", "latitude": 38.582932, "longitude": -90.250549, "date": "9/28/2025" }, "geometry": { "type": "Point", "coordinates": [ -90.25055, 38.58293 ] } },
{ "type": "Feature", "properties": { "NIBRS_cat": "Destruction/Damage/Vandalism of Property", "crime_type": "Property", "latitude": 38.582932, "longitude": -90.250549, "date": "9/28/2025" }, "geometry": { "type": "Point", "coordinates": [ -90.25055, 38.58293 ] } },
{ "type": "Feature", "properties": { "NIBRS_cat": "Destruction/Damage/Vandalism of Property", "crime_type": "Property", "latitude": 38.582939, "longitude": -90.238113, "date": "9/16/2025" }, "geometry": { "type": "Point", "coordinates": [ -90.23811, 38.58294 ] } },
{ "type": "Feature", "properties": { "NIBRS_cat": "Destruction/Damage/Vandalism of Property", "crime_type": "Property", "latitude": 38.582939, "longitude": -90.238113, "date": "9/16/2025" }, "geometry": { "type": "Point", "coordinates": [ -90.23811, 38.58294 ] } },
{ "type": "Feature", "properties": { "NIBRS_cat": "Motor Vehicle Theft", "crime_type": "Property", "latitude": 38.582951, "longitude": -90.272812, "date": "9/6/2025" }, "geometry": { "type": "Point", "coordinates": [ -90.27281, 38.58295 ] } },
{ "type": "Feature", "properties": { "NIBRS_cat": "Motor Vehicle Theft", "crime_type": "Property", "latitude": 38.582951, "longitude": -90.272812, "date": "9/6/2025" }, "geometry": { "type": "Point", "coordinates": [ -90.27281, 38.58295 ] } },
{ "type": "Feature", "properties": { "NIBRS_cat": "Stolen Property Offenses", "crime_type": "Property", "latitude": 38.582966, "longitude": -90.231125, "date": "9/14/2025" }, "geometry": { "type": "Point", "coordinates": [ -90.23113, 38.58297 ] } },
{ "type": "Feature", "properties": { "NIBRS_cat": "Stolen Property Offenses", "crime_type": "Property", "latitude": 38.582966, "longitude": -90.231125, "date": "9/14/2025" }, "geometry": { "type": "Point", "coordinates": [ -90.23113, 38.58297 ] } },
{ "type": "Feature", "properties": { "NIBRS_cat": "All Other Offenses", "crime_type": "Unspecified", "latitude": 38.582966, "longitude": -90.231125, "date": "9/14/2025" }, "geometry": { "type": "Point", "coordinates": [ -90.23113, 38.58297 ] } },
{ "type": "Feature", "properties": { "NIBRS_cat": "Stolen Property Offenses", "crime_type": "Property", "latitude": 38.582966, "longitude": -90.231125, "date": "9/14/2025" }, "geometry": { "type": "Point", "coordinates": [ -90.23113, 38.58297 ] } },
{ "type": "Feature", "properties": { "NIBRS_cat": "Stolen Property Offenses", "crime_type": "Property", "latitude": 38.582966, "longitude": -90.231125, "date": "9/14/2025" }, "geometry": { "type": "Point", "coordinates": [ -90.23113, 38.58297 ] } },
{ "type": "Feature", "properties": { "NIBRS_cat": "All Other Offenses", "crime_type": "Unspecified", "latitude": 38.582966, "longitude": -90.231125, "date": "9/14/2025" }, "geometry": { "type": "Point", "coordinates": [ -90.23113, 38.58297 ] } },
{ "type": "Feature", "properties": { "NIBRS_cat": "Aggravated Assault", "crime_type": "Person", "latitude": 38.583019, "longitude": -90.272453, "date": "9/2/2025" }, "geometry": { "type": "Point", "coordinates": [ -90.27245, 38.58302 ] } },
{ "type": "Feature", "properties": { "NIBRS_cat": "Aggravated Assault", "crime_type": "Person", "latitude": 38.583019, "longitude": -90.272453, "date": "9/2/2025" }, "geometry": { "type": "Point", "coordinates": [ -90.27245, 38.58302 ] } },
{ "type": "Feature", "properties": { "NIBRS_cat": "Shoplifting", "crime_type": "Property", "latitude": 38.58308, "longitude": -90.265488, "date": "9/3/2025" }, "geometry": { "type": "Point", "coordinates": [ -90.26549, 38.58308 ] } },
{ "type": "Feature", "properties": { "NIBRS_cat": "Shoplifting", "crime_type": "Property", "latitude": 38.58308, "longitude": -90.265488, "date": "9/3/2025" }, "geometry": { "type": "Point", "coordinates": [ -90.26549, 38.58308 ] } },
{ "type": "Feature", "properties": { "NIBRS_cat": "Robbery", "crime_type": "Person", "latitude": 38.583157, "longitude": -90.2649, "date": "9/2/2025" }, "geometry": { "type": "Point", "coordinates": [ -90.2649, 38.58316 ] } },
{ "type": "Feature", "properties": { "NIBRS_cat": "Robbery", "crime_type": "Person", "latitude": 38.583157, "longitude": -90.2649, "date": "9/2/2025" }, "geometry": { "type": "Point", "coordinates": [ -90.2649, 38.58316 ] } },
{ "type": "Feature", "properties": { "NIBRS_cat": "All Other Larceny", "crime_type": "Property", "latitude": 38.583179, "longitude": -90.273102, "date": "9/8/2025" }, "geometry": { "type": "Point", "coordinates": [ -90.2731, 38.58318 ] } },
{ "type": "Feature", "properties": { "NIBRS_cat": "All Other Larceny", "crime_type": "Property", "latitude": 38.583179, "longitude": -90.273102, "date": "9/8/2025" }, "geometry": { "type": "Point", "coordinates": [ -90.2731, 38.58318 ] } },
{ "type": "Feature", "properties": { "NIBRS_cat": "Weapons Law Violations", "crime_type": "Society", "latitude": 38.583206, "longitude": -90.24823, "date": "9/3/2025" }, "geometry": { "type": "Point", "coordinates": [ -90.24823, 38.58321 ] } },
{ "type": "Feature", "properties": { "NIBRS_cat": "Weapons Law Violations", "crime_type": "Society", "latitude": 38.583206, "longitude": -90.24823, "date": "9/3/2025" }, "geometry": { "type": "Point", "coordinates": [ -90.24823, 38.58321 ] } },
{ "type": "Feature", "properties": { "NIBRS_cat": "Weapons Law Violations", "crime_type": "Society", "latitude": 38.583214, "longitude": -90.240402, "date": "5/26/2025" }, "geometry": { "type": "Point", "coordinates": [ -90.2404, 38.58321 ] } },
{ "type": "Feature", "properties": { "NIBRS_cat": "Weapons Law Violations", "crime_type": "Society", "latitude": 38.583214, "longitude": -90.240402, "date": "5/26/2025" }, "geometry": { "type": "Point", "coordinates": [ -90.2404, 38.58321 ] } },
{ "type": "Feature", "properties": { "NIBRS_cat": "Motor Vehicle Theft", "crime_type": "Property", "latitude": 38.583347, "longitude": -90.248672, "date": "8/22/2025" }, "geometry": { "type": "Point", "coordinates": [ -90.24867, 38.58335 ] } },
{ "type": "Feature", "properties": { "NIBRS_cat": "Motor Vehicle Theft", "crime_type": "Property", "latitude": 38.583347, "longitude": -90.248672, "date": "8/22/2025" }, "geometry": { "type": "Point", "coordinates": [ -90.24867, 38.58335 ] } },
{ "type": "Feature", "properties": { "NIBRS_cat": "Theft From Motor Vehicle", "crime_type": "Property", "latitude": 38.583347, "longitude": -90.236107, "date": "9/20/2025" }, "geometry": { "type": "Point", "coordinates": [ -90.23611, 38.58335 ] } },
{ "type": "Feature", "properties": { "NIBRS_cat": "Theft From Motor Vehicle", "crime_type": "Property", "latitude": 38.583347, "longitude": -90.236107, "date": "9/20/2025" }, "geometry": { "type": "Point", "coordinates": [ -90.23611, 38.58335 ] } },
{ "type": "Feature", "properties": { "NIBRS_cat": "Theft From Motor Vehicle Parts/Accessories", "crime_type": "Property", "latitude": 38.583347, "longitude": -90.248672, "date": "8/22/2025" }, "geometry": { "type": "Point", "coordinates": [ -90.24867, 38.58335 ] } },
{ "type": "Feature", "properties": { "NIBRS_cat": "Theft From Motor Vehicle Parts/Accessories", "crime_type": "Property", "latitude": 38.583347, "longitude": -90.248672, "date": "8/22/2025" }, "geometry": { "type": "Point", "coordinates": [ -90.24867, 38.58335 ] } },
{ "type": "Feature", "properties": { "NIBRS_cat": "Theft From Motor Vehicle", "crime_type": "Property", "latitude": 38.583347, "longitude": -90.236107, "date": "9/20/2025" }, "geometry": { "type": "Point", "coordinates": [ -90.23611, 38.58335 ] } },
{ "type": "Feature", "properties": { "NIBRS_cat": "Theft From Motor Vehicle", "crime_type": "Property", "latitude": 38.583347, "longitude": -90.236107, "date": "9/20/2025" }, "geometry": { "type": "Point", "coordinates": [ -90.23611, 38.58335 ] } },
{ "type": "Feature", "properties": { "NIBRS_cat": "Destruction/Damage/Vandalism of Property", "crime_type": "Property", "latitude": 38.583496, "longitude": -90.263412, "date": "9/28/2025" }, "geometry": { "type": "Point", "coordinates": [ -90.26341, 38.5835 ] } },
{ "type": "Feature", "properties": { "NIBRS_cat": "Motor Vehicle Theft", "crime_type": "Property", "latitude": 38.583496, "longitude": -90.247749, "date": "9/22/2025" }, "geometry": { "type": "Point", "coordinates": [ -90.24775, 38.5835 ] } },
{ "type": "Feature", "properties": { "NIBRS_cat": "Destruction/Damage/Vandalism of Property", "crime_type": "Property", "latitude": 38.583496, "longitude": -90.263412, "date": "9/28/2025" }, "geometry": { "type": "Point", "coordinates": [ -90.26341, 38.5835 ] } },
{ "type": "Feature", "properties": { "NIBRS_cat": "Motor Vehicle Theft", "crime_type": "Property", "latitude": 38.583496, "longitude": -90.247749, "date": "9/22/2025" }, "geometry": { "type": "Point", "coordinates": [ -90.24775, 38.5835 ] } },
{ "type": "Feature", "properties": { "NIBRS_cat": "Weapons Law Violations", "crime_type": "Society", "latitude": 38.583504, "longitude": -90.239075, "date": "5/18/2025" }, "geometry": { "type": "Point", "coordinates": [ -90.23907, 38.5835 ] } },
{ "type": "Feature", "properties": { "NIBRS_cat": "Weapons Law Violations", "crime_type": "Society", "latitude": 38.583504, "longitude": -90.239075, "date": "5/18/2025" }, "geometry": { "type": "Point", "coordinates": [ -90.23907, 38.5835 ] } },
{ "type": "Feature", "properties": { "NIBRS_cat": "Weapons Law Violations", "crime_type": "Society", "latitude": 38.583504, "longitude": -90.239075, "date": "9/8/2025" }, "geometry": { "type": "Point", "coordinates": [ -90.23907, 38.5835 ] } },
{ "type": "Feature", "properties": { "NIBRS_cat": "Weapons Law Violations", "crime_type": "Society", "latitude": 38.583504, "longitude": -90.239075, "date": "9/8/2025" }, "geometry": { "type": "Point", "coordinates": [ -90.23907, 38.5835 ] } },
{ "type": "Feature", "properties": { "NIBRS_cat": "Motor Vehicle Theft", "crime_type": "Property", "latitude": 38.583511, "longitude": -90.26487, "date": "8/24/2025" }, "geometry": { "type": "Point", "coordinates": [ -90.26487, 38.58351 ] } },
{ "type": "Feature", "properties": { "NIBRS_cat": "Motor Vehicle Theft", "crime_type": "Property", "latitude": 38.583511, "longitude": -90.26487, "date": "8/24/2025" }, "geometry": { "type": "Point", "coordinates": [ -90.26487, 38.58351 ] } },
{ "type": "Feature", "properties": { "NIBRS_cat": "Destruction/Damage/Vandalism of Property", "crime_type": "Property", "latitude": 38.583603, "longitude": -90.261612, "date": "9/29/2025" }, "geometry": { "type": "Point", "coordinates": [ -90.26161, 38.5836 ] } },
{ "type": "Feature", "properties": { "NIBRS_cat": "Destruction/Damage/Vandalism of Property", "crime_type": "Property", "latitude": 38.583603, "longitude": -90.261612, "date": "9/29/2025" }, "geometry": { "type": "Point", "coordinates": [ -90.26161, 38.5836 ] } },
{ "type": "Feature", "properties": { "NIBRS_cat": "Simple Assault", "crime_type": "Person", "latitude": 38.583614, "longitude": -90.245522, "date": "9/20/2025" }, "geometry": { "type": "Point", "coordinates": [ -90.24552, 38.58361 ] } },
{ "type": "Feature", "properties": { "NIBRS_cat": "Simple Assault", "crime_type": "Person", "latitude": 38.583614, "longitude": -90.245522, "date": "9/20/2025" }, "geometry": { "type": "Point", "coordinates": [ -90.24552, 38.58361 ] } },
{ "type": "Feature", "properties": { "NIBRS_cat": "Simple Assault", "crime_type": "Person", "latitude": 38.583614, "longitude": -90.245522, "date": "9/20/2025" }, "geometry": { "type": "Point", "coordinates": [ -90.24552, 38.58361 ] } },
{ "type": "Feature", "properties": { "NIBRS_cat": "Simple Assault", "crime_type": "Person", "latitude": 38.583614, "longitude": -90.245522, "date": "9/20/2025" }, "geometry": { "type": "Point", "coordinates": [ -90.24552, 38.58361 ] } },
{ "type": "Feature", "properties": { "NIBRS_cat": "Destruction/Damage/Vandalism of Property", "crime_type": "Property", "latitude": 38.583618, "longitude": -90.261612, "date": "9/3/2025" }, "geometry": { "type": "Point", "coordinates": [ -90.26161, 38.58362 ] } },
{ "type": "Feature", "properties": { "NIBRS_cat": "Destruction/Damage/Vandalism of Property", "crime_type": "Property", "latitude": 38.583618, "longitude": -90.261612, "date": "9/3/2025" }, "geometry": { "type": "Point", "coordinates": [ -90.26161, 38.58362 ] } },
{ "type": "Feature", "properties": { "NIBRS_cat": "All Other Larceny", "crime_type": "Property", "latitude": 38.583645, "longitude": -90.302078, "date": "8/30/2025" }, "geometry": { "type": "Point", "coordinates": [ -90.30208, 38.58364 ] } },
{ "type": "Feature", "properties": { "NIBRS_cat": "All Other Larceny", "crime_type": "Property", "latitude": 38.583645, "longitude": -90.302078, "date": "8/30/2025" }, "geometry": { "type": "Point", "coordinates": [ -90.30208, 38.58364 ] } },
{ "type": "Feature", "properties": { "NIBRS_cat": "Aggravated Assault", "crime_type": "Person", "latitude": 38.583656, "longitude": -90.26899, "date": "9/26/2025" }, "geometry": { "type": "Point", "coordinates": [ -90.26899, 38.58366 ] } },
{ "type": "Feature", "properties": { "NIBRS_cat": "Aggravated Assault", "crime_type": "Person", "latitude": 38.583656, "longitude": -90.26899, "date": "9/26/2025" }, "geometry": { "type": "Point", "coordinates": [ -90.26899, 38.58366 ] } },
{ "type": "Feature", "properties": { "NIBRS_cat": "Destruction/Damage/Vandalism of Property", "crime_type": "Property", "latitude": 38.583664, "longitude": -90.265106, "date": "4/30/2024" }, "geometry": { "type": "Point", "coordinates": [ -90.26511, 38.58366 ] } },
{ "type": "Feature", "properties": { "NIBRS_cat": "Destruction/Damage/Vandalism of Property", "crime_type": "Property", "latitude": 38.583664, "longitude": -90.265106, "date": "4/30/2024" }, "geometry": { "type": "Point", "coordinates": [ -90.26511, 38.58366 ] } },
{ "type": "Feature", "properties": { "NIBRS_cat": "All Other Offenses", "crime_type": "Unspecified", "latitude": 38.583694, "longitude": -90.249283, "date": "9/6/2025" }, "geometry": { "type": "Point", "coordinates": [ -90.24928, 38.58369 ] } },
{ "type": "Feature", "properties": { "NIBRS_cat": "All Other Offenses", "crime_type": "Unspecified", "latitude": 38.583694, "longitude": -90.249283, "date": "9/6/2025" }, "geometry": { "type": "Point", "coordinates": [ -90.24928, 38.58369 ] } },
{ "type": "Feature", "properties": { "NIBRS_cat": "Simple Assault", "crime_type": "Person", "latitude": 38.583729, "longitude": -90.246902, "date": "5/7/2025" }, "geometry": { "type": "Point", "coordinates": [ -90.2469, 38.58373 ] } },
{ "type": "Feature", "properties": { "NIBRS_cat": "Simple Assault", "crime_type": "Person", "latitude": 38.583729, "longitude": -90.246902, "date": "5/7/2025" }, "geometry": { "type": "Point", "coordinates": [ -90.2469, 38.58373 ] } },
{ "type": "Feature", "properties": { "NIBRS_cat": "Weapons Law Violations", "crime_type": "Society", "latitude": 38.58379, "longitude": -90.242828, "date": "9/13/2025" }, "geometry": { "type": "Point", "coordinates": [ -90.24283, 38.58379 ] } },
{ "type": "Feature", "properties": { "NIBRS_cat": "Weapons Law Violations", "crime_type": "Society", "latitude": 38.58379, "longitude": -90.242828, "date": "9/13/2025" }, "geometry": { "type": "Point", "coordinates": [ -90.24283, 38.58379 ] } },
{ "type": "Feature", "properties": { "NIBRS_cat": "Aggravated Assault", "crime_type": "Person", "latitude": 38.583801, "longitude": -90.242828, "date": "2/22/2025" }, "geometry": { "type": "Point", "coordinates": [ -90.24283, 38.5838 ] } },
{ "type": "Feature", "properties": { "NIBRS_cat": "Weapons Law Violations", "crime_type": "Society", "latitude": 38.583801, "longitude": -90.242828, "date": "2/22/2025" }, "geometry": { "type": "Point", "coordinates": [ -90.24283, 38.5838 ] } },
{ "type": "Feature", "properties": { "NIBRS_cat": "Weapons Law Violations", "crime_type": "Society", "latitude": 38.583801, "longitude": -90.242828, "date": "2/22/2025" }, "geometry": { "type": "Point", "coordinates": [ -90.24283, 38.5838 ] } },
{ "type": "Feature", "properties": { "NIBRS_cat": "Aggravated Assault", "crime_type": "Person", "latitude": 38.583801, "longitude": -90.242828, "date": "2/22/2025" }, "geometry": { "type": "Point", "coordinates": [ -90.24283, 38.5838 ] } },
{ "type": "Feature", "properties": { "NIBRS_cat": "All Other Offenses", "crime_type": "Unspecified", "latitude": 38.583923, "longitude": -90.243881, "date": "9/20/2025" }, "geometry": { "type": "Point", "coordinates": [ -90.24388, 38.58392 ] } },
{ "type": "Feature", "properties": { "NIBRS_cat": "All Other Offenses", "crime_type": "Unspecified", "latitude": 38.583923, "longitude": -90.243881, "date": "9/20/2025" }, "geometry": { "type": "Point", "coordinates": [ -90.24388, 38.58392 ] } },
{ "type": "Feature", "properties": { "NIBRS_cat": "Burglary/Breaking and Entering", "crime_type": "Property", "latitude": 38.583958, "longitude": -90.255768, "date": "9/6/2025" }, "geometry": { "type": "Point", "coordinates": [ -90.25577, 38.58396 ] } },
{ "type": "Feature", "properties": { "NIBRS_cat": "Burglary/Breaking and Entering", "crime_type": "Property", "latitude": 38.583958, "longitude": -90.255768, "date": "9/6/2025" }, "geometry": { "type": "Point", "coordinates": [ -90.25577, 38.58396 ] } },
{ "type": "Feature", "properties": { "NIBRS_cat": "Destruction/Damage/Vandalism of Property", "crime_type": "Property", "latitude": 38.584045, "longitude": -90.234695, "date": "8/23/2023" }, "geometry": { "type": "Point", "coordinates": [ -90.2347, 38.58405 ] } },
{ "type": "Feature", "properties": { "NIBRS_cat": "Simple Assault", "crime_type": "Person", "latitude": 38.584045, "longitude": -90.234695, "date": "8/23/2023" }, "geometry": { "type": "Point", "coordinates": [ -90.2347, 38.58405 ] } },
{ "type": "Feature", "properties": { "NIBRS_cat": "Aggravated Assault", "crime_type": "Person", "latitude": 38.584045, "longitude": -90.234695, "date": "8/23/2023" }, "geometry": { "type": "Point", "coordinates": [ -90.2347, 38.58405 ] } },
{ "type": "Feature", "properties": { "NIBRS_cat": "Simple Assault", "crime_type": "Person", "latitude": 38.584045, "longitude": -90.234726, "date": "8/29/2025" }, "geometry": { "type": "Point", "coordinates": [ -90.23473, 38.58405 ] } },
{ "type": "Feature", "properties": { "NIBRS_cat": "Aggravated Assault", "crime_type": "Person", "latitude": 38.584045, "longitude": -90.234695, "date": "8/23/2023" }, "geometry": { "type": "Point", "coordinates": [ -90.2347, 38.58405 ] } },
{ "type": "Feature", "properties": { "NIBRS_cat": "Weapons Law Violations", "crime_type": "Society", "latitude": 38.584045, "longitude": -90.234695, "date": "8/23/2023" }, "geometry": { "type": "Point", "coordinates": [ -90.2347, 38.58405 ] } },
{ "type": "Feature", "properties": { "NIBRS_cat": "Simple Assault", "crime_type": "Person", "latitude": 38.584045, "longitude": -90.234695, "date": "8/23/2023" }, "geometry": { "type": "Point", "coordinates": [ -90.2347, 38.58405 ] } },
{ "type": "Feature", "properties": { "NIBRS_cat": "Simple Assault", "crime_type": "Person", "latitude": 38.584045, "longitude": -90.234695, "date": "8/23/2023" }, "geometry": { "type": "Point", "coordinates": [ -90.2347, 38.58405 ] } },
{ "type": "Feature", "properties": { "NIBRS_cat": "Aggravated Assault", "crime_type": "Person", "latitude": 38.584045, "longitude": -90.234695, "date": "8/23/2023" }, "geometry": { "type": "Point", "coordinates": [ -90.2347, 38.58405 ] } },
{ "type": "Feature", "properties": { "NIBRS_cat": "Simple Assault", "crime_type": "Person", "latitude": 38.584045, "longitude": -90.234695, "date": "8/23/2023" }, "geometry": { "type": "Point", "coordinates": [ -90.2347, 38.58405 ] } },
{ "type": "Feature", "properties": { "NIBRS_cat": "Simple Assault", "crime_type": "Person", "latitude": 38.584045, "longitude": -90.234695, "date": "8/23/2023" }, "geometry": { "type": "Point", "coordinates": [ -90.2347, 38.58405 ] } },
{ "type": "Feature", "properties": { "NIBRS_cat": "Simple Assault", "crime_type": "Person", "latitude": 38.584045, "longitude": -90.234695, "date": "8/23/2023" }, "geometry": { "type": "Point", "coordinates": [ -90.2347, 38.58405 ] } },
{ "type": "Feature", "properties": { "NIBRS_cat": "Aggravated Assault", "crime_type": "Person", "latitude": 38.584045, "longitude": -90.234695, "date": "8/23/2023" }, "geometry": { "type": "Point", "coordinates": [ -90.2347, 38.58405 ] } },
{ "type": "Feature", "properties": { "NIBRS_cat": "Simple Assault", "crime_type": "Person", "latitude": 38.584045, "longitude": -90.234726, "date": "8/29/2025" }, "geometry": { "type": "Point", "coordinates": [ -90.23473, 38.58405 ] } },
{ "type": "Feature", "properties": { "NIBRS_cat": "Simple Assault", "crime_type": "Person", "latitude": 38.584045, "longitude": -90.234695, "date": "8/23/2023" }, "geometry": { "type": "Point", "coordinates": [ -90.2347, 38.58405 ] } },
{ "type": "Feature", "properties": { "NIBRS_cat": "Aggravated Assault", "crime_type": "Person", "latitude": 38.584045, "longitude": -90.234695, "date": "8/23/2023" }, "geometry": { "type": "Point", "coordinates": [ -90.2347, 38.58405 ] } },
{ "type": "Feature", "properties": { "NIBRS_cat": "Aggravated Assault", "crime_type": "Person", "latitude": 38.584045, "longitude": -90.234695, "date": "8/23/2023" }, "geometry": { "type": "Point", "coordinates": [ -90.2347, 38.58405 ] } },
{ "type": "Feature", "properties": { "NIBRS_cat": "Weapons Law Violations", "crime_type": "Society", "latitude": 38.584045, "longitude": -90.234695, "date": "8/23/2023" }, "geometry": { "type": "Point", "coordinates": [ -90.2347, 38.58405 ] } },
{ "type": "Feature", "properties": { "NIBRS_cat": "Aggravated Assault", "crime_type": "Person", "latitude": 38.584045, "longitude": -90.234695, "date": "8/23/2023" }, "geometry": { "type": "Point", "coordinates": [ -90.2347, 38.58405 ] } },
{ "type": "Feature", "properties": { "NIBRS_cat": "Simple Assault", "crime_type": "Person", "latitude": 38.584045, "longitude": -90.234695, "date": "8/23/2023" }, "geometry": { "type": "Point", "coordinates": [ -90.2347, 38.58405 ] } },
{ "type": "Feature", "properties": { "NIBRS_cat": "Simple Assault", "crime_type": "Person", "latitude": 38.584045, "longitude": -90.234695, "date": "8/23/2023" }, "geometry": { "type": "Point", "coordinates": [ -90.2347, 38.58405 ] } },
{ "type": "Feature", "properties": { "NIBRS_cat": "Aggravated Assault", "crime_type": "Person", "latitude": 38.584045, "longitude": -90.234695, "date": "8/23/2023" }, "geometry": { "type": "Point", "coordinates": [ -90.2347, 38.58405 ] } },
{ "type": "Feature", "properties": { "NIBRS_cat": "Aggravated Assault", "crime_type": "Person", "latitude": 38.584045, "longitude": -90.234695, "date": "8/23/2023" }, "geometry": { "type": "Point", "coordinates": [ -90.2347, 38.58405 ] } },
{ "type": "Feature", "properties": { "NIBRS_cat": "Aggravated Assault", "crime_type": "Person", "latitude": 38.584045, "longitude": -90.234695, "date": "8/23/2023" }, "geometry": { "type": "Point", "coordinates": [ -90.2347, 38.58405 ] } },
{ "type": "Feature", "properties": { "NIBRS_cat": "Simple Assault", "crime_type": "Person", "latitude": 38.584045, "longitude": -90.234695, "date": "8/23/2023" }, "geometry": { "type": "Point", "coordinates": [ -90.2347, 38.58405 ] } },
{ "type": "Feature", "properties": { "NIBRS_cat": "Aggravated Assault", "crime_type": "Person", "latitude": 38.584045, "longitude": -90.234695, "date": "8/23/2023" }, "geometry": { "type": "Point", "coordinates": [ -90.2347, 38.58405 ] } },
{ "type": "Feature", "properties": { "NIBRS_cat": "Aggravated Assault", "crime_type": "Person", "latitude": 38.584045, "longitude": -90.234695, "date": "8/23/2023" }, "geometry": { "type": "Point", "coordinates": [ -90.2347, 38.58405 ] } },
{ "type": "Feature", "properties": { "NIBRS_cat": "Motor Vehicle Theft", "crime_type": "Property", "latitude": 38.584045, "longitude": -90.264877, "date": "9/22/2025" }, "geometry": { "type": "Point", "coordinates": [ -90.26488, 38.58405 ] } },
{ "type": "Feature", "properties": { "NIBRS_cat": "Motor Vehicle Theft", "crime_type": "Property", "latitude": 38.584045, "longitude": -90.264877, "date": "9/22/2025" }, "geometry": { "type": "Point", "coordinates": [ -90.26488, 38.58405 ] } },
{ "type": "Feature", "properties": { "NIBRS_cat": "Destruction/Damage/Vandalism of Property", "crime_type": "Property", "latitude": 38.584045, "longitude": -90.234695, "date": "8/23/2023" }, "geometry": { "type": "Point", "coordinates": [ -90.2347, 38.58405 ] } },
{ "type": "Feature", "properties": { "NIBRS_cat": "Destruction/Damage/Vandalism of Property", "crime_type": "Property", "latitude": 38.584061, "longitude": -90.241554, "date": "3/2/2025" }, "geometry": { "type": "Point", "coordinates": [ -90.24155, 38.58406 ] } },
{ "type": "Feature", "properties": { "NIBRS_cat": "Trespass of Real Property", "crime_type": "Society", "latitude": 38.584061, "longitude": -90.241554, "date": "3/11/2025" }, "geometry": { "type": "Point", "coordinates": [ -90.24155, 38.58406 ] } },
{ "type": "Feature", "properties": { "NIBRS_cat": "Burglary/Breaking and Entering", "crime_type": "Property", "latitude": 38.584061, "longitude": -90.241554, "date": "3/2/2025" }, "geometry": { "type": "Point", "coordinates": [ -90.24155, 38.58406 ] } },
{ "type": "Feature", "properties": { "NIBRS_cat": "Burglary/Breaking and Entering", "crime_type": "Property", "latitude": 38.584061, "longitude": -90.241554, "date": "3/2/2025" }, "geometry": { "type": "Point", "coordinates": [ -90.24155, 38.58406 ] } },
{ "type": "Feature", "properties": { "NIBRS_cat": "Destruction/Damage/Vandalism of Property", "crime_type": "Property", "latitude": 38.584061, "longitude": -90.241554, "date": "3/2/2025" }, "geometry": { "type": "Point", "coordinates": [ -90.24155, 38.58406 ] } },
{ "type": "Feature", "properties": { "NIBRS_cat": "Trespass of Real Property", "crime_type": "Society", "latitude": 38.584061, "longitude": -90.241554, "date": "3/11/2025" }, "geometry": { "type": "Point", "coordinates": [ -90.24155, 38.58406 ] } },
{ "type": "Feature", "properties": { "NIBRS_cat": "Weapons Law Violations", "crime_type": "Society", "latitude": 38.584118, "longitude": -90.264091, "date": "9/27/2025" }, "geometry": { "type": "Point", "coordinates": [ -90.26409, 38.58412 ] } },
{ "type": "Feature", "properties": { "NIBRS_cat": "Destruction/Damage/Vandalism of Property", "crime_type": "Property", "latitude": 38.584118, "longitude": -90.264091, "date": "9/27/2025" }, "geometry": { "type": "Point", "coordinates": [ -90.26409, 38.58412 ] } },
{ "type": "Feature", "properties": { "NIBRS_cat": "Destruction/Damage/Vandalism of Property", "crime_type": "Property", "latitude": 38.584118, "longitude": -90.264091, "date": "9/27/2025" }, "geometry": { "type": "Point", "coordinates": [ -90.26409, 38.58412 ] } },
{ "type": "Feature", "properties": { "NIBRS_cat": "Weapons Law Violations", "crime_type": "Society", "latitude": 38.584118, "longitude": -90.264091, "date": "9/27/2025" }, "geometry": { "type": "Point", "coordinates": [ -90.26409, 38.58412 ] } },
{ "type": "Feature", "properties": { "NIBRS_cat": "Theft From Motor Vehicle", "crime_type": "Property", "latitude": 38.584122, "longitude": -90.244453, "date": "9/27/2025" }, "geometry": { "type": "Point", "coordinates": [ -90.24445, 38.58412 ] } },
{ "type": "Feature", "properties": { "NIBRS_cat": "Motor Vehicle Theft", "crime_type": "Property", "latitude": 38.584122, "longitude": -90.244453, "date": "9/27/2025" }, "geometry": { "type": "Point", "coordinates": [ -90.24445, 38.58412 ] } },
{ "type": "Feature", "properties": { "NIBRS_cat": "Motor Vehicle Theft", "crime_type": "Property", "latitude": 38.584122, "longitude": -90.244453, "date": "9/27/2025" }, "geometry": { "type": "Point", "coordinates": [ -90.24445, 38.58412 ] } },
{ "type": "Feature", "properties": { "NIBRS_cat": "Theft From Motor Vehicle", "crime_type": "Property", "latitude": 38.584122, "longitude": -90.244453, "date": "9/27/2025" }, "geometry": { "type": "Point", "coordinates": [ -90.24445, 38.58412 ] } },
{ "type": "Feature", "properties": { "NIBRS_cat": "Weapons Law Violations", "crime_type": "Society", "latitude": 38.584202, "longitude": -90.23233, "date": "8/31/2025" }, "geometry": { "type": "Point", "coordinates": [ -90.23233, 38.5842 ] } },
{ "type": "Feature", "properties": { "NIBRS_cat": "Weapons Law Violations", "crime_type": "Society", "latitude": 38.584202, "longitude": -90.23233, "date": "8/31/2025" }, "geometry": { "type": "Point", "coordinates": [ -90.23233, 38.5842 ] } },
{ "type": "Feature", "properties": { "NIBRS_cat": "Theft From Motor Vehicle Parts/Accessories", "crime_type": "Property", "latitude": 38.584232, "longitude": -90.252907, "date": "9/4/2025" }, "geometry": { "type": "Point", "coordinates": [ -90.25291, 38.58423 ] } },
{ "type": "Feature", "properties": { "NIBRS_cat": "Theft From Motor Vehicle Parts/Accessories", "crime_type": "Property", "latitude": 38.584232, "longitude": -90.252907, "date": "9/4/2025" }, "geometry": { "type": "Point", "coordinates": [ -90.25291, 38.58423 ] } },
{ "type": "Feature", "properties": { "NIBRS_cat": "All Other Offenses", "crime_type": "Unspecified", "latitude": 38.584259, "longitude": -90.241379, "date": "9/30/2025" }, "geometry": { "type": "Point", "coordinates": [ -90.24138, 38.58426 ] } },
{ "type": "Feature", "properties": { "NIBRS_cat": "Destruction/Damage/Vandalism of Property", "crime_type": "Property", "latitude": 38.584259, "longitude": -90.241379, "date": "9/30/2025" }, "geometry": { "type": "Point", "coordinates": [ -90.24138, 38.58426 ] } },
{ "type": "Feature", "properties": { "NIBRS_cat": "Weapons Law Violations", "crime_type": "Society", "latitude": 38.584259, "longitude": -90.241379, "date": "9/18/2025" }, "geometry": { "type": "Point", "coordinates": [ -90.24138, 38.58426 ] } },
{ "type": "Feature", "properties": { "NIBRS_cat": "Destruction/Damage/Vandalism of Property", "crime_type": "Property", "latitude": 38.584259, "longitude": -90.241379, "date": "9/30/2025" }, "geometry": { "type": "Point", "coordinates": [ -90.24138, 38.58426 ] } },
{ "type": "Feature", "properties": { "NIBRS_cat": "Weapons Law Violations", "crime_type": "Society", "latitude": 38.584259, "longitude": -90.241379, "date": "9/18/2025" }, "geometry": { "type": "Point", "coordinates": [ -90.24138, 38.58426 ] } },
{ "type": "Feature", "properties": { "NIBRS_cat": "All Other Offenses", "crime_type": "Unspecified", "latitude": 38.584259, "longitude": -90.241379, "date": "9/30/2025" }, "geometry": { "type": "Point", "coordinates": [ -90.24138, 38.58426 ] } },
{ "type": "Feature", "properties": { "NIBRS_cat": "Weapons Law Violations", "crime_type": "Society", "latitude": 38.584282, "longitude": -90.237511, "date": "5/27/2025" }, "geometry": { "type": "Point", "coordinates": [ -90.23751, 38.58428 ] } },
{ "type": "Feature", "properties": { "NIBRS_cat": "Weapons Law Violations", "crime_type": "Society", "latitude": 38.584282, "longitude": -90.237511, "date": "5/27/2025" }, "geometry": { "type": "Point", "coordinates": [ -90.23751, 38.58428 ] } },
{ "type": "Feature", "properties": { "NIBRS_cat": "Simple Assault", "crime_type": "Person", "latitude": 38.584301, "longitude": -90.235291, "date": "9/3/2025" }, "geometry": { "type": "Point", "coordinates": [ -90.23529, 38.5843 ] } },
{ "type": "Feature", "properties": { "NIBRS_cat": "Simple Assault", "crime_type": "Person", "latitude": 38.584301, "longitude": -90.235291, "date": "9/3/2025" }, "geometry": { "type": "Point", "coordinates": [ -90.23529, 38.5843 ] } },
{ "type": "Feature", "properties": { "NIBRS_cat": "Disorderly Conduct", "crime_type": "Society", "latitude": 38.584332, "longitude": -90.276321, "date": "8/25/2025" }, "geometry": { "type": "Point", "coordinates": [ -90.27632, 38.58433 ] } },
{ "type": "Feature", "properties": { "NIBRS_cat": "Disorderly Conduct", "crime_type": "Society", "latitude": 38.584332, "longitude": -90.276321, "date": "8/25/2025" }, "geometry": { "type": "Point", "coordinates": [ -90.27632, 38.58433 ] } },
{ "type": "Feature", "properties": { "NIBRS_cat": "Theft From Motor Vehicle", "crime_type": "Property", "latitude": 38.584396, "longitude": -90.263702, "date": "9/28/2025" }, "geometry": { "type": "Point", "coordinates": [ -90.2637, 38.5844 ] } },
{ "type": "Feature", "properties": { "NIBRS_cat": "Theft From Motor Vehicle", "crime_type": "Property", "latitude": 38.584396, "longitude": -90.263702, "date": "9/28/2025" }, "geometry": { "type": "Point", "coordinates": [ -90.2637, 38.5844 ] } },
{ "type": "Feature", "properties": { "NIBRS_cat": "All Other Offenses", "crime_type": "Unspecified", "latitude": 38.584404, "longitude": -90.264473, "date": "9/21/2025" }, "geometry": { "type": "Point", "coordinates": [ -90.26447, 38.5844 ] } },
{ "type": "Feature", "properties": { "NIBRS_cat": "Motor Vehicle Theft", "crime_type": "Property", "latitude": 38.584404, "longitude": -90.264473, "date": "9/21/2025" }, "geometry": { "type": "Point", "coordinates": [ -90.26447, 38.5844 ] } },
{ "type": "Feature", "properties": { "NIBRS_cat": "Motor Vehicle Theft", "crime_type": "Property", "latitude": 38.584404, "longitude": -90.264473, "date": "9/21/2025" }, "geometry": { "type": "Point", "coordinates": [ -90.26447, 38.5844 ] } },
{ "type": "Feature", "properties": { "NIBRS_cat": "All Other Offenses", "crime_type": "Unspecified", "latitude": 38.584404, "longitude": -90.264473, "date": "9/21/2025" }, "geometry": { "type": "Point", "coordinates": [ -90.26447, 38.5844 ] } },
{ "type": "Feature", "properties": { "NIBRS_cat": "Trespass of Real Property", "crime_type": "Society", "latitude": 38.584503, "longitude": -90.222382, "date": "3/5/2025" }, "geometry": { "type": "Point", "coordinates": [ -90.22238, 38.5845 ] } },
{ "type": "Feature", "properties": { "NIBRS_cat": "Trespass of Real Property", "crime_type": "Society", "latitude": 38.584503, "longitude": -90.222382, "date": "3/5/2025" }, "geometry": { "type": "Point", "coordinates": [ -90.22238, 38.5845 ] } },
{ "type": "Feature", "properties": { "NIBRS_cat": "Drug/Narcotic Violations", "crime_type": "Society", "latitude": 38.584538, "longitude": -90.271294, "date": "9/30/2025" }, "geometry": { "type": "Point", "coordinates": [ -90.27129, 38.58454 ] } },
{ "type": "Feature", "properties": { "NIBRS_cat": "All Other Offenses", "crime_type": "Unspecified", "latitude": 38.584538, "longitude": -90.271294, "date": "9/30/2025" }, "geometry": { "type": "Point", "coordinates": [ -90.27129, 38.58454 ] } },
{ "type": "Feature", "properties": { "NIBRS_cat": "Drug/Narcotic Violations", "crime_type": "Society", "latitude": 38.584538, "longitude": -90.271294, "date": "9/30/2025" }, "geometry": { "type": "Point", "coordinates": [ -90.27129, 38.58454 ] } },
{ "type": "Feature", "properties": { "NIBRS_cat": "Drug Equipment Violations", "crime_type": "Society", "latitude": 38.584538, "longitude": -90.271294, "date": "9/30/2025" }, "geometry": { "type": "Point", "coordinates": [ -90.27129, 38.58454 ] } },
{ "type": "Feature", "properties": { "NIBRS_cat": "All Other Offenses", "crime_type": "Unspecified", "latitude": 38.584538, "longitude": -90.271294, "date": "9/30/2025" }, "geometry": { "type": "Point", "coordinates": [ -90.27129, 38.58454 ] } },
{ "type": "Feature", "properties": { "NIBRS_cat": "Drug Equipment Violations", "crime_type": "Society", "latitude": 38.584538, "longitude": -90.271294, "date": "9/30/2025" }, "geometry": { "type": "Point", "coordinates": [ -90.27129, 38.58454 ] } },
{ "type": "Feature", "properties": { "NIBRS_cat": "Drug Equipment Violations", "crime_type": "Society", "latitude": 38.584576, "longitude": -90.24176, "date": "8/31/2025" }, "geometry": { "type": "Point", "coordinates": [ -90.24176, 38.58458 ] } },
{ "type": "Feature", "properties": { "NIBRS_cat": "Drug/Narcotic Violations", "crime_type": "Society", "latitude": 38.584576, "longitude": -90.24176, "date": "8/31/2025" }, "geometry": { "type": "Point", "coordinates": [ -90.24176, 38.58458 ] } },
{ "type": "Feature", "properties": { "NIBRS_cat": "Drug Equipment Violations", "crime_type": "Society", "latitude": 38.584576, "longitude": -90.24176, "date": "8/31/2025" }, "geometry": { "type": "Point", "coordinates": [ -90.24176, 38.58458 ] } },
{ "type": "Feature", "properties": { "NIBRS_cat": "Drug/Narcotic Violations", "crime_type": "Society", "latitude": 38.584576, "longitude": -90.24176, "date": "8/31/2025" }, "geometry": { "type": "Point", "coordinates": [ -90.24176, 38.58458 ] } },
{ "type": "Feature", "properties": { "NIBRS_cat": "All Other Offenses", "crime_type": "Unspecified", "latitude": 38.584618, "longitude": -90.250954, "date": "9/11/2025" }, "geometry": { "type": "Point", "coordinates": [ -90.25095, 38.58462 ] } },
{ "type": "Feature", "properties": { "NIBRS_cat": "All Other Offenses", "crime_type": "Unspecified", "latitude": 38.584618, "longitude": -90.250954, "date": "9/11/2025" }, "geometry": { "type": "Point", "coordinates": [ -90.25095, 38.58462 ] } },
{ "type": "Feature", "properties": { "NIBRS_cat": "Aggravated Assault", "crime_type": "Person", "latitude": 38.584633, "longitude": -90.250961, "date": "9/24/2025" }, "geometry": { "type": "Point", "coordinates": [ -90.25096, 38.58463 ] } },
{ "type": "Feature", "properties": { "NIBRS_cat": "Destruction/Damage/Vandalism of Property", "crime_type": "Property", "latitude": 38.584633, "longitude": -90.250961, "date": "9/24/2025" }, "geometry": { "type": "Point", "coordinates": [ -90.25096, 38.58463 ] } },
{ "type": "Feature", "properties": { "NIBRS_cat": "Aggravated Assault", "crime_type": "Person", "latitude": 38.584633, "longitude": -90.250961, "date": "9/24/2025" }, "geometry": { "type": "Point", "coordinates": [ -90.25096, 38.58463 ] } },
{ "type": "Feature", "properties": { "NIBRS_cat": "Arson", "crime_type": "Property", "latitude": 38.584633, "longitude": -90.250961, "date": "9/29/2025" }, "geometry": { "type": "Point", "coordinates": [ -90.25096, 38.58463 ] } },
{ "type": "Feature", "properties": { "NIBRS_cat": "Arson", "crime_type": "Property", "latitude": 38.584633, "longitude": -90.250961, "date": "9/29/2025" }, "geometry": { "type": "Point", "coordinates": [ -90.25096, 38.58463 ] } },
{ "type": "Feature", "properties": { "NIBRS_cat": "Destruction/Damage/Vandalism of Property", "crime_type": "Property", "latitude": 38.584633, "longitude": -90.250961, "date": "9/24/2025" }, "geometry": { "type": "Point", "coordinates": [ -90.25096, 38.58463 ] } },
{ "type": "Feature", "properties": { "NIBRS_cat": "Weapons Law Violations", "crime_type": "Society", "latitude": 38.584633, "longitude": -90.250961, "date": "9/24/2025" }, "geometry": { "type": "Point", "coordinates": [ -90.25096, 38.58463 ] } },
{ "type": "Feature", "properties": { "NIBRS_cat": "Weapons Law Violations", "crime_type": "Society", "latitude": 38.584633, "longitude": -90.250961, "date": "9/24/2025" }, "geometry": { "type": "Point", "coordinates": [ -90.25096, 38.58463 ] } },
{ "type": "Feature", "properties": { "NIBRS_cat": "Intimidation", "crime_type": "Person", "latitude": 38.584633, "longitude": -90.250961, "date": "9/29/2025" }, "geometry": { "type": "Point", "coordinates": [ -90.25096, 38.58463 ] } },
{ "type": "Feature", "properties": { "NIBRS_cat": "Intimidation", "crime_type": "Person", "latitude": 38.584633, "longitude": -90.250961, "date": "9/29/2025" }, "geometry": { "type": "Point", "coordinates": [ -90.25096, 38.58463 ] } },
{ "type": "Feature", "properties": { "NIBRS_cat": "All Other Larceny", "crime_type": "Property", "latitude": 38.584648, "longitude": -90.220978, "date": "9/28/2025" }, "geometry": { "type": "Point", "coordinates": [ -90.22098, 38.58465 ] } },
{ "type": "Feature", "properties": { "NIBRS_cat": "All Other Larceny", "crime_type": "Property", "latitude": 38.584648, "longitude": -90.220978, "date": "9/28/2025" }, "geometry": { "type": "Point", "coordinates": [ -90.22098, 38.58465 ] } },
{ "type": "Feature", "properties": { "NIBRS_cat": "Theft From Motor Vehicle Parts/Accessories", "crime_type": "Property", "latitude": 38.584663, "longitude": -90.24826, "date": "9/9/2025" }, "geometry": { "type": "Point", "coordinates": [ -90.24826, 38.58466 ] } },
{ "type": "Feature", "properties": { "NIBRS_cat": "Theft From Motor Vehicle Parts/Accessories", "crime_type": "Property", "latitude": 38.584663, "longitude": -90.24826, "date": "9/9/2025" }, "geometry": { "type": "Point", "coordinates": [ -90.24826, 38.58466 ] } },
{ "type": "Feature", "properties": { "NIBRS_cat": "Weapons Law Violations", "crime_type": "Society", "latitude": 38.584682, "longitude": -90.223412, "date": "4/30/2025" }, "geometry": { "type": "Point", "coordinates": [ -90.22341, 38.58468 ] } },
{ "type": "Feature", "properties": { "NIBRS_cat": "Intimidation", "crime_type": "Person", "latitude": 38.584682, "longitude": -90.223412, "date": "4/30/2025" }, "geometry": { "type": "Point", "coordinates": [ -90.22341, 38.58468 ] } },
{ "type": "Feature", "properties": { "NIBRS_cat": "Weapons Law Violations", "crime_type": "Society", "latitude": 38.584682, "longitude": -90.223412, "date": "4/30/2025" }, "geometry": { "type": "Point", "coordinates": [ -90.22341, 38.58468 ] } },
{ "type": "Feature", "properties": { "NIBRS_cat": "Intimidation", "crime_type": "Person", "latitude": 38.584682, "longitude": -90.223412, "date": "4/30/2025" }, "geometry": { "type": "Point", "coordinates": [ -90.22341, 38.58468 ] } },
{ "type": "Feature", "properties": { "NIBRS_cat": "Theft From Building", "crime_type": "Property", "latitude": 38.584686, "longitude": -90.232262, "date": "9/1/2025" }, "geometry": { "type": "Point", "coordinates": [ -90.23226, 38.58469 ] } },
{ "type": "Feature", "properties": { "NIBRS_cat": "Destruction/Damage/Vandalism of Property", "crime_type": "Property", "latitude": 38.584686, "longitude": -90.232262, "date": "9/1/2025" }, "geometry": { "type": "Point", "coordinates": [ -90.23226, 38.58469 ] } },
{ "type": "Feature", "properties": { "NIBRS_cat": "Destruction/Damage/Vandalism of Property", "crime_type": "Property", "latitude": 38.584686, "longitude": -90.232262, "date": "9/1/2025" }, "geometry": { "type": "Point", "coordinates": [ -90.23226, 38.58469 ] } },
{ "type": "Feature", "properties": { "NIBRS_cat": "Theft From Building", "crime_type": "Property", "latitude": 38.584686, "longitude": -90.232262, "date": "9/1/2025" }, "geometry": { "type": "Point", "coordinates": [ -90.23226, 38.58469 ] } },
{ "type": "Feature", "properties": { "NIBRS_cat": "Simple Assault", "crime_type": "Person", "latitude": 38.584766, "longitude": -90.238068, "date": "6/8/2025" }, "geometry": { "type": "Point", "coordinates": [ -90.23807, 38.58477 ] } },
{ "type": "Feature", "properties": { "NIBRS_cat": "Simple Assault", "crime_type": "Person", "latitude": 38.584766, "longitude": -90.238068, "date": "6/8/2025" }, "geometry": { "type": "Point", "coordinates": [ -90.23807, 38.58477 ] } },
{ "type": "Feature", "properties": { "NIBRS_cat": "Aggravated Assault", "crime_type": "Person", "latitude": 38.584766, "longitude": -90.238068, "date": "6/8/2025" }, "geometry": { "type": "Point", "coordinates": [ -90.23807, 38.58477 ] } },
{ "type": "Feature", "properties": { "NIBRS_cat": "Simple Assault", "crime_type": "Person", "latitude": 38.584766, "longitude": -90.238068, "date": "6/8/2025" }, "geometry": { "type": "Point", "coordinates": [ -90.23807, 38.58477 ] } },
{ "type": "Feature", "properties": { "NIBRS_cat": "Simple Assault", "crime_type": "Person", "latitude": 38.584766, "longitude": -90.238068, "date": "6/8/2025" }, "geometry": { "type": "Point", "coordinates": [ -90.23807, 38.58477 ] } },
{ "type": "Feature", "properties": { "NIBRS_cat": "Aggravated Assault", "crime_type": "Person", "latitude": 38.584766, "longitude": -90.238068, "date": "6/8/2025" }, "geometry": { "type": "Point", "coordinates": [ -90.23807, 38.58477 ] } },
{ "type": "Feature", "properties": { "NIBRS_cat": "Weapons Law Violations", "crime_type": "Society", "latitude": 38.584839, "longitude": -90.240334, "date": "6/5/2024" }, "geometry": { "type": "Point", "coordinates": [ -90.24033, 38.58484 ] } },
{ "type": "Feature", "properties": { "NIBRS_cat": "Weapons Law Violations", "crime_type": "Society", "latitude": 38.584839, "longitude": -90.240334, "date": "6/5/2024" }, "geometry": { "type": "Point", "coordinates": [ -90.24033, 38.58484 ] } },
{ "type": "Feature", "properties": { "NIBRS_cat": "Burglary/Breaking and Entering", "crime_type": "Property", "latitude": 38.584877, "longitude": -90.250763, "date": "9/28/2025" }, "geometry": { "type": "Point", "coordinates": [ -90.25076, 38.58488 ] } },
{ "type": "Feature", "properties": { "NIBRS_cat": "Burglary/Breaking and Entering", "crime_type": "Property", "latitude": 38.584877, "longitude": -90.250763, "date": "9/28/2025" }, "geometry": { "type": "Point", "coordinates": [ -90.25076, 38.58488 ] } },
{ "type": "Feature", "properties": { "NIBRS_cat": "Simple Assault", "crime_type": "Person", "latitude": 38.584885, "longitude": -90.272507, "date": "9/3/2025" }, "geometry": { "type": "Point", "coordinates": [ -90.27251, 38.58488 ] } },
{ "type": "Feature", "properties": { "NIBRS_cat": "Simple Assault", "crime_type": "Person", "latitude": 38.584885, "longitude": -90.272507, "date": "9/3/2025" }, "geometry": { "type": "Point", "coordinates": [ -90.27251, 38.58488 ] } },
{ "type": "Feature", "properties": { "NIBRS_cat": "Robbery", "crime_type": "Person", "latitude": 38.584885, "longitude": -90.272507, "date": "9/3/2025" }, "geometry": { "type": "Point", "coordinates": [ -90.27251, 38.58488 ] } },
{ "type": "Feature", "properties": { "NIBRS_cat": "Simple Assault", "crime_type": "Person", "latitude": 38.584885, "longitude": -90.272507, "date": "9/3/2025" }, "geometry": { "type": "Point", "coordinates": [ -90.27251, 38.58488 ] } },
{ "type": "Feature", "properties": { "NIBRS_cat": "Robbery", "crime_type": "Person", "latitude": 38.584885, "longitude": -90.272507, "date": "9/3/2025" }, "geometry": { "type": "Point", "coordinates": [ -90.27251, 38.58488 ] } },
{ "type": "Feature", "properties": { "NIBRS_cat": "Simple Assault", "crime_type": "Person", "latitude": 38.584885, "longitude": -90.272507, "date": "9/3/2025" }, "geometry": { "type": "Point", "coordinates": [ -90.27251, 38.58488 ] } },
{ "type": "Feature", "properties": { "NIBRS_cat": "Burglary/Breaking and Entering", "crime_type": "Property", "latitude": 38.584911, "longitude": -90.239723, "date": "8/2/2025" }, "geometry": { "type": "Point", "coordinates": [ -90.23972, 38.58491 ] } },
{ "type": "Feature", "properties": { "NIBRS_cat": "Burglary/Breaking and Entering", "crime_type": "Property", "latitude": 38.584911, "longitude": -90.239723, "date": "8/2/2025" }, "geometry": { "type": "Point", "coordinates": [ -90.23972, 38.58491 ] } },
{ "type": "Feature", "properties": { "NIBRS_cat": "Destruction/Damage/Vandalism of Property", "crime_type": "Property", "latitude": 38.584938, "longitude": -90.23983, "date": "8/18/2024" }, "geometry": { "type": "Point", "coordinates": [ -90.23983, 38.58494 ] } },
{ "type": "Feature", "properties": { "NIBRS_cat": "Trespass of Real Property", "crime_type": "Society", "latitude": 38.584938, "longitude": -90.23983, "date": "8/18/2024" }, "geometry": { "type": "Point", "coordinates": [ -90.23983, 38.58494 ] } },
{ "type": "Feature", "properties": { "NIBRS_cat": "Trespass of Real Property", "crime_type": "Society", "latitude": 38.584938, "longitude": -90.23983, "date": "8/18/2024" }, "geometry": { "type": "Point", "coordinates": [ -90.23983, 38.58494 ] } },
{ "type": "Feature", "properties": { "NIBRS_cat": "Destruction/Damage/Vandalism of Property", "crime_type": "Property", "latitude": 38.584938, "longitude": -90.23983, "date": "8/18/2024" }, "geometry": { "type": "Point", "coordinates": [ -90.23983, 38.58494 ] } },
{ "type": "Feature", "properties": { "NIBRS_cat": "Burglary/Breaking and Entering", "crime_type": "Property", "latitude": 38.584938, "longitude": -90.23983, "date": "8/18/2024" }, "geometry": { "type": "Point", "coordinates": [ -90.23983, 38.58494 ] } },
{ "type": "Feature", "properties": { "NIBRS_cat": "Burglary/Breaking and Entering", "crime_type": "Property", "latitude": 38.584938, "longitude": -90.23983, "date": "8/18/2024" }, "geometry": { "type": "Point", "coordinates": [ -90.23983, 38.58494 ] } },
{ "type": "Feature", "properties": { "NIBRS_cat": "Robbery", "crime_type": "Person", "latitude": 38.584957, "longitude": -90.236305, "date": "9/18/2025" }, "geometry": { "type": "Point", "coordinates": [ -90.23631, 38.58496 ] } },
{ "type": "Feature", "properties": { "NIBRS_cat": "Robbery", "crime_type": "Person", "latitude": 38.584957, "longitude": -90.236305, "date": "9/18/2025" }, "geometry": { "type": "Point", "coordinates": [ -90.23631, 38.58496 ] } },
{ "type": "Feature", "properties": { "NIBRS_cat": "Sodomy", "crime_type": "Person", "latitude": 38.585011, "longitude": -90.232681, "date": "2/7/2021" }, "geometry": { "type": "Point", "coordinates": [ -90.23268, 38.58501 ] } },
{ "type": "Feature", "properties": { "NIBRS_cat": "Sodomy", "crime_type": "Person", "latitude": 38.585011, "longitude": -90.232681, "date": "2/7/2021" }, "geometry": { "type": "Point", "coordinates": [ -90.23268, 38.58501 ] } },
{ "type": "Feature", "properties": { "NIBRS_cat": "Destruction/Damage/Vandalism of Property", "crime_type": "Property", "latitude": 38.585049, "longitude": -90.23851, "date": "8/17/2025" }, "geometry": { "type": "Point", "coordinates": [ -90.23851, 38.58505 ] } },
{ "type": "Feature", "properties": { "NIBRS_cat": "Weapons Law Violations", "crime_type": "Society", "latitude": 38.585049, "longitude": -90.23851, "date": "8/17/2025" }, "geometry": { "type": "Point", "coordinates": [ -90.23851, 38.58505 ] } },
{ "type": "Feature", "properties": { "NIBRS_cat": "Weapons Law Violations", "crime_type": "Society", "latitude": 38.585049, "longitude": -90.23851, "date": "8/17/2025" }, "geometry": { "type": "Point", "coordinates": [ -90.23851, 38.58505 ] } },
{ "type": "Feature", "properties": { "NIBRS_cat": "Destruction/Damage/Vandalism of Property", "crime_type": "Property", "latitude": 38.585049, "longitude": -90.23851, "date": "8/17/2025" }, "geometry": { "type": "Point", "coordinates": [ -90.23851, 38.58505 ] } },
{ "type": "Feature", "properties": { "NIBRS_cat": "Theft From Building", "crime_type": "Property", "latitude": 38.585064, "longitude": -90.240265, "date": "8/29/2024" }, "geometry": { "type": "Point", "coordinates": [ -90.24026, 38.58506 ] } },
{ "type": "Feature", "properties": { "NIBRS_cat": "Burglary/Breaking and Entering", "crime_type": "Property", "latitude": 38.585064, "longitude": -90.240265, "date": "8/29/2024" }, "geometry": { "type": "Point", "coordinates": [ -90.24026, 38.58506 ] } },
{ "type": "Feature", "properties": { "NIBRS_cat": "Burglary/Breaking and Entering", "crime_type": "Property", "latitude": 38.585064, "longitude": -90.240265, "date": "8/29/2024" }, "geometry": { "type": "Point", "coordinates": [ -90.24026, 38.58506 ] } },
{ "type": "Feature", "properties": { "NIBRS_cat": "Theft From Building", "crime_type": "Property", "latitude": 38.585064, "longitude": -90.240265, "date": "8/29/2024" }, "geometry": { "type": "Point", "coordinates": [ -90.24026, 38.58506 ] } },
{ "type": "Feature", "properties": { "NIBRS_cat": "Theft From Building", "crime_type": "Property", "latitude": 38.585064, "longitude": -90.240265, "date": "8/29/2024" }, "geometry": { "type": "Point", "coordinates": [ -90.24026, 38.58506 ] } },
{ "type": "Feature", "properties": { "NIBRS_cat": "Theft From Building", "crime_type": "Property", "latitude": 38.585064, "longitude": -90.240265, "date": "8/29/2024" }, "geometry": { "type": "Point", "coordinates": [ -90.24026, 38.58506 ] } },
{ "type": "Feature", "properties": { "NIBRS_cat": "Motor Vehicle Theft", "crime_type": "Property", "latitude": 38.585068, "longitude": -90.249268, "date": "9/19/2025" }, "geometry": { "type": "Point", "coordinates": [ -90.24927, 38.58507 ] } },
{ "type": "Feature", "properties": { "NIBRS_cat": "Motor Vehicle Theft", "crime_type": "Property", "latitude": 38.585068, "longitude": -90.249268, "date": "9/19/2025" }, "geometry": { "type": "Point", "coordinates": [ -90.24927, 38.58507 ] } },
{ "type": "Feature", "properties": { "NIBRS_cat": "All Other Larceny", "crime_type": "Property", "latitude": 38.585087, "longitude": -90.266045, "date": "9/20/2025" }, "geometry": { "type": "Point", "coordinates": [ -90.26605, 38.58509 ] } },
{ "type": "Feature", "properties": { "NIBRS_cat": "All Other Larceny", "crime_type": "Property", "latitude": 38.585087, "longitude": -90.266045, "date": "9/20/2025" }, "geometry": { "type": "Point", "coordinates": [ -90.26605, 38.58509 ] } },
{ "type": "Feature", "properties": { "NIBRS_cat": "All Other Larceny", "crime_type": "Property", "latitude": 38.585094, "longitude": -90.24086, "date": "9/27/2025" }, "geometry": { "type": "Point", "coordinates": [ -90.24086, 38.58509 ] } },
{ "type": "Feature", "properties": { "NIBRS_cat": "All Other Larceny", "crime_type": "Property", "latitude": 38.585094, "longitude": -90.24086, "date": "9/27/2025" }, "geometry": { "type": "Point", "coordinates": [ -90.24086, 38.58509 ] } },
{ "type": "Feature", "properties": { "NIBRS_cat": "Weapons Law Violations", "crime_type": "Society", "latitude": 38.585171, "longitude": -90.242661, "date": "9/20/2025" }, "geometry": { "type": "Point", "coordinates": [ -90.24266, 38.58517 ] } },
{ "type": "Feature", "properties": { "NIBRS_cat": "Weapons Law Violations", "crime_type": "Society", "latitude": 38.585171, "longitude": -90.242661, "date": "9/20/2025" }, "geometry": { "type": "Point", "coordinates": [ -90.24266, 38.58517 ] } },
{ "type": "Feature", "properties": { "NIBRS_cat": "Destruction/Damage/Vandalism of Property", "crime_type": "Property", "latitude": 38.585224, "longitude": -90.272537, "date": "9/24/2025" }, "geometry": { "type": "Point", "coordinates": [ -90.27254, 38.58522 ] } },
{ "type": "Feature", "properties": { "NIBRS_cat": "Destruction/Damage/Vandalism of Property", "crime_type": "Property", "latitude": 38.585224, "longitude": -90.272537, "date": "9/24/2025" }, "geometry": { "type": "Point", "coordinates": [ -90.27254, 38.58522 ] } },
{ "type": "Feature", "properties": { "NIBRS_cat": "Destruction/Damage/Vandalism of Property", "crime_type": "Property", "latitude": 38.585236, "longitude": -90.248161, "date": "8/14/2025" }, "geometry": { "type": "Point", "coordinates": [ -90.24816, 38.58524 ] } },
{ "type": "Feature", "properties": { "NIBRS_cat": "Destruction/Damage/Vandalism of Property", "crime_type": "Property", "latitude": 38.585236, "longitude": -90.248161, "date": "8/14/2025" }, "geometry": { "type": "Point", "coordinates": [ -90.24816, 38.58524 ] } },
{ "type": "Feature", "properties": { "NIBRS_cat": "Weapons Law Violations", "crime_type": "Society", "latitude": 38.585236, "longitude": -90.248161, "date": "8/14/2025" }, "geometry": { "type": "Point", "coordinates": [ -90.24816, 38.58524 ] } },
{ "type": "Feature", "properties": { "NIBRS_cat": "Weapons Law Violations", "crime_type": "Society", "latitude": 38.585236, "longitude": -90.248161, "date": "8/14/2025" }, "geometry": { "type": "Point", "coordinates": [ -90.24816, 38.58524 ] } },
{ "type": "Feature", "properties": { "NIBRS_cat": "All Other Offenses", "crime_type": "Unspecified", "latitude": 38.585251, "longitude": -90.234222, "date": "9/28/2025" }, "geometry": { "type": "Point", "coordinates": [ -90.23422, 38.58525 ] } },
{ "type": "Feature", "properties": { "NIBRS_cat": "All Other Offenses", "crime_type": "Unspecified", "latitude": 38.585251, "longitude": -90.234222, "date": "9/28/2025" }, "geometry": { "type": "Point", "coordinates": [ -90.23422, 38.58525 ] } },
{ "type": "Feature", "properties": { "NIBRS_cat": "Aggravated Assault", "crime_type": "Person", "latitude": 38.585323, "longitude": -90.243973, "date": "8/20/2025" }, "geometry": { "type": "Point", "coordinates": [ -90.24397, 38.58532 ] } },
{ "type": "Feature", "properties": { "NIBRS_cat": "Aggravated Assault", "crime_type": "Person", "latitude": 38.585323, "longitude": -90.243973, "date": "8/20/2025" }, "geometry": { "type": "Point", "coordinates": [ -90.24397, 38.58532 ] } },
{ "type": "Feature", "properties": { "NIBRS_cat": "All Other Offenses", "crime_type": "Unspecified", "latitude": 38.585323, "longitude": -90.243973, "date": "8/20/2025" }, "geometry": { "type": "Point", "coordinates": [ -90.24397, 38.58532 ] } },
{ "type": "Feature", "properties": { "NIBRS_cat": "All Other Offenses", "crime_type": "Unspecified", "latitude": 38.585323, "longitude": -90.243973, "date": "8/20/2025" }, "geometry": { "type": "Point", "coordinates": [ -90.24397, 38.58532 ] } },
{ "type": "Feature", "properties": { "NIBRS_cat": "Destruction/Damage/Vandalism of Property", "crime_type": "Property", "latitude": 38.585358, "longitude": -90.236954, "date": "9/15/2025" }, "geometry": { "type": "Point", "coordinates": [ -90.23695, 38.58536 ] } },
{ "type": "Feature", "properties": { "NIBRS_cat": "Destruction/Damage/Vandalism of Property", "crime_type": "Property", "latitude": 38.585358, "longitude": -90.236954, "date": "9/15/2025" }, "geometry": { "type": "Point", "coordinates": [ -90.23695, 38.58536 ] } },
{ "type": "Feature", "properties": { "NIBRS_cat": "Theft From Building", "crime_type": "Property", "latitude": 38.585358, "longitude": -90.236954, "date": "9/15/2025" }, "geometry": { "type": "Point", "coordinates": [ -90.23695, 38.58536 ] } },
{ "type": "Feature", "properties": { "NIBRS_cat": "Theft From Building", "crime_type": "Property", "latitude": 38.585358, "longitude": -90.236954, "date": "9/15/2025" }, "geometry": { "type": "Point", "coordinates": [ -90.23695, 38.58536 ] } },
{ "type": "Feature", "properties": { "NIBRS_cat": "Theft From Building", "crime_type": "Property", "latitude": 38.585419, "longitude": -90.274292, "date": "8/27/2025" }, "geometry": { "type": "Point", "coordinates": [ -90.27429, 38.58542 ] } },
{ "type": "Feature", "properties": { "NIBRS_cat": "Theft From Building", "crime_type": "Property", "latitude": 38.585419, "longitude": -90.274292, "date": "8/27/2025" }, "geometry": { "type": "Point", "coordinates": [ -90.27429, 38.58542 ] } },
{ "type": "Feature", "properties": { "NIBRS_cat": "All Other Offenses", "crime_type": "Unspecified", "latitude": 38.585484, "longitude": -90.22657, "date": "9/20/2025" }, "geometry": { "type": "Point", "coordinates": [ -90.22657, 38.58548 ] } },
{ "type": "Feature", "properties": { "NIBRS_cat": "All Other Offenses", "crime_type": "Unspecified", "latitude": 38.585484, "longitude": -90.22657, "date": "9/20/2025" }, "geometry": { "type": "Point", "coordinates": [ -90.22657, 38.58548 ] } },
{ "type": "Feature", "properties": { "NIBRS_cat": "False Pretense/Swindle/Confidence Game", "crime_type": "Property", "latitude": 38.585495, "longitude": -90.23243, "date": "9/21/2025" }, "geometry": { "type": "Point", "coordinates": [ -90.23243, 38.5855 ] } },
{ "type": "Feature", "properties": { "NIBRS_cat": "False Pretense/Swindle/Confidence Game", "crime_type": "Property", "latitude": 38.585495, "longitude": -90.23243, "date": "9/21/2025" }, "geometry": { "type": "Point", "coordinates": [ -90.23243, 38.5855 ] } },
{ "type": "Feature", "properties": { "NIBRS_cat": "Weapons Law Violations", "crime_type": "Society", "latitude": 38.585533, "longitude": -90.244965, "date": "8/25/2025" }, "geometry": { "type": "Point", "coordinates": [ -90.24496, 38.58553 ] } },
{ "type": "Feature", "properties": { "NIBRS_cat": "All Other Offenses", "crime_type": "Unspecified", "latitude": 38.585533, "longitude": -90.244965, "date": "8/25/2025" }, "geometry": { "type": "Point", "coordinates": [ -90.24496, 38.58553 ] } },
{ "type": "Feature", "properties": { "NIBRS_cat": "Stolen Property Offenses", "crime_type": "Property", "latitude": 38.585533, "longitude": -90.244965, "date": "8/25/2025" }, "geometry": { "type": "Point", "coordinates": [ -90.24496, 38.58553 ] } },
{ "type": "Feature", "properties": { "NIBRS_cat": "Weapons Law Violations", "crime_type": "Society", "latitude": 38.585533, "longitude": -90.244965, "date": "8/25/2025" }, "geometry": { "type": "Point", "coordinates": [ -90.24496, 38.58553 ] } },
{ "type": "Feature", "properties": { "NIBRS_cat": "All Other Offenses", "crime_type": "Unspecified", "latitude": 38.585533, "longitude": -90.244965, "date": "8/25/2025" }, "geometry": { "type": "Point", "coordinates": [ -90.24496, 38.58553 ] } },
{ "type": "Feature", "properties": { "NIBRS_cat": "Stolen Property Offenses", "crime_type": "Property", "latitude": 38.585533, "longitude": -90.244965, "date": "8/25/2025" }, "geometry": { "type": "Point", "coordinates": [ -90.24496, 38.58553 ] } },
{ "type": "Feature", "properties": { "NIBRS_cat": "All Other Offenses", "crime_type": "Unspecified", "latitude": 38.585537, "longitude": -90.25264, "date": "9/28/2025" }, "geometry": { "type": "Point", "coordinates": [ -90.25264, 38.58554 ] } },
{ "type": "Feature", "properties": { "NIBRS_cat": "All Other Offenses", "crime_type": "Unspecified", "latitude": 38.585537, "longitude": -90.25264, "date": "9/28/2025" }, "geometry": { "type": "Point", "coordinates": [ -90.25264, 38.58554 ] } },
{ "type": "Feature", "properties": { "NIBRS_cat": "All Other Offenses", "crime_type": "Unspecified", "latitude": 38.585583, "longitude": -90.252861, "date": "9/11/2025" }, "geometry": { "type": "Point", "coordinates": [ -90.25286, 38.58558 ] } },
{ "type": "Feature", "properties": { "NIBRS_cat": "Aggravated Assault", "crime_type": "Person", "latitude": 38.585583, "longitude": -90.233154, "date": "9/10/2023" }, "geometry": { "type": "Point", "coordinates": [ -90.23315, 38.58558 ] } },
{ "type": "Feature", "properties": { "NIBRS_cat": "Simple Assault", "crime_type": "Person", "latitude": 38.585583, "longitude": -90.252861, "date": "9/20/2025" }, "geometry": { "type": "Point", "coordinates": [ -90.25286, 38.58558 ] } },
{ "type": "Feature", "properties": { "NIBRS_cat": "Simple Assault", "crime_type": "Person", "latitude": 38.585583, "longitude": -90.252861, "date": "9/20/2025" }, "geometry": { "type": "Point", "coordinates": [ -90.25286, 38.58558 ] } },
{ "type": "Feature", "properties": { "NIBRS_cat": "All Other Larceny", "crime_type": "Property", "latitude": 38.585583, "longitude": -90.263451, "date": "9/16/2025" }, "geometry": { "type": "Point", "coordinates": [ -90.26345, 38.58558 ] } },
{ "type": "Feature", "properties": { "NIBRS_cat": "Identity Theft", "crime_type": "Property", "latitude": 38.585583, "longitude": -90.263451, "date": "9/16/2025" }, "geometry": { "type": "Point", "coordinates": [ -90.26345, 38.58558 ] } },
{ "type": "Feature", "properties": { "NIBRS_cat": "All Other Larceny", "crime_type": "Property", "latitude": 38.585583, "longitude": -90.263451, "date": "9/16/2025" }, "geometry": { "type": "Point", "coordinates": [ -90.26345, 38.58558 ] } },
{ "type": "Feature", "properties": { "NIBRS_cat": "All Other Offenses", "crime_type": "Unspecified", "latitude": 38.585583, "longitude": -90.252861, "date": "9/11/2025" }, "geometry": { "type": "Point", "coordinates": [ -90.25286, 38.58558 ] } },
{ "type": "Feature", "properties": { "NIBRS_cat": "Aggravated Assault", "crime_type": "Person", "latitude": 38.585583, "longitude": -90.233154, "date": "9/10/2023" }, "geometry": { "type": "Point", "coordinates": [ -90.23315, 38.58558 ] } },
{ "type": "Feature", "properties": { "NIBRS_cat": "Identity Theft", "crime_type": "Property", "latitude": 38.585583, "longitude": -90.263451, "date": "9/16/2025" }, "geometry": { "type": "Point", "coordinates": [ -90.26345, 38.58558 ] } },
{ "type": "Feature", "properties": { "NIBRS_cat": "Theft From Motor Vehicle", "crime_type": "Property", "latitude": 38.585594, "longitude": -90.24971, "date": "9/10/2025" }, "geometry": { "type": "Point", "coordinates": [ -90.24971, 38.58559 ] } },
{ "type": "Feature", "properties": { "NIBRS_cat": "Destruction/Damage/Vandalism of Property", "crime_type": "Property", "latitude": 38.585594, "longitude": -90.24971, "date": "9/10/2025" }, "geometry": { "type": "Point", "coordinates": [ -90.24971, 38.58559 ] } },
{ "type": "Feature", "properties": { "NIBRS_cat": "Destruction/Damage/Vandalism of Property", "crime_type": "Property", "latitude": 38.585594, "longitude": -90.24971, "date": "9/10/2025" }, "geometry": { "type": "Point", "coordinates": [ -90.24971, 38.58559 ] } },
{ "type": "Feature", "properties": { "NIBRS_cat": "Theft From Motor Vehicle", "crime_type": "Property", "latitude": 38.585594, "longitude": -90.24971, "date": "9/10/2025" }, "geometry": { "type": "Point", "coordinates": [ -90.24971, 38.58559 ] } },
{ "type": "Feature", "properties": { "NIBRS_cat": "Simple Assault", "crime_type": "Person", "latitude": 38.585644, "longitude": -90.232552, "date": "9/26/2025" }, "geometry": { "type": "Point", "coordinates": [ -90.23255, 38.58564 ] } },
{ "type": "Feature", "properties": { "NIBRS_cat": "Destruction/Damage/Vandalism of Property", "crime_type": "Property", "latitude": 38.585644, "longitude": -90.232552, "date": "9/26/2025" }, "geometry": { "type": "Point", "coordinates": [ -90.23255, 38.58564 ] } },
{ "type": "Feature", "properties": { "NIBRS_cat": "Destruction/Damage/Vandalism of Property", "crime_type": "Property", "latitude": 38.585644, "longitude": -90.232552, "date": "9/26/2025" }, "geometry": { "type": "Point", "coordinates": [ -90.23255, 38.58564 ] } },
{ "type": "Feature", "properties": { "NIBRS_cat": "Simple Assault", "crime_type": "Person", "latitude": 38.585644, "longitude": -90.232552, "date": "9/26/2025" }, "geometry": { "type": "Point", "coordinates": [ -90.23255, 38.58564 ] } },
{ "type": "Feature", "properties": { "NIBRS_cat": "Theft From Motor Vehicle", "crime_type": "Property", "latitude": 38.585781, "longitude": -90.240845, "date": "9/27/2025" }, "geometry": { "type": "Point", "coordinates": [ -90.24084, 38.58578 ] } },
{ "type": "Feature", "properties": { "NIBRS_cat": "Theft From Motor Vehicle", "crime_type": "Property", "latitude": 38.585781, "longitude": -90.240845, "date": "9/27/2025" }, "geometry": { "type": "Point", "coordinates": [ -90.24084, 38.58578 ] } },
{ "type": "Feature", "properties": { "NIBRS_cat": "Theft From Building", "crime_type": "Property", "latitude": 38.585819, "longitude": -90.218681, "date": "9/30/2025" }, "geometry": { "type": "Point", "coordinates": [ -90.21868, 38.58582 ] } },
{ "type": "Feature", "properties": { "NIBRS_cat": "Theft From Building", "crime_type": "Property", "latitude": 38.585819, "longitude": -90.218681, "date": "9/30/2025" }, "geometry": { "type": "Point", "coordinates": [ -90.21868, 38.58582 ] } },
{ "type": "Feature", "properties": { "NIBRS_cat": "Burglary/Breaking and Entering", "crime_type": "Property", "latitude": 38.585823, "longitude": -90.23201, "date": "9/11/2025" }, "geometry": { "type": "Point", "coordinates": [ -90.23201, 38.58582 ] } },
{ "type": "Feature", "properties": { "NIBRS_cat": "Burglary/Breaking and Entering", "crime_type": "Property", "latitude": 38.585823, "longitude": -90.23201, "date": "9/11/2025" }, "geometry": { "type": "Point", "coordinates": [ -90.23201, 38.58582 ] } },
{ "type": "Feature", "properties": { "NIBRS_cat": "Theft From Motor Vehicle Parts/Accessories", "crime_type": "Property", "latitude": 38.58585, "longitude": -90.247742, "date": "9/10/2025" }, "geometry": { "type": "Point", "coordinates": [ -90.24774, 38.58585 ] } },
{ "type": "Feature", "properties": { "NIBRS_cat": "Theft From Motor Vehicle Parts/Accessories", "crime_type": "Property", "latitude": 38.58585, "longitude": -90.247742, "date": "9/10/2025" }, "geometry": { "type": "Point", "coordinates": [ -90.24774, 38.58585 ] } },
{ "type": "Feature", "properties": { "NIBRS_cat": "Simple Assault", "crime_type": "Person", "latitude": 38.585857, "longitude": -90.247734, "date": "9/18/2025" }, "geometry": { "type": "Point", "coordinates": [ -90.24773, 38.58586 ] } },
{ "type": "Feature", "properties": { "NIBRS_cat": "Simple Assault", "crime_type": "Person", "latitude": 38.585857, "longitude": -90.247734, "date": "9/18/2025" }, "geometry": { "type": "Point", "coordinates": [ -90.24773, 38.58586 ] } },
{ "type": "Feature", "properties": { "NIBRS_cat": "Aggravated Assault", "crime_type": "Person", "latitude": 38.585861, "longitude": -90.237968, "date": "9/18/2025" }, "geometry": { "type": "Point", "coordinates": [ -90.23797, 38.58586 ] } },
{ "type": "Feature", "properties": { "NIBRS_cat": "Intimidation", "crime_type": "Person", "latitude": 38.585861, "longitude": -90.237968, "date": "9/18/2025" }, "geometry": { "type": "Point", "coordinates": [ -90.23797, 38.58586 ] } },
{ "type": "Feature", "properties": { "NIBRS_cat": "Intimidation", "crime_type": "Person", "latitude": 38.585861, "longitude": -90.237968, "date": "9/18/2025" }, "geometry": { "type": "Point", "coordinates": [ -90.23797, 38.58586 ] } },
{ "type": "Feature", "properties": { "NIBRS_cat": "Aggravated Assault", "crime_type": "Person", "latitude": 38.585861, "longitude": -90.237968, "date": "9/18/2025" }, "geometry": { "type": "Point", "coordinates": [ -90.23797, 38.58586 ] } },
{ "type": "Feature", "properties": { "NIBRS_cat": "Destruction/Damage/Vandalism of Property", "crime_type": "Property", "latitude": 38.585861, "longitude": -90.237968, "date": "9/18/2025" }, "geometry": { "type": "Point", "coordinates": [ -90.23797, 38.58586 ] } },
{ "type": "Feature", "properties": { "NIBRS_cat": "Simple Assault", "crime_type": "Person", "latitude": 38.585861, "longitude": -90.237968, "date": "9/18/2025" }, "geometry": { "type": "Point", "coordinates": [ -90.23797, 38.58586 ] } },
{ "type": "Feature", "properties": { "NIBRS_cat": "Burglary/Breaking and Entering", "crime_type": "Property", "latitude": 38.585861, "longitude": -90.237968, "date": "9/18/2025" }, "geometry": { "type": "Point", "coordinates": [ -90.23797, 38.58586 ] } },
{ "type": "Feature", "properties": { "NIBRS_cat": "Weapons Law Violations", "crime_type": "Society", "latitude": 38.585861, "longitude": -90.237968, "date": "9/18/2025" }, "geometry": { "type": "Point", "coordinates": [ -90.23797, 38.58586 ] } },
{ "type": "Feature", "properties": { "NIBRS_cat": "Simple Assault", "crime_type": "Person", "latitude": 38.585861, "longitude": -90.237968, "date": "9/18/2025" }, "geometry": { "type": "Point", "coordinates": [ -90.23797, 38.58586 ] } },
{ "type": "Feature", "properties": { "NIBRS_cat": "Weapons Law Violations", "crime_type": "Society", "latitude": 38.585861, "longitude": -90.237968, "date": "9/18/2025" }, "geometry": { "type": "Point", "coordinates": [ -90.23797, 38.58586 ] } },
{ "type": "Feature", "properties": { "NIBRS_cat": "Destruction/Damage/Vandalism of Property", "crime_type": "Property", "latitude": 38.585861, "longitude": -90.237968, "date": "9/18/2025" }, "geometry": { "type": "Point", "coordinates": [ -90.23797, 38.58586 ] } },
{ "type": "Feature", "properties": { "NIBRS_cat": "Burglary/Breaking and Entering", "crime_type": "Property", "latitude": 38.585861, "longitude": -90.237968, "date": "9/18/2025" }, "geometry": { "type": "Point", "coordinates": [ -90.23797, 38.58586 ] } },
{ "type": "Feature", "properties": { "NIBRS_cat": "Motor Vehicle Theft", "crime_type": "Property", "latitude": 38.585876, "longitude": -90.247116, "date": "9/8/2025" }, "geometry": { "type": "Point", "coordinates": [ -90.24712, 38.58588 ] } },
{ "type": "Feature", "properties": { "NIBRS_cat": "Motor Vehicle Theft", "crime_type": "Property", "latitude": 38.585876, "longitude": -90.247116, "date": "9/8/2025" }, "geometry": { "type": "Point", "coordinates": [ -90.24712, 38.58588 ] } },
{ "type": "Feature", "properties": { "NIBRS_cat": "Weapons Law Violations", "crime_type": "Society", "latitude": 38.585888, "longitude": -90.23082, "date": "12/31/2024" }, "geometry": { "type": "Point", "coordinates": [ -90.23082, 38.58589 ] } },
{ "type": "Feature", "properties": { "NIBRS_cat": "Weapons Law Violations", "crime_type": "Society", "latitude": 38.585888, "longitude": -90.23082, "date": "12/31/2024" }, "geometry": { "type": "Point", "coordinates": [ -90.23082, 38.58589 ] } },
{ "type": "Feature", "properties": { "NIBRS_cat": "Simple Assault", "crime_type": "Person", "latitude": 38.585911, "longitude": -90.221771, "date": "9/21/2025" }, "geometry": { "type": "Point", "coordinates": [ -90.22177, 38.58591 ] } },
{ "type": "Feature", "properties": { "NIBRS_cat": "Weapons Law Violations", "crime_type": "Society", "latitude": 38.585911, "longitude": -90.221771, "date": "9/21/2025" }, "geometry": { "type": "Point", "coordinates": [ -90.22177, 38.58591 ] } },
{ "type": "Feature", "properties": { "NIBRS_cat": "Simple Assault", "crime_type": "Person", "latitude": 38.585911, "longitude": -90.221771, "date": "9/21/2025" }, "geometry": { "type": "Point", "coordinates": [ -90.22177, 38.58591 ] } },
{ "type": "Feature", "properties": { "NIBRS_cat": "Weapons Law Violations", "crime_type": "Society", "latitude": 38.585911, "longitude": -90.221771, "date": "9/21/2025" }, "geometry": { "type": "Point", "coordinates": [ -90.22177, 38.58591 ] } },
{ "type": "Feature", "properties": { "NIBRS_cat": "Destruction/Damage/Vandalism of Property", "crime_type": "Property", "latitude": 38.585911, "longitude": -90.221771, "date": "9/21/2025" }, "geometry": { "type": "Point", "coordinates": [ -90.22177, 38.58591 ] } },
{ "type": "Feature", "properties": { "NIBRS_cat": "Weapons Law Violations", "crime_type": "Society", "latitude": 38.585911, "longitude": -90.221771, "date": "9/21/2025" }, "geometry": { "type": "Point", "coordinates": [ -90.22177, 38.58591 ] } },
{ "type": "Feature", "properties": { "NIBRS_cat": "Destruction/Damage/Vandalism of Property", "crime_type": "Property", "latitude": 38.585911, "longitude": -90.221771, "date": "9/21/2025" }, "geometry": { "type": "Point", "coordinates": [ -90.22177, 38.58591 ] } },
{ "type": "Feature", "properties": { "NIBRS_cat": "Weapons Law Violations", "crime_type": "Society", "latitude": 38.585911, "longitude": -90.221771, "date": "9/21/2025" }, "geometry": { "type": "Point", "coordinates": [ -90.22177, 38.58591 ] } },
{ "type": "Feature", "properties": { "NIBRS_cat": "Weapons Law Violations", "crime_type": "Society", "latitude": 38.585915, "longitude": -90.230408, "date": "9/11/2025" }, "geometry": { "type": "Point", "coordinates": [ -90.23041, 38.58591 ] } },
{ "type": "Feature", "properties": { "NIBRS_cat": "Weapons Law Violations", "crime_type": "Society", "latitude": 38.585915, "longitude": -90.230408, "date": "9/11/2025" }, "geometry": { "type": "Point", "coordinates": [ -90.23041, 38.58591 ] } },
{ "type": "Feature", "properties": { "NIBRS_cat": "Disorderly Conduct", "crime_type": "Society", "latitude": 38.585979, "longitude": -90.242004, "date": "6/9/2025" }, "geometry": { "type": "Point", "coordinates": [ -90.242, 38.58598 ] } },
{ "type": "Feature", "properties": { "NIBRS_cat": "Disorderly Conduct", "crime_type": "Society", "latitude": 38.585979, "longitude": -90.242004, "date": "6/9/2025" }, "geometry": { "type": "Point", "coordinates": [ -90.242, 38.58598 ] } },
{ "type": "Feature", "properties": { "NIBRS_cat": "Destruction/Damage/Vandalism of Property", "crime_type": "Property", "latitude": 38.585999, "longitude": -90.224258, "date": "9/15/2025" }, "geometry": { "type": "Point", "coordinates": [ -90.22426, 38.586 ] } },
{ "type": "Feature", "properties": { "NIBRS_cat": "Destruction/Damage/Vandalism of Property", "crime_type": "Property", "latitude": 38.585999, "longitude": -90.224258, "date": "9/15/2025" }, "geometry": { "type": "Point", "coordinates": [ -90.22426, 38.586 ] } },
{ "type": "Feature", "properties": { "NIBRS_cat": "Weapons Law Violations", "crime_type": "Society", "latitude": 38.586014, "longitude": -90.239487, "date": "9/21/2025" }, "geometry": { "type": "Point", "coordinates": [ -90.23949, 38.58601 ] } },
{ "type": "Feature", "properties": { "NIBRS_cat": "Weapons Law Violations", "crime_type": "Society", "latitude": 38.586014, "longitude": -90.239487, "date": "9/21/2025" }, "geometry": { "type": "Point", "coordinates": [ -90.23949, 38.58601 ] } },
{ "type": "Feature", "properties": { "NIBRS_cat": "All Other Offenses", "crime_type": "Unspecified", "latitude": 38.58614, "longitude": -90.227013, "date": "9/28/2025" }, "geometry": { "type": "Point", "coordinates": [ -90.22701, 38.58614 ] } },
{ "type": "Feature", "properties": { "NIBRS_cat": "All Other Offenses", "crime_type": "Unspecified", "latitude": 38.58614, "longitude": -90.227013, "date": "9/28/2025" }, "geometry": { "type": "Point", "coordinates": [ -90.22701, 38.58614 ] } },
{ "type": "Feature", "properties": { "NIBRS_cat": "Intimidation", "crime_type": "Person", "latitude": 38.586212, "longitude": -90.261429, "date": "9/2/2025" }, "geometry": { "type": "Point", "coordinates": [ -90.26143, 38.58621 ] } },
{ "type": "Feature", "properties": { "NIBRS_cat": "Intimidation", "crime_type": "Person", "latitude": 38.586212, "longitude": -90.261429, "date": "9/2/2025" }, "geometry": { "type": "Point", "coordinates": [ -90.26143, 38.58621 ] } },
{ "type": "Feature", "properties": { "NIBRS_cat": "Intimidation", "crime_type": "Person", "latitude": 38.586212, "longitude": -90.261429, "date": "9/2/2025" }, "geometry": { "type": "Point", "coordinates": [ -90.26143, 38.58621 ] } },
{ "type": "Feature", "properties": { "NIBRS_cat": "Intimidation", "crime_type": "Person", "latitude": 38.586212, "longitude": -90.261429, "date": "9/2/2025" }, "geometry": { "type": "Point", "coordinates": [ -90.26143, 38.58621 ] } },
{ "type": "Feature", "properties": { "NIBRS_cat": "Intimidation", "crime_type": "Person", "latitude": 38.586212, "longitude": -90.261429, "date": "9/2/2025" }, "geometry": { "type": "Point", "coordinates": [ -90.26143, 38.58621 ] } },
{ "type": "Feature", "properties": { "NIBRS_cat": "Intimidation", "crime_type": "Person", "latitude": 38.586212, "longitude": -90.261429, "date": "9/2/2025" }, "geometry": { "type": "Point", "coordinates": [ -90.26143, 38.58621 ] } },
{ "type": "Feature", "properties": { "NIBRS_cat": "All Other Larceny", "crime_type": "Property", "latitude": 38.586239, "longitude": -90.268806, "date": "9/20/2025" }, "geometry": { "type": "Point", "coordinates": [ -90.26881, 38.58624 ] } },
{ "type": "Feature", "properties": { "NIBRS_cat": "All Other Larceny", "crime_type": "Property", "latitude": 38.586239, "longitude": -90.268806, "date": "9/20/2025" }, "geometry": { "type": "Point", "coordinates": [ -90.26881, 38.58624 ] } },
{ "type": "Feature", "properties": { "NIBRS_cat": "Arson", "crime_type": "Property", "latitude": 38.586273, "longitude": -90.261292, "date": "8/29/2025" }, "geometry": { "type": "Point", "coordinates": [ -90.26129, 38.58627 ] } },
{ "type": "Feature", "properties": { "NIBRS_cat": "Arson", "crime_type": "Property", "latitude": 38.586273, "longitude": -90.261292, "date": "8/29/2025" }, "geometry": { "type": "Point", "coordinates": [ -90.26129, 38.58627 ] } },
{ "type": "Feature", "properties": { "NIBRS_cat": "Disorderly Conduct", "crime_type": "Society", "latitude": 38.586281, "longitude": -90.276001, "date": "9/9/2025" }, "geometry": { "type": "Point", "coordinates": [ -90.276, 38.58628 ] } },
{ "type": "Feature", "properties": { "NIBRS_cat": "Disorderly Conduct", "crime_type": "Society", "latitude": 38.586281, "longitude": -90.276001, "date": "9/9/2025" }, "geometry": { "type": "Point", "coordinates": [ -90.276, 38.58628 ] } },
{ "type": "Feature", "properties": { "NIBRS_cat": "Stolen Property Offenses", "crime_type": "Property", "latitude": 38.586304, "longitude": -90.234848, "date": "9/3/2025" }, "geometry": { "type": "Point", "coordinates": [ -90.23485, 38.5863 ] } },
{ "type": "Feature", "properties": { "NIBRS_cat": "Stolen Property Offenses", "crime_type": "Property", "latitude": 38.586304, "longitude": -90.234848, "date": "9/3/2025" }, "geometry": { "type": "Point", "coordinates": [ -90.23485, 38.5863 ] } },
{ "type": "Feature", "properties": { "NIBRS_cat": "Aggravated Assault", "crime_type": "Person", "latitude": 38.586315, "longitude": -90.251953, "date": "9/14/2025" }, "geometry": { "type": "Point", "coordinates": [ -90.25195, 38.58631 ] } },
{ "type": "Feature", "properties": { "NIBRS_cat": "Aggravated Assault", "crime_type": "Person", "latitude": 38.586315, "longitude": -90.251953, "date": "9/14/2025" }, "geometry": { "type": "Point", "coordinates": [ -90.25195, 38.58631 ] } },
{ "type": "Feature", "properties": { "NIBRS_cat": "Destruction/Damage/Vandalism of Property", "crime_type": "Property", "latitude": 38.586369, "longitude": -90.235298, "date": "9/27/2025" }, "geometry": { "type": "Point", "coordinates": [ -90.2353, 38.58637 ] } },
{ "type": "Feature", "properties": { "NIBRS_cat": "Destruction/Damage/Vandalism of Property", "crime_type": "Property", "latitude": 38.586369, "longitude": -90.235298, "date": "9/27/2025" }, "geometry": { "type": "Point", "coordinates": [ -90.2353, 38.58637 ] } },
{ "type": "Feature", "properties": { "NIBRS_cat": "Destruction/Damage/Vandalism of Property", "crime_type": "Property", "latitude": 38.586391, "longitude": -90.217216, "date": "5/4/2025" }, "geometry": { "type": "Point", "coordinates": [ -90.21722, 38.58639 ] } },
{ "type": "Feature", "properties": { "NIBRS_cat": "Drug/Narcotic Violations", "crime_type": "Society", "latitude": 38.586391, "longitude": -90.217216, "date": "10/14/2021" }, "geometry": { "type": "Point", "coordinates": [ -90.21722, 38.58639 ] } },
{ "type": "Feature", "properties": { "NIBRS_cat": "Weapons Law Violations", "crime_type": "Society", "latitude": 38.586391, "longitude": -90.217216, "date": "10/14/2021" }, "geometry": { "type": "Point", "coordinates": [ -90.21722, 38.58639 ] } },
{ "type": "Feature", "properties": { "NIBRS_cat": "Destruction/Damage/Vandalism of Property", "crime_type": "Property", "latitude": 38.586391, "longitude": -90.217216, "date": "5/4/2025" }, "geometry": { "type": "Point", "coordinates": [ -90.21722, 38.58639 ] } },
{ "type": "Feature", "properties": { "NIBRS_cat": "Drug/Narcotic Violations", "crime_type": "Society", "latitude": 38.586391, "longitude": -90.217216, "date": "10/14/2021" }, "geometry": { "type": "Point", "coordinates": [ -90.21722, 38.58639 ] } },
{ "type": "Feature", "properties": { "NIBRS_cat": "Drug/Narcotic Violations", "crime_type": "Society", "latitude": 38.586391, "longitude": -90.217216, "date": "10/14/2021" }, "geometry": { "type": "Point", "coordinates": [ -90.21722, 38.58639 ] } },
{ "type": "Feature", "properties": { "NIBRS_cat": "Weapons Law Violations", "crime_type": "Society", "latitude": 38.586391, "longitude": -90.217216, "date": "5/4/2025" }, "geometry": { "type": "Point", "coordinates": [ -90.21722, 38.58639 ] } },
{ "type": "Feature", "properties": { "NIBRS_cat": "Weapons Law Violations", "crime_type": "Society", "latitude": 38.586391, "longitude": -90.217216, "date": "10/14/2021" }, "geometry": { "type": "Point", "coordinates": [ -90.21722, 38.58639 ] } },
{ "type": "Feature", "properties": { "NIBRS_cat": "Weapons Law Violations", "crime_type": "Society", "latitude": 38.586391, "longitude": -90.217216, "date": "5/4/2025" }, "geometry": { "type": "Point", "coordinates": [ -90.21722, 38.58639 ] } },
{ "type": "Feature", "properties": { "NIBRS_cat": "Drug/Narcotic Violations", "crime_type": "Society", "latitude": 38.586391, "longitude": -90.217216, "date": "10/14/2021" }, "geometry": { "type": "Point", "coordinates": [ -90.21722, 38.58639 ] } },
{ "type": "Feature", "properties": { "NIBRS_cat": "All Other Offenses", "crime_type": "Unspecified", "latitude": 38.586395, "longitude": -90.248459, "date": "9/8/2025" }, "geometry": { "type": "Point", "coordinates": [ -90.24846, 38.5864 ] } },
{ "type": "Feature", "properties": { "NIBRS_cat": "All Other Offenses", "crime_type": "Unspecified", "latitude": 38.586395, "longitude": -90.248459, "date": "9/8/2025" }, "geometry": { "type": "Point", "coordinates": [ -90.24846, 38.5864 ] } },
{ "type": "Feature", "properties": { "NIBRS_cat": "Aggravated Assault", "crime_type": "Person", "latitude": 38.58643, "longitude": -90.217667, "date": "9/20/2025" }, "geometry": { "type": "Point", "coordinates": [ -90.21767, 38.58643 ] } },
{ "type": "Feature", "properties": { "NIBRS_cat": "Aggravated Assault", "crime_type": "Person", "latitude": 38.58643, "longitude": -90.217667, "date": "9/20/2025" }, "geometry": { "type": "Point", "coordinates": [ -90.21767, 38.58643 ] } },
{ "type": "Feature", "properties": { "NIBRS_cat": "Weapons Law Violations", "crime_type": "Society", "latitude": 38.58643, "longitude": -90.217667, "date": "9/20/2025" }, "geometry": { "type": "Point", "coordinates": [ -90.21767, 38.58643 ] } },
{ "type": "Feature", "properties": { "NIBRS_cat": "Destruction/Damage/Vandalism of Property", "crime_type": "Property", "latitude": 38.58643, "longitude": -90.217667, "date": "9/20/2025" }, "geometry": { "type": "Point", "coordinates": [ -90.21767, 38.58643 ] } },
{ "type": "Feature", "properties": { "NIBRS_cat": "Aggravated Assault", "crime_type": "Person", "latitude": 38.58643, "longitude": -90.217667, "date": "9/20/2025" }, "geometry": { "type": "Point", "coordinates": [ -90.21767, 38.58643 ] } },
{ "type": "Feature", "properties": { "NIBRS_cat": "Destruction/Damage/Vandalism of Property", "crime_type": "Property", "latitude": 38.58643, "longitude": -90.217667, "date": "9/20/2025" }, "geometry": { "type": "Point", "coordinates": [ -90.21767, 38.58643 ] } },
{ "type": "Feature", "properties": { "NIBRS_cat": "Weapons Law Violations", "crime_type": "Society", "latitude": 38.58643, "longitude": -90.217667, "date": "9/20/2025" }, "geometry": { "type": "Point", "coordinates": [ -90.21767, 38.58643 ] } },
{ "type": "Feature", "properties": { "NIBRS_cat": "Aggravated Assault", "crime_type": "Person", "latitude": 38.58643, "longitude": -90.217667, "date": "9/20/2025" }, "geometry": { "type": "Point", "coordinates": [ -90.21767, 38.58643 ] } },
{ "type": "Feature", "properties": { "NIBRS_cat": "Simple Assault", "crime_type": "Person", "latitude": 38.58643, "longitude": -90.217667, "date": "9/20/2025" }, "geometry": { "type": "Point", "coordinates": [ -90.21767, 38.58643 ] } },
{ "type": "Feature", "properties": { "NIBRS_cat": "Aggravated Assault", "crime_type": "Person", "latitude": 38.58643, "longitude": -90.217667, "date": "9/20/2025" }, "geometry": { "type": "Point", "coordinates": [ -90.21767, 38.58643 ] } },
{ "type": "Feature", "properties": { "NIBRS_cat": "All Other Offenses", "crime_type": "Unspecified", "latitude": 38.58643, "longitude": -90.226624, "date": "9/24/2025" }, "geometry": { "type": "Point", "coordinates": [ -90.22662, 38.58643 ] } },
{ "type": "Feature", "properties": { "NIBRS_cat": "Aggravated Assault", "crime_type": "Person", "latitude": 38.58643, "longitude": -90.217667, "date": "9/20/2025" }, "geometry": { "type": "Point", "coordinates": [ -90.21767, 38.58643 ] } },
{ "type": "Feature", "properties": { "NIBRS_cat": "Simple Assault", "crime_type": "Person", "latitude": 38.58643, "longitude": -90.217667, "date": "9/20/2025" }, "geometry": { "type": "Point", "coordinates": [ -90.21767, 38.58643 ] } },
{ "type": "Feature", "properties": { "NIBRS_cat": "All Other Offenses", "crime_type": "Unspecified", "latitude": 38.58643, "longitude": -90.226624, "date": "9/24/2025" }, "geometry": { "type": "Point", "coordinates": [ -90.22662, 38.58643 ] } },
{ "type": "Feature", "properties": { "NIBRS_cat": "All Other Offenses", "crime_type": "Unspecified", "latitude": 38.586437, "longitude": -90.226257, "date": "9/16/2025" }, "geometry": { "type": "Point", "coordinates": [ -90.22626, 38.58644 ] } },
{ "type": "Feature", "properties": { "NIBRS_cat": "All Other Offenses", "crime_type": "Unspecified", "latitude": 38.586437, "longitude": -90.226257, "date": "9/16/2025" }, "geometry": { "type": "Point", "coordinates": [ -90.22626, 38.58644 ] } },
{ "type": "Feature", "properties": { "NIBRS_cat": "Aggravated Assault", "crime_type": "Person", "latitude": 38.58646, "longitude": -90.271713, "date": "8/31/2025" }, "geometry": { "type": "Point", "coordinates": [ -90.27171, 38.58646 ] } },
{ "type": "Feature", "properties": { "NIBRS_cat": "Aggravated Assault", "crime_type": "Person", "latitude": 38.58646, "longitude": -90.271713, "date": "8/31/2025" }, "geometry": { "type": "Point", "coordinates": [ -90.27171, 38.58646 ] } },
{ "type": "Feature", "properties": { "NIBRS_cat": "All Other Offenses", "crime_type": "Unspecified", "latitude": 38.586502, "longitude": -90.227425, "date": "9/16/2025" }, "geometry": { "type": "Point", "coordinates": [ -90.22742, 38.5865 ] } },
{ "type": "Feature", "properties": { "NIBRS_cat": "Weapons Law Violations", "crime_type": "Society", "latitude": 38.586502, "longitude": -90.227425, "date": "9/16/2025" }, "geometry": { "type": "Point", "coordinates": [ -90.22742, 38.5865 ] } },
{ "type": "Feature", "properties": { "NIBRS_cat": "Weapons Law Violations", "crime_type": "Society", "latitude": 38.586502, "longitude": -90.227425, "date": "9/16/2025" }, "geometry": { "type": "Point", "coordinates": [ -90.22742, 38.5865 ] } },
{ "type": "Feature", "properties": { "NIBRS_cat": "Weapons Law Violations", "crime_type": "Society", "latitude": 38.586502, "longitude": -90.227425, "date": "9/16/2025" }, "geometry": { "type": "Point", "coordinates": [ -90.22742, 38.5865 ] } },
{ "type": "Feature", "properties": { "NIBRS_cat": "Weapons Law Violations", "crime_type": "Society", "latitude": 38.586502, "longitude": -90.227425, "date": "9/16/2025" }, "geometry": { "type": "Point", "coordinates": [ -90.22742, 38.5865 ] } },
{ "type": "Feature", "properties": { "NIBRS_cat": "Aggravated Assault", "crime_type": "Person", "latitude": 38.586502, "longitude": -90.227425, "date": "9/16/2025" }, "geometry": { "type": "Point", "coordinates": [ -90.22742, 38.5865 ] } },
{ "type": "Feature", "properties": { "NIBRS_cat": "All Other Offenses", "crime_type": "Unspecified", "latitude": 38.586502, "longitude": -90.227425, "date": "9/16/2025" }, "geometry": { "type": "Point", "coordinates": [ -90.22742, 38.5865 ] } },
{ "type": "Feature", "properties": { "NIBRS_cat": "Aggravated Assault", "crime_type": "Person", "latitude": 38.586502, "longitude": -90.227425, "date": "9/16/2025" }, "geometry": { "type": "Point", "coordinates": [ -90.22742, 38.5865 ] } },
{ "type": "Feature", "properties": { "NIBRS_cat": "All Other Larceny", "crime_type": "Property", "latitude": 38.586536, "longitude": -90.227295, "date": "10/1/2021" }, "geometry": { "type": "Point", "coordinates": [ -90.22729, 38.58654 ] } },
{ "type": "Feature", "properties": { "NIBRS_cat": "All Other Larceny", "crime_type": "Property", "latitude": 38.586536, "longitude": -90.227295, "date": "10/1/2021" }, "geometry": { "type": "Point", "coordinates": [ -90.22729, 38.58654 ] } },
{ "type": "Feature", "properties": { "NIBRS_cat": "Theft From Building", "crime_type": "Property", "latitude": 38.586559, "longitude": -90.241051, "date": "9/22/2025" }, "geometry": { "type": "Point", "coordinates": [ -90.24105, 38.58656 ] } },
{ "type": "Feature", "properties": { "NIBRS_cat": "Theft From Building", "crime_type": "Property", "latitude": 38.586559, "longitude": -90.241051, "date": "9/22/2025" }, "geometry": { "type": "Point", "coordinates": [ -90.24105, 38.58656 ] } },
{ "type": "Feature", "properties": { "NIBRS_cat": "Weapons Law Violations", "crime_type": "Society", "latitude": 38.586632, "longitude": -90.237144, "date": "8/23/2025" }, "geometry": { "type": "Point", "coordinates": [ -90.23714, 38.58663 ] } },
{ "type": "Feature", "properties": { "NIBRS_cat": "All Other Offenses", "crime_type": "Unspecified", "latitude": 38.586632, "longitude": -90.237144, "date": "8/23/2025" }, "geometry": { "type": "Point", "coordinates": [ -90.23714, 38.58663 ] } },
{ "type": "Feature", "properties": { "NIBRS_cat": "All Other Offenses", "crime_type": "Unspecified", "latitude": 38.586632, "longitude": -90.237144, "date": "8/23/2025" }, "geometry": { "type": "Point", "coordinates": [ -90.23714, 38.58663 ] } },
{ "type": "Feature", "properties": { "NIBRS_cat": "Weapons Law Violations", "crime_type": "Society", "latitude": 38.586632, "longitude": -90.237144, "date": "8/23/2025" }, "geometry": { "type": "Point", "coordinates": [ -90.23714, 38.58663 ] } },
{ "type": "Feature", "properties": { "NIBRS_cat": "False Pretense/Swindle/Confidence Game", "crime_type": "Property", "latitude": 38.586655, "longitude": -90.22789, "date": "9/12/2025" }, "geometry": { "type": "Point", "coordinates": [ -90.22789, 38.58666 ] } },
{ "type": "Feature", "properties": { "NIBRS_cat": "False Pretense/Swindle/Confidence Game", "crime_type": "Property", "latitude": 38.586655, "longitude": -90.22789, "date": "9/12/2025" }, "geometry": { "type": "Point", "coordinates": [ -90.22789, 38.58666 ] } },
{ "type": "Feature", "properties": { "NIBRS_cat": "Theft From Motor Vehicle Parts/Accessories", "crime_type": "Property", "latitude": 38.586697, "longitude": -90.254715, "date": "9/12/2025" }, "geometry": { "type": "Point", "coordinates": [ -90.25472, 38.5867 ] } },
{ "type": "Feature", "properties": { "NIBRS_cat": "Theft From Motor Vehicle Parts/Accessories", "crime_type": "Property", "latitude": 38.586697, "longitude": -90.254715, "date": "9/12/2025" }, "geometry": { "type": "Point", "coordinates": [ -90.25472, 38.5867 ] } },
{ "type": "Feature", "properties": { "NIBRS_cat": "Arson", "crime_type": "Property", "latitude": 38.586704, "longitude": -90.227821, "date": "8/27/2025" }, "geometry": { "type": "Point", "coordinates": [ -90.22782, 38.5867 ] } },
{ "type": "Feature", "properties": { "NIBRS_cat": "Arson", "crime_type": "Property", "latitude": 38.586704, "longitude": -90.227821, "date": "8/27/2025" }, "geometry": { "type": "Point", "coordinates": [ -90.22782, 38.5867 ] } },
{ "type": "Feature", "properties": { "NIBRS_cat": "Destruction/Damage/Vandalism of Property", "crime_type": "Property", "latitude": 38.586845, "longitude": -90.248032, "date": "12/14/2024" }, "geometry": { "type": "Point", "coordinates": [ -90.24803, 38.58684 ] } },
{ "type": "Feature", "properties": { "NIBRS_cat": "Motor Vehicle Theft", "crime_type": "Property", "latitude": 38.586845, "longitude": -90.248032, "date": "12/14/2024" }, "geometry": { "type": "Point", "coordinates": [ -90.24803, 38.58684 ] } },
{ "type": "Feature", "properties": { "NIBRS_cat": "Motor Vehicle Theft", "crime_type": "Property", "latitude": 38.586845, "longitude": -90.248032, "date": "12/14/2024" }, "geometry": { "type": "Point", "coordinates": [ -90.24803, 38.58684 ] } },
{ "type": "Feature", "properties": { "NIBRS_cat": "All Other Offenses", "crime_type": "Unspecified", "latitude": 38.586845, "longitude": -90.248032, "date": "12/14/2024" }, "geometry": { "type": "Point", "coordinates": [ -90.24803, 38.58684 ] } },
{ "type": "Feature", "properties": { "NIBRS_cat": "Burglary/Breaking and Entering", "crime_type": "Property", "latitude": 38.586845, "longitude": -90.248032, "date": "12/14/2024" }, "geometry": { "type": "Point", "coordinates": [ -90.24803, 38.58684 ] } },
{ "type": "Feature", "properties": { "NIBRS_cat": "Burglary/Breaking and Entering", "crime_type": "Property", "latitude": 38.586845, "longitude": -90.248032, "date": "12/14/2024" }, "geometry": { "type": "Point", "coordinates": [ -90.24803, 38.58684 ] } },
{ "type": "Feature", "properties": { "NIBRS_cat": "Destruction/Damage/Vandalism of Property", "crime_type": "Property", "latitude": 38.586845, "longitude": -90.248032, "date": "12/14/2024" }, "geometry": { "type": "Point", "coordinates": [ -90.24803, 38.58684 ] } },
{ "type": "Feature", "properties": { "NIBRS_cat": "All Other Offenses", "crime_type": "Unspecified", "latitude": 38.586845, "longitude": -90.248032, "date": "12/14/2024" }, "geometry": { "type": "Point", "coordinates": [ -90.24803, 38.58684 ] } },
{ "type": "Feature", "properties": { "NIBRS_cat": "Simple Assault", "crime_type": "Person", "latitude": 38.586853, "longitude": -90.241829, "date": "9/10/2025" }, "geometry": { "type": "Point", "coordinates": [ -90.24183, 38.58685 ] } },
{ "type": "Feature", "properties": { "NIBRS_cat": "Simple Assault", "crime_type": "Person", "latitude": 38.586853, "longitude": -90.241829, "date": "9/10/2025" }, "geometry": { "type": "Point", "coordinates": [ -90.24183, 38.58685 ] } },
{ "type": "Feature", "properties": { "NIBRS_cat": "Simple Assault", "crime_type": "Person", "latitude": 38.586853, "longitude": -90.241829, "date": "9/10/2025" }, "geometry": { "type": "Point", "coordinates": [ -90.24183, 38.58685 ] } },
{ "type": "Feature", "properties": { "NIBRS_cat": "Simple Assault", "crime_type": "Person", "latitude": 38.586853, "longitude": -90.241829, "date": "9/10/2025" }, "geometry": { "type": "Point", "coordinates": [ -90.24183, 38.58685 ] } },
{ "type": "Feature", "properties": { "NIBRS_cat": "Aggravated Assault", "crime_type": "Person", "latitude": 38.586891, "longitude": -90.251732, "date": "8/5/2025" }, "geometry": { "type": "Point", "coordinates": [ -90.25173, 38.58689 ] } },
{ "type": "Feature", "properties": { "NIBRS_cat": "Robbery", "crime_type": "Person", "latitude": 38.586891, "longitude": -90.251732, "date": "8/5/2025" }, "geometry": { "type": "Point", "coordinates": [ -90.25173, 38.58689 ] } },
{ "type": "Feature", "properties": { "NIBRS_cat": "All Other Offenses", "crime_type": "Unspecified", "latitude": 38.586891, "longitude": -90.251732, "date": "8/5/2025" }, "geometry": { "type": "Point", "coordinates": [ -90.25173, 38.58689 ] } },
{ "type": "Feature", "properties": { "NIBRS_cat": "Destruction/Damage/Vandalism of Property", "crime_type": "Property", "latitude": 38.586891, "longitude": -90.251732, "date": "8/5/2025" }, "geometry": { "type": "Point", "coordinates": [ -90.25173, 38.58689 ] } },
{ "type": "Feature", "properties": { "NIBRS_cat": "Robbery", "crime_type": "Person", "latitude": 38.586891, "longitude": -90.251732, "date": "8/5/2025" }, "geometry": { "type": "Point", "coordinates": [ -90.25173, 38.58689 ] } },
{ "type": "Feature", "properties": { "NIBRS_cat": "Aggravated Assault", "crime_type": "Person", "latitude": 38.586891, "longitude": -90.251732, "date": "8/5/2025" }, "geometry": { "type": "Point", "coordinates": [ -90.25173, 38.58689 ] } },
{ "type": "Feature", "properties": { "NIBRS_cat": "Destruction/Damage/Vandalism of Property", "crime_type": "Property", "latitude": 38.586891, "longitude": -90.251732, "date": "8/5/2025" }, "geometry": { "type": "Point", "coordinates": [ -90.25173, 38.58689 ] } },
{ "type": "Feature", "properties": { "NIBRS_cat": "All Other Offenses", "crime_type": "Unspecified", "latitude": 38.586891, "longitude": -90.251732, "date": "8/5/2025" }, "geometry": { "type": "Point", "coordinates": [ -90.25173, 38.58689 ] } },
{ "type": "Feature", "properties": { "NIBRS_cat": "Burglary/Breaking and Entering", "crime_type": "Property", "latitude": 38.58691, "longitude": -90.227203, "date": "9/16/2025" }, "geometry": { "type": "Point", "coordinates": [ -90.2272, 38.58691 ] } },
{ "type": "Feature", "properties": { "NIBRS_cat": "Burglary/Breaking and Entering", "crime_type": "Property", "latitude": 38.58691, "longitude": -90.227203, "date": "9/16/2025" }, "geometry": { "type": "Point", "coordinates": [ -90.2272, 38.58691 ] } },
{ "type": "Feature", "properties": { "NIBRS_cat": "Trespass of Real Property", "crime_type": "Society", "latitude": 38.586941, "longitude": -90.227203, "date": "9/6/2025" }, "geometry": { "type": "Point", "coordinates": [ -90.2272, 38.58694 ] } },
{ "type": "Feature", "properties": { "NIBRS_cat": "Theft From Building", "crime_type": "Property", "latitude": 38.586941, "longitude": -90.227203, "date": "9/6/2025" }, "geometry": { "type": "Point", "coordinates": [ -90.2272, 38.58694 ] } },
{ "type": "Feature", "properties": { "NIBRS_cat": "Motor Vehicle Theft", "crime_type": "Property", "latitude": 38.586941, "longitude": -90.227203, "date": "9/6/2025" }, "geometry": { "type": "Point", "coordinates": [ -90.2272, 38.58694 ] } },
{ "type": "Feature", "properties": { "NIBRS_cat": "Trespass of Real Property", "crime_type": "Society", "latitude": 38.586941, "longitude": -90.227203, "date": "9/6/2025" }, "geometry": { "type": "Point", "coordinates": [ -90.2272, 38.58694 ] } },
{ "type": "Feature", "properties": { "NIBRS_cat": "Motor Vehicle Theft", "crime_type": "Property", "latitude": 38.586941, "longitude": -90.227203, "date": "9/6/2025" }, "geometry": { "type": "Point", "coordinates": [ -90.2272, 38.58694 ] } },
{ "type": "Feature", "properties": { "NIBRS_cat": "Theft From Building", "crime_type": "Property", "latitude": 38.586941, "longitude": -90.227203, "date": "9/6/2025" }, "geometry": { "type": "Point", "coordinates": [ -90.2272, 38.58694 ] } },
{ "type": "Feature", "properties": { "NIBRS_cat": "Intimidation", "crime_type": "Person", "latitude": 38.586956, "longitude": -90.26223, "date": "9/21/2025" }, "geometry": { "type": "Point", "coordinates": [ -90.26223, 38.58696 ] } },
{ "type": "Feature", "properties": { "NIBRS_cat": "Intimidation", "crime_type": "Person", "latitude": 38.586956, "longitude": -90.26223, "date": "9/21/2025" }, "geometry": { "type": "Point", "coordinates": [ -90.26223, 38.58696 ] } },
{ "type": "Feature", "properties": { "NIBRS_cat": "Destruction/Damage/Vandalism of Property", "crime_type": "Property", "latitude": 38.586956, "longitude": -90.26223, "date": "9/21/2025" }, "geometry": { "type": "Point", "coordinates": [ -90.26223, 38.58696 ] } },
{ "type": "Feature", "properties": { "NIBRS_cat": "Destruction/Damage/Vandalism of Property", "crime_type": "Property", "latitude": 38.586956, "longitude": -90.26223, "date": "9/21/2025" }, "geometry": { "type": "Point", "coordinates": [ -90.26223, 38.58696 ] } },
{ "type": "Feature", "properties": { "NIBRS_cat": "Disorderly Conduct", "crime_type": "Society", "latitude": 38.587009, "longitude": -90.242973, "date": "9/20/2025" }, "geometry": { "type": "Point", "coordinates": [ -90.24297, 38.58701 ] } },
{ "type": "Feature", "properties": { "NIBRS_cat": "Disorderly Conduct", "crime_type": "Society", "latitude": 38.587009, "longitude": -90.242973, "date": "9/20/2025" }, "geometry": { "type": "Point", "coordinates": [ -90.24297, 38.58701 ] } },
{ "type": "Feature", "properties": { "NIBRS_cat": "False Pretense/Swindle/Confidence Game", "crime_type": "Property", "latitude": 38.587021, "longitude": -90.258514, "date": "8/18/2025" }, "geometry": { "type": "Point", "coordinates": [ -90.25851, 38.58702 ] } },
{ "type": "Feature", "properties": { "NIBRS_cat": "False Pretense/Swindle/Confidence Game", "crime_type": "Property", "latitude": 38.587021, "longitude": -90.258514, "date": "8/18/2025" }, "geometry": { "type": "Point", "coordinates": [ -90.25851, 38.58702 ] } },
{ "type": "Feature", "properties": { "NIBRS_cat": "All Other Offenses", "crime_type": "Unspecified", "latitude": 38.587021, "longitude": -90.258514, "date": "9/18/2025" }, "geometry": { "type": "Point", "coordinates": [ -90.25851, 38.58702 ] } },
{ "type": "Feature", "properties": { "NIBRS_cat": "All Other Offenses", "crime_type": "Unspecified", "latitude": 38.587021, "longitude": -90.258514, "date": "9/18/2025" }, "geometry": { "type": "Point", "coordinates": [ -90.25851, 38.58702 ] } },
{ "type": "Feature", "properties": { "NIBRS_cat": "Weapons Law Violations", "crime_type": "Society", "latitude": 38.587032, "longitude": -90.232796, "date": "11/5/2023" }, "geometry": { "type": "Point", "coordinates": [ -90.2328, 38.58703 ] } },
{ "type": "Feature", "properties": { "NIBRS_cat": "Weapons Law Violations", "crime_type": "Society", "latitude": 38.587032, "longitude": -90.232796, "date": "11/5/2023" }, "geometry": { "type": "Point", "coordinates": [ -90.2328, 38.58703 ] } },
{ "type": "Feature", "properties": { "NIBRS_cat": "Rape", "crime_type": "Person", "latitude": 38.587093, "longitude": -90.216927, "date": "9/19/2025" }, "geometry": { "type": "Point", "coordinates": [ -90.21693, 38.58709 ] } },
{ "type": "Feature", "properties": { "NIBRS_cat": "Rape", "crime_type": "Person", "latitude": 38.587093, "longitude": -90.216927, "date": "9/19/2025" }, "geometry": { "type": "Point", "coordinates": [ -90.21693, 38.58709 ] } },
{ "type": "Feature", "properties": { "NIBRS_cat": "Weapons Law Violations", "crime_type": "Society", "latitude": 38.587116, "longitude": -90.239258, "date": "9/16/2025" }, "geometry": { "type": "Point", "coordinates": [ -90.23926, 38.58712 ] } },
{ "type": "Feature", "properties": { "NIBRS_cat": "Weapons Law Violations", "crime_type": "Society", "latitude": 38.587116, "longitude": -90.239258, "date": "9/16/2025" }, "geometry": { "type": "Point", "coordinates": [ -90.23926, 38.58712 ] } },
{ "type": "Feature", "properties": { "NIBRS_cat": "Credit Card/Automatic Teller Machine Fraud", "crime_type": "Property", "latitude": 38.587154, "longitude": -90.239845, "date": "9/24/2025" }, "geometry": { "type": "Point", "coordinates": [ -90.23985, 38.58715 ] } },
{ "type": "Feature", "properties": { "NIBRS_cat": "Simple Assault", "crime_type": "Person", "latitude": 38.587154, "longitude": -90.216843, "date": "9/30/2025" }, "geometry": { "type": "Point", "coordinates": [ -90.21684, 38.58715 ] } },
{ "type": "Feature", "properties": { "NIBRS_cat": "Credit Card/Automatic Teller Machine Fraud", "crime_type": "Property", "latitude": 38.587154, "longitude": -90.239845, "date": "9/24/2025" }, "geometry": { "type": "Point", "coordinates": [ -90.23985, 38.58715 ] } },
{ "type": "Feature", "properties": { "NIBRS_cat": "Simple Assault", "crime_type": "Person", "latitude": 38.587154, "longitude": -90.216843, "date": "9/30/2025" }, "geometry": { "type": "Point", "coordinates": [ -90.21684, 38.58715 ] } },
{ "type": "Feature", "properties": { "NIBRS_cat": "Theft From Building", "crime_type": "Property", "latitude": 38.587154, "longitude": -90.216843, "date": "9/30/2025" }, "geometry": { "type": "Point", "coordinates": [ -90.21684, 38.58715 ] } },
{ "type": "Feature", "properties": { "NIBRS_cat": "Theft From Building", "crime_type": "Property", "latitude": 38.587154, "longitude": -90.216843, "date": "9/30/2025" }, "geometry": { "type": "Point", "coordinates": [ -90.21684, 38.58715 ] } },
{ "type": "Feature", "properties": { "NIBRS_cat": "All Other Larceny", "crime_type": "Property", "latitude": 38.58717, "longitude": -90.222305, "date": "9/6/2025" }, "geometry": { "type": "Point", "coordinates": [ -90.22231, 38.58717 ] } },
{ "type": "Feature", "properties": { "NIBRS_cat": "All Other Larceny", "crime_type": "Property", "latitude": 38.58717, "longitude": -90.222305, "date": "9/6/2025" }, "geometry": { "type": "Point", "coordinates": [ -90.22231, 38.58717 ] } },
{ "type": "Feature", "properties": { "NIBRS_cat": "Aggravated Assault", "crime_type": "Person", "latitude": 38.587181, "longitude": -90.222305, "date": "6/8/2024" }, "geometry": { "type": "Point", "coordinates": [ -90.22231, 38.58718 ] } },
{ "type": "Feature", "properties": { "NIBRS_cat": "Aggravated Assault", "crime_type": "Person", "latitude": 38.587181, "longitude": -90.222305, "date": "6/8/2024" }, "geometry": { "type": "Point", "coordinates": [ -90.22231, 38.58718 ] } },
{ "type": "Feature", "properties": { "NIBRS_cat": "Burglary/Breaking and Entering", "crime_type": "Property", "latitude": 38.587193, "longitude": -90.258377, "date": "9/20/2025" }, "geometry": { "type": "Point", "coordinates": [ -90.25838, 38.58719 ] } },
{ "type": "Feature", "properties": { "NIBRS_cat": "Weapons Law Violations", "crime_type": "Society", "latitude": 38.587193, "longitude": -90.258377, "date": "9/18/2025" }, "geometry": { "type": "Point", "coordinates": [ -90.25838, 38.58719 ] } },
{ "type": "Feature", "properties": { "NIBRS_cat": "Burglary/Breaking and Entering", "crime_type": "Property", "latitude": 38.587193, "longitude": -90.258377, "date": "9/12/2025" }, "geometry": { "type": "Point", "coordinates": [ -90.25838, 38.58719 ] } },
{ "type": "Feature", "properties": { "NIBRS_cat": "Drug/Narcotic Violations", "crime_type": "Society", "latitude": 38.587193, "longitude": -90.258377, "date": "9/18/2025" }, "geometry": { "type": "Point", "coordinates": [ -90.25838, 38.58719 ] } },
{ "type": "Feature", "properties": { "NIBRS_cat": "Burglary/Breaking and Entering", "crime_type": "Property", "latitude": 38.587193, "longitude": -90.258377, "date": "9/20/2025" }, "geometry": { "type": "Point", "coordinates": [ -90.25838, 38.58719 ] } },
{ "type": "Feature", "properties": { "NIBRS_cat": "Weapons Law Violations", "crime_type": "Society", "latitude": 38.587193, "longitude": -90.258377, "date": "9/18/2025" }, "geometry": { "type": "Point", "coordinates": [ -90.25838, 38.58719 ] } },
{ "type": "Feature", "properties": { "NIBRS_cat": "False Pretense/Swindle/Confidence Game", "crime_type": "Property", "latitude": 38.587193, "longitude": -90.258377, "date": "2/28/2025" }, "geometry": { "type": "Point", "coordinates": [ -90.25838, 38.58719 ] } },
{ "type": "Feature", "properties": { "NIBRS_cat": "Burglary/Breaking and Entering", "crime_type": "Property", "latitude": 38.587193, "longitude": -90.258377, "date": "9/12/2025" }, "geometry": { "type": "Point", "coordinates": [ -90.25838, 38.58719 ] } },
{ "type": "Feature", "properties": { "NIBRS_cat": "False Pretense/Swindle/Confidence Game", "crime_type": "Property", "latitude": 38.587193, "longitude": -90.258377, "date": "2/28/2025" }, "geometry": { "type": "Point", "coordinates": [ -90.25838, 38.58719 ] } },
{ "type": "Feature", "properties": { "NIBRS_cat": "Drug/Narcotic Violations", "crime_type": "Society", "latitude": 38.587193, "longitude": -90.258377, "date": "9/18/2025" }, "geometry": { "type": "Point", "coordinates": [ -90.25838, 38.58719 ] } },
{ "type": "Feature", "properties": { "NIBRS_cat": "Trespass of Real Property", "crime_type": "Society", "latitude": 38.587227, "longitude": -90.261711, "date": "9/24/2025" }, "geometry": { "type": "Point", "coordinates": [ -90.26171, 38.58723 ] } },
{ "type": "Feature", "properties": { "NIBRS_cat": "Trespass of Real Property", "crime_type": "Society", "latitude": 38.587227, "longitude": -90.261711, "date": "9/24/2025" }, "geometry": { "type": "Point", "coordinates": [ -90.26171, 38.58723 ] } },
{ "type": "Feature", "properties": { "NIBRS_cat": "Weapons Law Violations", "crime_type": "Society", "latitude": 38.58736, "longitude": -90.23278, "date": "9/30/2025" }, "geometry": { "type": "Point", "coordinates": [ -90.23278, 38.58736 ] } },
{ "type": "Feature", "properties": { "NIBRS_cat": "Destruction/Damage/Vandalism of Property", "crime_type": "Property", "latitude": 38.58736, "longitude": -90.252213, "date": "8/31/2025" }, "geometry": { "type": "Point", "coordinates": [ -90.25221, 38.58736 ] } },
{ "type": "Feature", "properties": { "NIBRS_cat": "Weapons Law Violations", "crime_type": "Society", "latitude": 38.58736, "longitude": -90.23278, "date": "9/30/2025" }, "geometry": { "type": "Point", "coordinates": [ -90.23278, 38.58736 ] } },
{ "type": "Feature", "properties": { "NIBRS_cat": "Aggravated Assault", "crime_type": "Person", "latitude": 38.58736, "longitude": -90.252213, "date": "8/31/2025" }, "geometry": { "type": "Point", "coordinates": [ -90.25221, 38.58736 ] } },
{ "type": "Feature", "properties": { "NIBRS_cat": "Motor Vehicle Theft", "crime_type": "Property", "latitude": 38.58736, "longitude": -90.247581, "date": "2/20/2025" }, "geometry": { "type": "Point", "coordinates": [ -90.24758, 38.58736 ] } },
{ "type": "Feature", "properties": { "NIBRS_cat": "Destruction/Damage/Vandalism of Property", "crime_type": "Property", "latitude": 38.58736, "longitude": -90.252213, "date": "8/31/2025" }, "geometry": { "type": "Point", "coordinates": [ -90.25221, 38.58736 ] } },
{ "type": "Feature", "properties": { "NIBRS_cat": "Aggravated Assault", "crime_type": "Person", "latitude": 38.58736, "longitude": -90.252213, "date": "8/31/2025" }, "geometry": { "type": "Point", "coordinates": [ -90.25221, 38.58736 ] } },
{ "type": "Feature", "properties": { "NIBRS_cat": "Theft From Motor Vehicle Parts/Accessories", "crime_type": "Property", "latitude": 38.58736, "longitude": -90.247581, "date": "2/20/2025" }, "geometry": { "type": "Point", "coordinates": [ -90.24758, 38.58736 ] } },
{ "type": "Feature", "properties": { "NIBRS_cat": "Theft From Motor Vehicle Parts/Accessories", "crime_type": "Property", "latitude": 38.58736, "longitude": -90.247581, "date": "2/20/2025" }, "geometry": { "type": "Point", "coordinates": [ -90.24758, 38.58736 ] } },
{ "type": "Feature", "properties": { "NIBRS_cat": "Motor Vehicle Theft", "crime_type": "Property", "latitude": 38.58736, "longitude": -90.247581, "date": "2/20/2025" }, "geometry": { "type": "Point", "coordinates": [ -90.24758, 38.58736 ] } },
{ "type": "Feature", "properties": { "NIBRS_cat": "Weapons Law Violations", "crime_type": "Society", "latitude": 38.587379, "longitude": -90.233978, "date": "9/8/2025" }, "geometry": { "type": "Point", "coordinates": [ -90.23398, 38.58738 ] } },
{ "type": "Feature", "properties": { "NIBRS_cat": "Weapons Law Violations", "crime_type": "Society", "latitude": 38.587379, "longitude": -90.233978, "date": "9/8/2025" }, "geometry": { "type": "Point", "coordinates": [ -90.23398, 38.58738 ] } },
{ "type": "Feature", "properties": { "NIBRS_cat": "Murder and Nonnegligent Manslaughter", "crime_type": "Person", "latitude": 38.587387, "longitude": -90.252274, "date": "5/6/2021" }, "geometry": { "type": "Point", "coordinates": [ -90.25227, 38.58739 ] } },
{ "type": "Feature", "properties": { "NIBRS_cat": "Murder and Nonnegligent Manslaughter", "crime_type": "Person", "latitude": 38.587387, "longitude": -90.252274, "date": "5/6/2021" }, "geometry": { "type": "Point", "coordinates": [ -90.25227, 38.58739 ] } },
{ "type": "Feature", "properties": { "NIBRS_cat": "Weapons Law Violations", "crime_type": "Society", "latitude": 38.587414, "longitude": -90.226364, "date": "1/9/2025" }, "geometry": { "type": "Point", "coordinates": [ -90.22636, 38.58741 ] } },
{ "type": "Feature", "properties": { "NIBRS_cat": "Weapons Law Violations", "crime_type": "Society", "latitude": 38.587414, "longitude": -90.226364, "date": "1/9/2025" }, "geometry": { "type": "Point", "coordinates": [ -90.22636, 38.58741 ] } },
{ "type": "Feature", "properties": { "NIBRS_cat": "Motor Vehicle Theft", "crime_type": "Property", "latitude": 38.587414, "longitude": -90.226364, "date": "1/9/2025" }, "geometry": { "type": "Point", "coordinates": [ -90.22636, 38.58741 ] } },
{ "type": "Feature", "properties": { "NIBRS_cat": "Stolen Property Offenses", "crime_type": "Property", "latitude": 38.587414, "longitude": -90.226364, "date": "1/9/2025" }, "geometry": { "type": "Point", "coordinates": [ -90.22636, 38.58741 ] } },
{ "type": "Feature", "properties": { "NIBRS_cat": "All Other Offenses", "crime_type": "Unspecified", "latitude": 38.587414, "longitude": -90.226364, "date": "1/9/2025" }, "geometry": { "type": "Point", "coordinates": [ -90.22636, 38.58741 ] } },
{ "type": "Feature", "properties": { "NIBRS_cat": "Stolen Property Offenses", "crime_type": "Property", "latitude": 38.587414, "longitude": -90.226364, "date": "1/9/2025" }, "geometry": { "type": "Point", "coordinates": [ -90.22636, 38.58741 ] } },
{ "type": "Feature", "properties": { "NIBRS_cat": "Motor Vehicle Theft", "crime_type": "Property", "latitude": 38.587414, "longitude": -90.226364, "date": "1/9/2025" }, "geometry": { "type": "Point", "coordinates": [ -90.22636, 38.58741 ] } },
{ "type": "Feature", "properties": { "NIBRS_cat": "All Other Offenses", "crime_type": "Unspecified", "latitude": 38.587414, "longitude": -90.226364, "date": "1/9/2025" }, "geometry": { "type": "Point", "coordinates": [ -90.22636, 38.58741 ] } },
{ "type": "Feature", "properties": { "NIBRS_cat": "Motor Vehicle Theft", "crime_type": "Property", "latitude": 38.587414, "longitude": -90.226364, "date": "1/9/2025" }, "geometry": { "type": "Point", "coordinates": [ -90.22636, 38.58741 ] } },
{ "type": "Feature", "properties": { "NIBRS_cat": "Motor Vehicle Theft", "crime_type": "Property", "latitude": 38.587414, "longitude": -90.226364, "date": "1/9/2025" }, "geometry": { "type": "Point", "coordinates": [ -90.22636, 38.58741 ] } },
{ "type": "Feature", "properties": { "NIBRS_cat": "Theft From Motor Vehicle Parts/Accessories", "crime_type": "Property", "latitude": 38.587433, "longitude": -90.239296, "date": "9/14/2025" }, "geometry": { "type": "Point", "coordinates": [ -90.2393, 38.58743 ] } },
{ "type": "Feature", "properties": { "NIBRS_cat": "Theft From Motor Vehicle Parts/Accessories", "crime_type": "Property", "latitude": 38.587433, "longitude": -90.239296, "date": "9/14/2025" }, "geometry": { "type": "Point", "coordinates": [ -90.2393, 38.58743 ] } },
{ "type": "Feature", "properties": { "NIBRS_cat": "Theft From Motor Vehicle", "crime_type": "Property", "latitude": 38.58744, "longitude": -90.263962, "date": "9/18/2025" }, "geometry": { "type": "Point", "coordinates": [ -90.26396, 38.58744 ] } },
{ "type": "Feature", "properties": { "NIBRS_cat": "Theft From Motor Vehicle", "crime_type": "Property", "latitude": 38.58744, "longitude": -90.263962, "date": "9/18/2025" }, "geometry": { "type": "Point", "coordinates": [ -90.26396, 38.58744 ] } },
{ "type": "Feature", "properties": { "NIBRS_cat": "Theft From Motor Vehicle", "crime_type": "Property", "latitude": 38.58744, "longitude": -90.263962, "date": "9/18/2025" }, "geometry": { "type": "Point", "coordinates": [ -90.26396, 38.58744 ] } },
{ "type": "Feature", "properties": { "NIBRS_cat": "Theft From Motor Vehicle", "crime_type": "Property", "latitude": 38.58744, "longitude": -90.263962, "date": "9/18/2025" }, "geometry": { "type": "Point", "coordinates": [ -90.26396, 38.58744 ] } },
{ "type": "Feature", "properties": { "NIBRS_cat": "Motor Vehicle Theft", "crime_type": "Property", "latitude": 38.587475, "longitude": -90.270248, "date": "9/20/2025" }, "geometry": { "type": "Point", "coordinates": [ -90.27025, 38.58747 ] } },
{ "type": "Feature", "properties": { "NIBRS_cat": "Motor Vehicle Theft", "crime_type": "Property", "latitude": 38.587475, "longitude": -90.270248, "date": "9/20/2025" }, "geometry": { "type": "Point", "coordinates": [ -90.27025, 38.58747 ] } },
{ "type": "Feature", "properties": { "NIBRS_cat": "Aggravated Assault", "crime_type": "Person", "latitude": 38.587498, "longitude": -90.229248, "date": "2/26/2024" }, "geometry": { "type": "Point", "coordinates": [ -90.22925, 38.5875 ] } },
{ "type": "Feature", "properties": { "NIBRS_cat": "Simple Assault", "crime_type": "Person", "latitude": 38.587498, "longitude": -90.229248, "date": "2/26/2024" }, "geometry": { "type": "Point", "coordinates": [ -90.22925, 38.5875 ] } },
{ "type": "Feature", "properties": { "NIBRS_cat": "Family Offenses, Nonviolent", "crime_type": "Society", "latitude": 38.587498, "longitude": -90.229248, "date": "2/26/2024" }, "geometry": { "type": "Point", "coordinates": [ -90.22925, 38.5875 ] } },
{ "type": "Feature", "properties": { "NIBRS_cat": "Simple Assault", "crime_type": "Person", "latitude": 38.587498, "longitude": -90.229248, "date": "2/26/2024" }, "geometry": { "type": "Point", "coordinates": [ -90.22925, 38.5875 ] } },
{ "type": "Feature", "properties": { "NIBRS_cat": "Family Offenses, Nonviolent", "crime_type": "Society", "latitude": 38.587498, "longitude": -90.229248, "date": "2/26/2024" }, "geometry": { "type": "Point", "coordinates": [ -90.22925, 38.5875 ] } },
{ "type": "Feature", "properties": { "NIBRS_cat": "Simple Assault", "crime_type": "Person", "latitude": 38.587498, "longitude": -90.229248, "date": "2/26/2024" }, "geometry": { "type": "Point", "coordinates": [ -90.22925, 38.5875 ] } },
{ "type": "Feature", "properties": { "NIBRS_cat": "Simple Assault", "crime_type": "Person", "latitude": 38.587498, "longitude": -90.229248, "date": "2/26/2024" }, "geometry": { "type": "Point", "coordinates": [ -90.22925, 38.5875 ] } },
{ "type": "Feature", "properties": { "NIBRS_cat": "Aggravated Assault", "crime_type": "Person", "latitude": 38.587498, "longitude": -90.229248, "date": "2/26/2024" }, "geometry": { "type": "Point", "coordinates": [ -90.22925, 38.5875 ] } },
{ "type": "Feature", "properties": { "NIBRS_cat": "Simple Assault", "crime_type": "Person", "latitude": 38.587498, "longitude": -90.229248, "date": "2/26/2024" }, "geometry": { "type": "Point", "coordinates": [ -90.22925, 38.5875 ] } },
{ "type": "Feature", "properties": { "NIBRS_cat": "Aggravated Assault", "crime_type": "Person", "latitude": 38.587498, "longitude": -90.229248, "date": "2/26/2024" }, "geometry": { "type": "Point", "coordinates": [ -90.22925, 38.5875 ] } },
{ "type": "Feature", "properties": { "NIBRS_cat": "Aggravated Assault", "crime_type": "Person", "latitude": 38.587498, "longitude": -90.229248, "date": "2/26/2024" }, "geometry": { "type": "Point", "coordinates": [ -90.22925, 38.5875 ] } },
{ "type": "Feature", "properties": { "NIBRS_cat": "Simple Assault", "crime_type": "Person", "latitude": 38.587498, "longitude": -90.229248, "date": "2/26/2024" }, "geometry": { "type": "Point", "coordinates": [ -90.22925, 38.5875 ] } },
{ "type": "Feature", "properties": { "NIBRS_cat": "Theft From Motor Vehicle Parts/Accessories", "crime_type": "Property", "latitude": 38.587555, "longitude": -90.248772, "date": "9/18/2025" }, "geometry": { "type": "Point", "coordinates": [ -90.24877, 38.58756 ] } },
{ "type": "Feature", "properties": { "NIBRS_cat": "Theft From Motor Vehicle Parts/Accessories", "crime_type": "Property", "latitude": 38.587555, "longitude": -90.248772, "date": "9/18/2025" }, "geometry": { "type": "Point", "coordinates": [ -90.24877, 38.58756 ] } },
{ "type": "Feature", "properties": { "NIBRS_cat": "Weapons Law Violations", "crime_type": "Society", "latitude": 38.587669, "longitude": -90.222656, "date": "8/11/2025" }, "geometry": { "type": "Point", "coordinates": [ -90.22266, 38.58767 ] } },
{ "type": "Feature", "properties": { "NIBRS_cat": "All Other Offenses", "crime_type": "Unspecified", "latitude": 38.587669, "longitude": -90.222656, "date": "8/11/2025" }, "geometry": { "type": "Point", "coordinates": [ -90.22266, 38.58767 ] } },
{ "type": "Feature", "properties": { "NIBRS_cat": "Robbery", "crime_type": "Person", "latitude": 38.587669, "longitude": -90.222656, "date": "8/11/2025" }, "geometry": { "type": "Point", "coordinates": [ -90.22266, 38.58767 ] } },
{ "type": "Feature", "properties": { "NIBRS_cat": "Robbery", "crime_type": "Person", "latitude": 38.587669, "longitude": -90.222656, "date": "8/11/2025" }, "geometry": { "type": "Point", "coordinates": [ -90.22266, 38.58767 ] } },
{ "type": "Feature", "properties": { "NIBRS_cat": "All Other Offenses", "crime_type": "Unspecified", "latitude": 38.587669, "longitude": -90.222656, "date": "9/5/2025" }, "geometry": { "type": "Point", "coordinates": [ -90.22266, 38.58767 ] } },
{ "type": "Feature", "properties": { "NIBRS_cat": "Weapons Law Violations", "crime_type": "Society", "latitude": 38.587669, "longitude": -90.222656, "date": "8/11/2025" }, "geometry": { "type": "Point", "coordinates": [ -90.22266, 38.58767 ] } },
{ "type": "Feature", "properties": { "NIBRS_cat": "Destruction/Damage/Vandalism of Property", "crime_type": "Property", "latitude": 38.587669, "longitude": -90.225533, "date": "9/5/2025" }, "geometry": { "type": "Point", "coordinates": [ -90.22553, 38.58767 ] } },
{ "type": "Feature", "properties": { "NIBRS_cat": "Destruction/Damage/Vandalism of Property", "crime_type": "Property", "latitude": 38.587669, "longitude": -90.225533, "date": "9/5/2025" }, "geometry": { "type": "Point", "coordinates": [ -90.22553, 38.58767 ] } },
{ "type": "Feature", "properties": { "NIBRS_cat": "All Other Offenses", "crime_type": "Unspecified", "latitude": 38.587669, "longitude": -90.222656, "date": "8/11/2025" }, "geometry": { "type": "Point", "coordinates": [ -90.22266, 38.58767 ] } },
{ "type": "Feature", "properties": { "NIBRS_cat": "All Other Offenses", "crime_type": "Unspecified", "latitude": 38.587669, "longitude": -90.222656, "date": "9/5/2025" }, "geometry": { "type": "Point", "coordinates": [ -90.22266, 38.58767 ] } },
{ "type": "Feature", "properties": { "NIBRS_cat": "All Other Offenses", "crime_type": "Unspecified", "latitude": 38.587692, "longitude": -90.229286, "date": "9/15/2025" }, "geometry": { "type": "Point", "coordinates": [ -90.22929, 38.58769 ] } },
{ "type": "Feature", "properties": { "NIBRS_cat": "All Other Offenses", "crime_type": "Unspecified", "latitude": 38.587692, "longitude": -90.229286, "date": "9/15/2025" }, "geometry": { "type": "Point", "coordinates": [ -90.22929, 38.58769 ] } },
{ "type": "Feature", "properties": { "NIBRS_cat": "Intimidation", "crime_type": "Person", "latitude": 38.5877, "longitude": -90.22628, "date": "9/13/2025" }, "geometry": { "type": "Point", "coordinates": [ -90.22628, 38.5877 ] } },
{ "type": "Feature", "properties": { "NIBRS_cat": "Intimidation", "crime_type": "Person", "latitude": 38.5877, "longitude": -90.22628, "date": "9/13/2025" }, "geometry": { "type": "Point", "coordinates": [ -90.22628, 38.5877 ] } },
{ "type": "Feature", "properties": { "NIBRS_cat": "Pornography/Obscene Material", "crime_type": "Society", "latitude": 38.587715, "longitude": -90.246094, "date": "11/6/2024" }, "geometry": { "type": "Point", "coordinates": [ -90.24609, 38.58772 ] } },
{ "type": "Feature", "properties": { "NIBRS_cat": "Pornography/Obscene Material", "crime_type": "Society", "latitude": 38.587715, "longitude": -90.246094, "date": "11/6/2024" }, "geometry": { "type": "Point", "coordinates": [ -90.24609, 38.58772 ] } },
{ "type": "Feature", "properties": { "NIBRS_cat": "All Other Larceny", "crime_type": "Property", "latitude": 38.587757, "longitude": -90.225616, "date": "9/21/2025" }, "geometry": { "type": "Point", "coordinates": [ -90.22562, 38.58776 ] } },
{ "type": "Feature", "properties": { "NIBRS_cat": "All Other Larceny", "crime_type": "Property", "latitude": 38.587757, "longitude": -90.225616, "date": "9/21/2025" }, "geometry": { "type": "Point", "coordinates": [ -90.22562, 38.58776 ] } },
{ "type": "Feature", "properties": { "NIBRS_cat": "Simple Assault", "crime_type": "Person", "latitude": 38.587807, "longitude": -90.238091, "date": "7/28/2025" }, "geometry": { "type": "Point", "coordinates": [ -90.23809, 38.58781 ] } },
{ "type": "Feature", "properties": { "NIBRS_cat": "Simple Assault", "crime_type": "Person", "latitude": 38.587807, "longitude": -90.238091, "date": "7/28/2025" }, "geometry": { "type": "Point", "coordinates": [ -90.23809, 38.58781 ] } },
{ "type": "Feature", "properties": { "NIBRS_cat": "Simple Assault", "crime_type": "Person", "latitude": 38.587807, "longitude": -90.238091, "date": "7/28/2025" }, "geometry": { "type": "Point", "coordinates": [ -90.23809, 38.58781 ] } },
{ "type": "Feature", "properties": { "NIBRS_cat": "Simple Assault", "crime_type": "Person", "latitude": 38.587807, "longitude": -90.238091, "date": "7/28/2025" }, "geometry": { "type": "Point", "coordinates": [ -90.23809, 38.58781 ] } },
{ "type": "Feature", "properties": { "NIBRS_cat": "All Other Offenses", "crime_type": "Unspecified", "latitude": 38.587826, "longitude": -90.260933, "date": "9/17/2025" }, "geometry": { "type": "Point", "coordinates": [ -90.26093, 38.58783 ] } },
{ "type": "Feature", "properties": { "NIBRS_cat": "All Other Offenses", "crime_type": "Unspecified", "latitude": 38.587826, "longitude": -90.260933, "date": "9/17/2025" }, "geometry": { "type": "Point", "coordinates": [ -90.26093, 38.58783 ] } },
{ "type": "Feature", "properties": { "NIBRS_cat": "Weapons Law Violations", "crime_type": "Society", "latitude": 38.587845, "longitude": -90.220657, "date": "5/18/2025" }, "geometry": { "type": "Point", "coordinates": [ -90.22066, 38.58785 ] } },
{ "type": "Feature", "properties": { "NIBRS_cat": "Weapons Law Violations", "crime_type": "Society", "latitude": 38.587845, "longitude": -90.220657, "date": "5/18/2025" }, "geometry": { "type": "Point", "coordinates": [ -90.22066, 38.58785 ] } },
{ "type": "Feature", "properties": { "NIBRS_cat": "Destruction/Damage/Vandalism of Property", "crime_type": "Property", "latitude": 38.587879, "longitude": -90.222679, "date": "9/29/2025" }, "geometry": { "type": "Point", "coordinates": [ -90.22268, 38.58788 ] } },
{ "type": "Feature", "properties": { "NIBRS_cat": "Destruction/Damage/Vandalism of Property", "crime_type": "Property", "latitude": 38.587879, "longitude": -90.222679, "date": "9/29/2025" }, "geometry": { "type": "Point", "coordinates": [ -90.22268, 38.58788 ] } },
{ "type": "Feature", "properties": { "NIBRS_cat": "All Other Offenses", "crime_type": "Unspecified", "latitude": 38.587906, "longitude": -90.223778, "date": "9/29/2025" }, "geometry": { "type": "Point", "coordinates": [ -90.22378, 38.58791 ] } },
{ "type": "Feature", "properties": { "NIBRS_cat": "All Other Offenses", "crime_type": "Unspecified", "latitude": 38.587906, "longitude": -90.223778, "date": "9/29/2025" }, "geometry": { "type": "Point", "coordinates": [ -90.22378, 38.58791 ] } },
{ "type": "Feature", "properties": { "NIBRS_cat": "Trespass of Real Property", "crime_type": "Society", "latitude": 38.587906, "longitude": -90.223778, "date": "9/29/2025" }, "geometry": { "type": "Point", "coordinates": [ -90.22378, 38.58791 ] } },
{ "type": "Feature", "properties": { "NIBRS_cat": "Trespass of Real Property", "crime_type": "Society", "latitude": 38.587906, "longitude": -90.223778, "date": "9/29/2025" }, "geometry": { "type": "Point", "coordinates": [ -90.22378, 38.58791 ] } },
{ "type": "Feature", "properties": { "NIBRS_cat": "Drug Equipment Violations", "crime_type": "Society", "latitude": 38.587914, "longitude": -90.229866, "date": "9/30/2025" }, "geometry": { "type": "Point", "coordinates": [ -90.22987, 38.58791 ] } },
{ "type": "Feature", "properties": { "NIBRS_cat": "Trespass of Real Property", "crime_type": "Society", "latitude": 38.587914, "longitude": -90.229866, "date": "9/28/2025" }, "geometry": { "type": "Point", "coordinates": [ -90.22987, 38.58791 ] } },
{ "type": "Feature", "properties": { "NIBRS_cat": "Drug/Narcotic Violations", "crime_type": "Society", "latitude": 38.587914, "longitude": -90.229866, "date": "9/30/2025" }, "geometry": { "type": "Point", "coordinates": [ -90.22987, 38.58791 ] } },
{ "type": "Feature", "properties": { "NIBRS_cat": "Drug Equipment Violations", "crime_type": "Society", "latitude": 38.587914, "longitude": -90.229866, "date": "9/30/2025" }, "geometry": { "type": "Point", "coordinates": [ -90.22987, 38.58791 ] } },
{ "type": "Feature", "properties": { "NIBRS_cat": "Trespass of Real Property", "crime_type": "Society", "latitude": 38.587914, "longitude": -90.229866, "date": "9/30/2025" }, "geometry": { "type": "Point", "coordinates": [ -90.22987, 38.58791 ] } },
{ "type": "Feature", "properties": { "NIBRS_cat": "Drug/Narcotic Violations", "crime_type": "Society", "latitude": 38.587914, "longitude": -90.229866, "date": "9/30/2025" }, "geometry": { "type": "Point", "coordinates": [ -90.22987, 38.58791 ] } },
{ "type": "Feature", "properties": { "NIBRS_cat": "Trespass of Real Property", "crime_type": "Society", "latitude": 38.587914, "longitude": -90.229866, "date": "9/28/2025" }, "geometry": { "type": "Point", "coordinates": [ -90.22987, 38.58791 ] } },
{ "type": "Feature", "properties": { "NIBRS_cat": "Trespass of Real Property", "crime_type": "Society", "latitude": 38.587914, "longitude": -90.229866, "date": "9/30/2025" }, "geometry": { "type": "Point", "coordinates": [ -90.22987, 38.58791 ] } },
{ "type": "Feature", "properties": { "NIBRS_cat": "Weapons Law Violations", "crime_type": "Society", "latitude": 38.587929, "longitude": -90.235588, "date": "5/9/2024" }, "geometry": { "type": "Point", "coordinates": [ -90.23559, 38.58793 ] } },
{ "type": "Feature", "properties": { "NIBRS_cat": "Weapons Law Violations", "crime_type": "Society", "latitude": 38.587929, "longitude": -90.235588, "date": "5/9/2024" }, "geometry": { "type": "Point", "coordinates": [ -90.23559, 38.58793 ] } },
{ "type": "Feature", "properties": { "NIBRS_cat": "Trespass of Real Property", "crime_type": "Society", "latitude": 38.587963, "longitude": -90.222084, "date": "9/12/2025" }, "geometry": { "type": "Point", "coordinates": [ -90.22208, 38.58796 ] } },
{ "type": "Feature", "properties": { "NIBRS_cat": "Trespass of Real Property", "crime_type": "Society", "latitude": 38.587963, "longitude": -90.222084, "date": "9/12/2025" }, "geometry": { "type": "Point", "coordinates": [ -90.22208, 38.58796 ] } },
{ "type": "Feature", "properties": { "NIBRS_cat": "All Other Offenses", "crime_type": "Unspecified", "latitude": 38.588078, "longitude": -90.240334, "date": "9/10/2025" }, "geometry": { "type": "Point", "coordinates": [ -90.24033, 38.58808 ] } },
{ "type": "Feature", "properties": { "NIBRS_cat": "All Other Offenses", "crime_type": "Unspecified", "latitude": 38.588078, "longitude": -90.240334, "date": "9/10/2025" }, "geometry": { "type": "Point", "coordinates": [ -90.24033, 38.58808 ] } },
{ "type": "Feature", "properties": { "NIBRS_cat": "All Other Offenses", "crime_type": "Unspecified", "latitude": 38.588081, "longitude": -90.248741, "date": "9/26/2025" }, "geometry": { "type": "Point", "coordinates": [ -90.24874, 38.58808 ] } },
{ "type": "Feature", "properties": { "NIBRS_cat": "All Other Offenses", "crime_type": "Unspecified", "latitude": 38.588081, "longitude": -90.248741, "date": "9/26/2025" }, "geometry": { "type": "Point", "coordinates": [ -90.24874, 38.58808 ] } },
{ "type": "Feature", "properties": { "NIBRS_cat": "All Other Offenses", "crime_type": "Unspecified", "latitude": 38.5881, "longitude": -90.248932, "date": "9/12/2025" }, "geometry": { "type": "Point", "coordinates": [ -90.24893, 38.5881 ] } },
{ "type": "Feature", "properties": { "NIBRS_cat": "All Other Offenses", "crime_type": "Unspecified", "latitude": 38.5881, "longitude": -90.248932, "date": "9/12/2025" }, "geometry": { "type": "Point", "coordinates": [ -90.24893, 38.5881 ] } },
{ "type": "Feature", "properties": { "NIBRS_cat": "Burglary/Breaking and Entering", "crime_type": "Property", "latitude": 38.588158, "longitude": -90.244926, "date": "12/14/2024" }, "geometry": { "type": "Point", "coordinates": [ -90.24493, 38.58816 ] } },
{ "type": "Feature", "properties": { "NIBRS_cat": "Credit Card/Automatic Teller Machine Fraud", "crime_type": "Property", "latitude": 38.588158, "longitude": -90.244926, "date": "9/1/2025" }, "geometry": { "type": "Point", "coordinates": [ -90.24493, 38.58816 ] } },
{ "type": "Feature", "properties": { "NIBRS_cat": "Credit Card/Automatic Teller Machine Fraud", "crime_type": "Property", "latitude": 38.588158, "longitude": -90.244926, "date": "9/1/2025" }, "geometry": { "type": "Point", "coordinates": [ -90.24493, 38.58816 ] } },
{ "type": "Feature", "properties": { "NIBRS_cat": "Burglary/Breaking and Entering", "crime_type": "Property", "latitude": 38.588158, "longitude": -90.244926, "date": "12/14/2024" }, "geometry": { "type": "Point", "coordinates": [ -90.24493, 38.58816 ] } },
{ "type": "Feature", "properties": { "NIBRS_cat": "Weapons Law Violations", "crime_type": "Society", "latitude": 38.588203, "longitude": -90.236198, "date": "6/18/2025" }, "geometry": { "type": "Point", "coordinates": [ -90.2362, 38.5882 ] } },
{ "type": "Feature", "properties": { "NIBRS_cat": "Weapons Law Violations", "crime_type": "Society", "latitude": 38.588203, "longitude": -90.236198, "date": "6/18/2025" }, "geometry": { "type": "Point", "coordinates": [ -90.2362, 38.5882 ] } },
{ "type": "Feature", "properties": { "NIBRS_cat": "All Other Offenses", "crime_type": "Unspecified", "latitude": 38.588264, "longitude": -90.236092, "date": "8/5/2025" }, "geometry": { "type": "Point", "coordinates": [ -90.23609, 38.58826 ] } },
{ "type": "Feature", "properties": { "NIBRS_cat": "All Other Offenses", "crime_type": "Unspecified", "latitude": 38.588264, "longitude": -90.236092, "date": "8/5/2025" }, "geometry": { "type": "Point", "coordinates": [ -90.23609, 38.58826 ] } },
{ "type": "Feature", "properties": { "NIBRS_cat": "Weapons Law Violations", "crime_type": "Society", "latitude": 38.588264, "longitude": -90.236092, "date": "8/5/2025" }, "geometry": { "type": "Point", "coordinates": [ -90.23609, 38.58826 ] } },
{ "type": "Feature", "properties": { "NIBRS_cat": "All Other Offenses", "crime_type": "Unspecified", "latitude": 38.588264, "longitude": -90.236092, "date": "8/5/2025" }, "geometry": { "type": "Point", "coordinates": [ -90.23609, 38.58826 ] } },
{ "type": "Feature", "properties": { "NIBRS_cat": "All Other Offenses", "crime_type": "Unspecified", "latitude": 38.588264, "longitude": -90.236092, "date": "8/5/2025" }, "geometry": { "type": "Point", "coordinates": [ -90.23609, 38.58826 ] } },
{ "type": "Feature", "properties": { "NIBRS_cat": "Disorderly Conduct", "crime_type": "Society", "latitude": 38.588264, "longitude": -90.236092, "date": "8/5/2025" }, "geometry": { "type": "Point", "coordinates": [ -90.23609, 38.58826 ] } },
{ "type": "Feature", "properties": { "NIBRS_cat": "Weapons Law Violations", "crime_type": "Society", "latitude": 38.588264, "longitude": -90.236092, "date": "8/5/2025" }, "geometry": { "type": "Point", "coordinates": [ -90.23609, 38.58826 ] } },
{ "type": "Feature", "properties": { "NIBRS_cat": "Disorderly Conduct", "crime_type": "Society", "latitude": 38.588264, "longitude": -90.236092, "date": "8/5/2025" }, "geometry": { "type": "Point", "coordinates": [ -90.23609, 38.58826 ] } },
{ "type": "Feature", "properties": { "NIBRS_cat": "Motor Vehicle Theft", "crime_type": "Property", "latitude": 38.588268, "longitude": -90.251122, "date": "9/5/2025" }, "geometry": { "type": "Point", "coordinates": [ -90.25112, 38.58827 ] } },
{ "type": "Feature", "properties": { "NIBRS_cat": "Motor Vehicle Theft", "crime_type": "Property", "latitude": 38.588268, "longitude": -90.251122, "date": "9/5/2025" }, "geometry": { "type": "Point", "coordinates": [ -90.25112, 38.58827 ] } },
{ "type": "Feature", "properties": { "NIBRS_cat": "Weapons Law Violations", "crime_type": "Society", "latitude": 38.588272, "longitude": -90.236191, "date": "9/6/2025" }, "geometry": { "type": "Point", "coordinates": [ -90.23619, 38.58827 ] } },
{ "type": "Feature", "properties": { "NIBRS_cat": "Weapons Law Violations", "crime_type": "Society", "latitude": 38.588272, "longitude": -90.236191, "date": "9/6/2025" }, "geometry": { "type": "Point", "coordinates": [ -90.23619, 38.58827 ] } },
{ "type": "Feature", "properties": { "NIBRS_cat": "Destruction/Damage/Vandalism of Property", "crime_type": "Property", "latitude": 38.58828, "longitude": -90.263527, "date": "9/14/2025" }, "geometry": { "type": "Point", "coordinates": [ -90.26353, 38.58828 ] } },
{ "type": "Feature", "properties": { "NIBRS_cat": "Destruction/Damage/Vandalism of Property", "crime_type": "Property", "latitude": 38.58828, "longitude": -90.263527, "date": "9/14/2025" }, "geometry": { "type": "Point", "coordinates": [ -90.26353, 38.58828 ] } },
{ "type": "Feature", "properties": { "NIBRS_cat": "Destruction/Damage/Vandalism of Property", "crime_type": "Property", "latitude": 38.588284, "longitude": -90.256409, "date": "7/18/2025" }, "geometry": { "type": "Point", "coordinates": [ -90.25641, 38.58828 ] } },
{ "type": "Feature", "properties": { "NIBRS_cat": "Motor Vehicle Theft", "crime_type": "Property", "latitude": 38.588284, "longitude": -90.250641, "date": "9/12/2025" }, "geometry": { "type": "Point", "coordinates": [ -90.25064, 38.58828 ] } },
{ "type": "Feature", "properties": { "NIBRS_cat": "Destruction/Damage/Vandalism of Property", "crime_type": "Property", "latitude": 38.588284, "longitude": -90.256409, "date": "7/18/2025" }, "geometry": { "type": "Point", "coordinates": [ -90.25641, 38.58828 ] } },
{ "type": "Feature", "properties": { "NIBRS_cat": "Motor Vehicle Theft", "crime_type": "Property", "latitude": 38.588284, "longitude": -90.250641, "date": "9/12/2025" }, "geometry": { "type": "Point", "coordinates": [ -90.25064, 38.58828 ] } },
{ "type": "Feature", "properties": { "NIBRS_cat": "Weapons Law Violations", "crime_type": "Society", "latitude": 38.588299, "longitude": -90.250908, "date": "9/8/2025" }, "geometry": { "type": "Point", "coordinates": [ -90.25091, 38.5883 ] } },
{ "type": "Feature", "properties": { "NIBRS_cat": "Weapons Law Violations", "crime_type": "Society", "latitude": 38.588299, "longitude": -90.250908, "date": "9/8/2025" }, "geometry": { "type": "Point", "coordinates": [ -90.25091, 38.5883 ] } },
{ "type": "Feature", "properties": { "NIBRS_cat": "All Other Offenses", "crime_type": "Unspecified", "latitude": 38.588352, "longitude": -90.2145, "date": "9/9/2025" }, "geometry": { "type": "Point", "coordinates": [ -90.2145, 38.58835 ] } },
{ "type": "Feature", "properties": { "NIBRS_cat": "All Other Offenses", "crime_type": "Unspecified", "latitude": 38.588352, "longitude": -90.2145, "date": "9/9/2025" }, "geometry": { "type": "Point", "coordinates": [ -90.2145, 38.58835 ] } },
{ "type": "Feature", "properties": { "NIBRS_cat": "Weapons Law Violations", "crime_type": "Society", "latitude": 38.588394, "longitude": -90.240181, "date": "1/1/2024" }, "geometry": { "type": "Point", "coordinates": [ -90.24018, 38.58839 ] } },
{ "type": "Feature", "properties": { "NIBRS_cat": "Weapons Law Violations", "crime_type": "Society", "latitude": 38.588394, "longitude": -90.240181, "date": "1/1/2024" }, "geometry": { "type": "Point", "coordinates": [ -90.24018, 38.58839 ] } },
{ "type": "Feature", "properties": { "NIBRS_cat": "Destruction/Damage/Vandalism of Property", "crime_type": "Property", "latitude": 38.588425, "longitude": -90.259293, "date": "9/19/2025" }, "geometry": { "type": "Point", "coordinates": [ -90.25929, 38.58843 ] } },
{ "type": "Feature", "properties": { "NIBRS_cat": "Destruction/Damage/Vandalism of Property", "crime_type": "Property", "latitude": 38.588425, "longitude": -90.259293, "date": "9/19/2025" }, "geometry": { "type": "Point", "coordinates": [ -90.25929, 38.58843 ] } },
{ "type": "Feature", "properties": { "NIBRS_cat": "Weapons Law Violations", "crime_type": "Society", "latitude": 38.588467, "longitude": -90.239662, "date": "3/14/2024" }, "geometry": { "type": "Point", "coordinates": [ -90.23966, 38.58847 ] } },
{ "type": "Feature", "properties": { "NIBRS_cat": "Weapons Law Violations", "crime_type": "Society", "latitude": 38.588467, "longitude": -90.239662, "date": "3/14/2024" }, "geometry": { "type": "Point", "coordinates": [ -90.23966, 38.58847 ] } },
{ "type": "Feature", "properties": { "NIBRS_cat": "Simple Assault", "crime_type": "Person", "latitude": 38.588524, "longitude": -90.231964, "date": "9/15/2025" }, "geometry": { "type": "Point", "coordinates": [ -90.23196, 38.58852 ] } },
{ "type": "Feature", "properties": { "NIBRS_cat": "Simple Assault", "crime_type": "Person", "latitude": 38.588524, "longitude": -90.231964, "date": "9/15/2025" }, "geometry": { "type": "Point", "coordinates": [ -90.23196, 38.58852 ] } },
{ "type": "Feature", "properties": { "NIBRS_cat": "Robbery", "crime_type": "Person", "latitude": 38.588539, "longitude": -90.248177, "date": "9/11/2025" }, "geometry": { "type": "Point", "coordinates": [ -90.24818, 38.58854 ] } },
{ "type": "Feature", "properties": { "NIBRS_cat": "Aggravated Assault", "crime_type": "Person", "latitude": 38.588539, "longitude": -90.248177, "date": "9/11/2025" }, "geometry": { "type": "Point", "coordinates": [ -90.24818, 38.58854 ] } },
{ "type": "Feature", "properties": { "NIBRS_cat": "Robbery", "crime_type": "Person", "latitude": 38.588539, "longitude": -90.248177, "date": "9/11/2025" }, "geometry": { "type": "Point", "coordinates": [ -90.24818, 38.58854 ] } },
{ "type": "Feature", "properties": { "NIBRS_cat": "Aggravated Assault", "crime_type": "Person", "latitude": 38.588539, "longitude": -90.248177, "date": "9/11/2025" }, "geometry": { "type": "Point", "coordinates": [ -90.24818, 38.58854 ] } },
{ "type": "Feature", "properties": { "NIBRS_cat": "Weapons Law Violations", "crime_type": "Society", "latitude": 38.588543, "longitude": -90.234886, "date": "9/24/2025" }, "geometry": { "type": "Point", "coordinates": [ -90.23489, 38.58854 ] } },
{ "type": "Feature", "properties": { "NIBRS_cat": "Weapons Law Violations", "crime_type": "Society", "latitude": 38.588543, "longitude": -90.234886, "date": "9/24/2025" }, "geometry": { "type": "Point", "coordinates": [ -90.23489, 38.58854 ] } },
{ "type": "Feature", "properties": { "NIBRS_cat": "Weapons Law Violations", "crime_type": "Society", "latitude": 38.588554, "longitude": -90.235474, "date": "9/24/2025" }, "geometry": { "type": "Point", "coordinates": [ -90.23547, 38.58855 ] } },
{ "type": "Feature", "properties": { "NIBRS_cat": "Weapons Law Violations", "crime_type": "Society", "latitude": 38.588554, "longitude": -90.235474, "date": "9/24/2025" }, "geometry": { "type": "Point", "coordinates": [ -90.23547, 38.58855 ] } },
{ "type": "Feature", "properties": { "NIBRS_cat": "Weapons Law Violations", "crime_type": "Society", "latitude": 38.588566, "longitude": -90.235565, "date": "9/26/2025" }, "geometry": { "type": "Point", "coordinates": [ -90.23556, 38.58857 ] } },
{ "type": "Feature", "properties": { "NIBRS_cat": "Weapons Law Violations", "crime_type": "Society", "latitude": 38.588566, "longitude": -90.235565, "date": "9/26/2025" }, "geometry": { "type": "Point", "coordinates": [ -90.23556, 38.58857 ] } },
{ "type": "Feature", "properties": { "NIBRS_cat": "Destruction/Damage/Vandalism of Property", "crime_type": "Property", "latitude": 38.588566, "longitude": -90.235565, "date": "9/26/2025" }, "geometry": { "type": "Point", "coordinates": [ -90.23556, 38.58857 ] } },
{ "type": "Feature", "properties": { "NIBRS_cat": "Destruction/Damage/Vandalism of Property", "crime_type": "Property", "latitude": 38.588566, "longitude": -90.235565, "date": "9/26/2025" }, "geometry": { "type": "Point", "coordinates": [ -90.23556, 38.58857 ] } },
{ "type": "Feature", "properties": { "NIBRS_cat": "All Other Offenses", "crime_type": "Unspecified", "latitude": 38.588581, "longitude": -90.253593, "date": "9/11/2025" }, "geometry": { "type": "Point", "coordinates": [ -90.25359, 38.58858 ] } },
{ "type": "Feature", "properties": { "NIBRS_cat": "All Other Offenses", "crime_type": "Unspecified", "latitude": 38.588581, "longitude": -90.253593, "date": "9/11/2025" }, "geometry": { "type": "Point", "coordinates": [ -90.25359, 38.58858 ] } },
{ "type": "Feature", "properties": { "NIBRS_cat": "Weapons Law Violations", "crime_type": "Society", "latitude": 38.588593, "longitude": -90.240211, "date": "9/14/2025" }, "geometry": { "type": "Point", "coordinates": [ -90.24021, 38.58859 ] } },
{ "type": "Feature", "properties": { "NIBRS_cat": "Burglary/Breaking and Entering", "crime_type": "Property", "latitude": 38.588593, "longitude": -90.240211, "date": "9/14/2025" }, "geometry": { "type": "Point", "coordinates": [ -90.24021, 38.58859 ] } },
{ "type": "Feature", "properties": { "NIBRS_cat": "Burglary/Breaking and Entering", "crime_type": "Property", "latitude": 38.588593, "longitude": -90.240211, "date": "9/14/2025" }, "geometry": { "type": "Point", "coordinates": [ -90.24021, 38.58859 ] } },
{ "type": "Feature", "properties": { "NIBRS_cat": "Destruction/Damage/Vandalism of Property", "crime_type": "Property", "latitude": 38.588593, "longitude": -90.240211, "date": "9/14/2025" }, "geometry": { "type": "Point", "coordinates": [ -90.24021, 38.58859 ] } },
{ "type": "Feature", "properties": { "NIBRS_cat": "Destruction/Damage/Vandalism of Property", "crime_type": "Property", "latitude": 38.588593, "longitude": -90.240211, "date": "9/14/2025" }, "geometry": { "type": "Point", "coordinates": [ -90.24021, 38.58859 ] } },
{ "type": "Feature", "properties": { "NIBRS_cat": "Weapons Law Violations", "crime_type": "Society", "latitude": 38.588593, "longitude": -90.240211, "date": "9/14/2025" }, "geometry": { "type": "Point", "coordinates": [ -90.24021, 38.58859 ] } },
{ "type": "Feature", "properties": { "NIBRS_cat": "Motor Vehicle Theft", "crime_type": "Property", "latitude": 38.5886, "longitude": -90.234879, "date": "12/1/2024" }, "geometry": { "type": "Point", "coordinates": [ -90.23488, 38.5886 ] } },
{ "type": "Feature", "properties": { "NIBRS_cat": "Destruction/Damage/Vandalism of Property", "crime_type": "Property", "latitude": 38.5886, "longitude": -90.234879, "date": "12/1/2024" }, "geometry": { "type": "Point", "coordinates": [ -90.23488, 38.5886 ] } },
{ "type": "Feature", "properties": { "NIBRS_cat": "Robbery", "crime_type": "Person", "latitude": 38.5886, "longitude": -90.234879, "date": "12/1/2024" }, "geometry": { "type": "Point", "coordinates": [ -90.23488, 38.5886 ] } },
{ "type": "Feature", "properties": { "NIBRS_cat": "Robbery", "crime_type": "Person", "latitude": 38.5886, "longitude": -90.234879, "date": "12/1/2024" }, "geometry": { "type": "Point", "coordinates": [ -90.23488, 38.5886 ] } },
{ "type": "Feature", "properties": { "NIBRS_cat": "Motor Vehicle Theft", "crime_type": "Property", "latitude": 38.5886, "longitude": -90.234879, "date": "12/1/2024" }, "geometry": { "type": "Point", "coordinates": [ -90.23488, 38.5886 ] } },
{ "type": "Feature", "properties": { "NIBRS_cat": "Destruction/Damage/Vandalism of Property", "crime_type": "Property", "latitude": 38.5886, "longitude": -90.234879, "date": "12/1/2024" }, "geometry": { "type": "Point", "coordinates": [ -90.23488, 38.5886 ] } },
{ "type": "Feature", "properties": { "NIBRS_cat": "Intimidation", "crime_type": "Person", "latitude": 38.588604, "longitude": -90.234886, "date": "9/26/2025" }, "geometry": { "type": "Point", "coordinates": [ -90.23489, 38.5886 ] } },
{ "type": "Feature", "properties": { "NIBRS_cat": "Intimidation", "crime_type": "Person", "latitude": 38.588604, "longitude": -90.234886, "date": "9/26/2025" }, "geometry": { "type": "Point", "coordinates": [ -90.23489, 38.5886 ] } },
{ "type": "Feature", "properties": { "NIBRS_cat": "All Other Larceny", "crime_type": "Property", "latitude": 38.588612, "longitude": -90.213387, "date": "8/29/2025" }, "geometry": { "type": "Point", "coordinates": [ -90.21339, 38.58861 ] } },
{ "type": "Feature", "properties": { "NIBRS_cat": "All Other Larceny", "crime_type": "Property", "latitude": 38.588612, "longitude": -90.213387, "date": "8/29/2025" }, "geometry": { "type": "Point", "coordinates": [ -90.21339, 38.58861 ] } },
{ "type": "Feature", "properties": { "NIBRS_cat": "Weapons Law Violations", "crime_type": "Society", "latitude": 38.588619, "longitude": -90.253937, "date": "9/25/2025" }, "geometry": { "type": "Point", "coordinates": [ -90.25394, 38.58862 ] } },
{ "type": "Feature", "properties": { "NIBRS_cat": "Weapons Law Violations", "crime_type": "Society", "latitude": 38.588619, "longitude": -90.253937, "date": "9/25/2025" }, "geometry": { "type": "Point", "coordinates": [ -90.25394, 38.58862 ] } },
{ "type": "Feature", "properties": { "NIBRS_cat": "Burglary/Breaking and Entering", "crime_type": "Property", "latitude": 38.588673, "longitude": -90.258553, "date": "7/15/2025" }, "geometry": { "type": "Point", "coordinates": [ -90.25855, 38.58867 ] } },
{ "type": "Feature", "properties": { "NIBRS_cat": "Destruction/Damage/Vandalism of Property", "crime_type": "Property", "latitude": 38.588673, "longitude": -90.258553, "date": "7/15/2025" }, "geometry": { "type": "Point", "coordinates": [ -90.25855, 38.58867 ] } },
{ "type": "Feature", "properties": { "NIBRS_cat": "Destruction/Damage/Vandalism of Property", "crime_type": "Property", "latitude": 38.588673, "longitude": -90.258553, "date": "7/15/2025" }, "geometry": { "type": "Point", "coordinates": [ -90.25855, 38.58867 ] } },
{ "type": "Feature", "properties": { "NIBRS_cat": "Burglary/Breaking and Entering", "crime_type": "Property", "latitude": 38.588673, "longitude": -90.258553, "date": "7/15/2025" }, "geometry": { "type": "Point", "coordinates": [ -90.25855, 38.58867 ] } },
{ "type": "Feature", "properties": { "NIBRS_cat": "Destruction/Damage/Vandalism of Property", "crime_type": "Property", "latitude": 38.588711, "longitude": -90.250572, "date": "9/5/2025" }, "geometry": { "type": "Point", "coordinates": [ -90.25057, 38.58871 ] } },
{ "type": "Feature", "properties": { "NIBRS_cat": "Destruction/Damage/Vandalism of Property", "crime_type": "Property", "latitude": 38.588711, "longitude": -90.250572, "date": "9/5/2025" }, "geometry": { "type": "Point", "coordinates": [ -90.25057, 38.58871 ] } },
{ "type": "Feature", "properties": { "NIBRS_cat": "Aggravated Assault", "crime_type": "Person", "latitude": 38.588757, "longitude": -90.250893, "date": "9/16/2025" }, "geometry": { "type": "Point", "coordinates": [ -90.25089, 38.58876 ] } },
{ "type": "Feature", "properties": { "NIBRS_cat": "Simple Assault", "crime_type": "Person", "latitude": 38.588757, "longitude": -90.250893, "date": "9/16/2025" }, "geometry": { "type": "Point", "coordinates": [ -90.25089, 38.58876 ] } },
{ "type": "Feature", "properties": { "NIBRS_cat": "Simple Assault", "crime_type": "Person", "latitude": 38.588757, "longitude": -90.250893, "date": "9/16/2025" }, "geometry": { "type": "Point", "coordinates": [ -90.25089, 38.58876 ] } },
{ "type": "Feature", "properties": { "NIBRS_cat": "Aggravated Assault", "crime_type": "Person", "latitude": 38.588757, "longitude": -90.250893, "date": "9/16/2025" }, "geometry": { "type": "Point", "coordinates": [ -90.25089, 38.58876 ] } },
{ "type": "Feature", "properties": { "NIBRS_cat": "Destruction/Damage/Vandalism of Property", "crime_type": "Property", "latitude": 38.588779, "longitude": -90.25692, "date": "5/1/2025" }, "geometry": { "type": "Point", "coordinates": [ -90.25692, 38.58878 ] } },
{ "type": "Feature", "properties": { "NIBRS_cat": "Destruction/Damage/Vandalism of Property", "crime_type": "Property", "latitude": 38.588779, "longitude": -90.25692, "date": "5/1/2025" }, "geometry": { "type": "Point", "coordinates": [ -90.25692, 38.58878 ] } },
{ "type": "Feature", "properties": { "NIBRS_cat": "All Other Offenses", "crime_type": "Unspecified", "latitude": 38.588799, "longitude": -90.263924, "date": "9/25/2025" }, "geometry": { "type": "Point", "coordinates": [ -90.26392, 38.5888 ] } },
{ "type": "Feature", "properties": { "NIBRS_cat": "All Other Offenses", "crime_type": "Unspecified", "latitude": 38.588799, "longitude": -90.263924, "date": "9/25/2025" }, "geometry": { "type": "Point", "coordinates": [ -90.26392, 38.5888 ] } },
{ "type": "Feature", "properties": { "NIBRS_cat": "Aggravated Assault", "crime_type": "Person", "latitude": 38.588856, "longitude": -90.235413, "date": "7/28/2022" }, "geometry": { "type": "Point", "coordinates": [ -90.23541, 38.58886 ] } },
{ "type": "Feature", "properties": { "NIBRS_cat": "Destruction/Damage/Vandalism of Property", "crime_type": "Property", "latitude": 38.588856, "longitude": -90.235413, "date": "7/28/2022" }, "geometry": { "type": "Point", "coordinates": [ -90.23541, 38.58886 ] } },
{ "type": "Feature", "properties": { "NIBRS_cat": "Destruction/Damage/Vandalism of Property", "crime_type": "Property", "latitude": 38.588856, "longitude": -90.235413, "date": "7/28/2022" }, "geometry": { "type": "Point", "coordinates": [ -90.23541, 38.58886 ] } },
{ "type": "Feature", "properties": { "NIBRS_cat": "Aggravated Assault", "crime_type": "Person", "latitude": 38.588856, "longitude": -90.235413, "date": "7/28/2022" }, "geometry": { "type": "Point", "coordinates": [ -90.23541, 38.58886 ] } },
{ "type": "Feature", "properties": { "NIBRS_cat": "Aggravated Assault", "crime_type": "Person", "latitude": 38.588856, "longitude": -90.235413, "date": "7/28/2022" }, "geometry": { "type": "Point", "coordinates": [ -90.23541, 38.58886 ] } },
{ "type": "Feature", "properties": { "NIBRS_cat": "Aggravated Assault", "crime_type": "Person", "latitude": 38.588856, "longitude": -90.235413, "date": "7/28/2022" }, "geometry": { "type": "Point", "coordinates": [ -90.23541, 38.58886 ] } },
{ "type": "Feature", "properties": { "NIBRS_cat": "All Other Offenses", "crime_type": "Unspecified", "latitude": 38.58886, "longitude": -90.238411, "date": "9/3/2025" }, "geometry": { "type": "Point", "coordinates": [ -90.23841, 38.58886 ] } },
{ "type": "Feature", "properties": { "NIBRS_cat": "All Other Offenses", "crime_type": "Unspecified", "latitude": 38.58886, "longitude": -90.238411, "date": "9/3/2025" }, "geometry": { "type": "Point", "coordinates": [ -90.23841, 38.58886 ] } },
{ "type": "Feature", "properties": { "NIBRS_cat": "Simple Assault", "crime_type": "Person", "latitude": 38.588863, "longitude": -90.238327, "date": "9/6/2025" }, "geometry": { "type": "Point", "coordinates": [ -90.23833, 38.58886 ] } },
{ "type": "Feature", "properties": { "NIBRS_cat": "Simple Assault", "crime_type": "Person", "latitude": 38.588863, "longitude": -90.238327, "date": "9/6/2025" }, "geometry": { "type": "Point", "coordinates": [ -90.23833, 38.58886 ] } },
{ "type": "Feature", "properties": { "NIBRS_cat": "Destruction/Damage/Vandalism of Property", "crime_type": "Property", "latitude": 38.588867, "longitude": -90.235413, "date": "6/5/2025" }, "geometry": { "type": "Point", "coordinates": [ -90.23541, 38.58887 ] } },
{ "type": "Feature", "properties": { "NIBRS_cat": "Weapons Law Violations", "crime_type": "Society", "latitude": 38.588867, "longitude": -90.235413, "date": "6/5/2025" }, "geometry": { "type": "Point", "coordinates": [ -90.23541, 38.58887 ] } },
{ "type": "Feature", "properties": { "NIBRS_cat": "Destruction/Damage/Vandalism of Property", "crime_type": "Property", "latitude": 38.588867, "longitude": -90.235413, "date": "6/5/2025" }, "geometry": { "type": "Point", "coordinates": [ -90.23541, 38.58887 ] } },
{ "type": "Feature", "properties": { "NIBRS_cat": "Weapons Law Violations", "crime_type": "Society", "latitude": 38.588867, "longitude": -90.235413, "date": "6/5/2025" }, "geometry": { "type": "Point", "coordinates": [ -90.23541, 38.58887 ] } },
{ "type": "Feature", "properties": { "NIBRS_cat": "Weapons Law Violations", "crime_type": "Society", "latitude": 38.588875, "longitude": -90.239571, "date": "9/13/2025" }, "geometry": { "type": "Point", "coordinates": [ -90.23957, 38.58888 ] } },
{ "type": "Feature", "properties": { "NIBRS_cat": "Weapons Law Violations", "crime_type": "Society", "latitude": 38.588875, "longitude": -90.239571, "date": "9/13/2025" }, "geometry": { "type": "Point", "coordinates": [ -90.23957, 38.58888 ] } },
{ "type": "Feature", "properties": { "NIBRS_cat": "Motor Vehicle Theft", "crime_type": "Property", "latitude": 38.588898, "longitude": -90.266441, "date": "10/8/2023" }, "geometry": { "type": "Point", "coordinates": [ -90.26644, 38.5889 ] } },
{ "type": "Feature", "properties": { "NIBRS_cat": "All Other Offenses", "crime_type": "Unspecified", "latitude": 38.588898, "longitude": -90.266441, "date": "10/8/2023" }, "geometry": { "type": "Point", "coordinates": [ -90.26644, 38.5889 ] } },
{ "type": "Feature", "properties": { "NIBRS_cat": "All Other Offenses", "crime_type": "Unspecified", "latitude": 38.588898, "longitude": -90.266441, "date": "10/8/2023" }, "geometry": { "type": "Point", "coordinates": [ -90.26644, 38.5889 ] } },
{ "type": "Feature", "properties": { "NIBRS_cat": "Robbery", "crime_type": "Person", "latitude": 38.588898, "longitude": -90.266441, "date": "10/8/2023" }, "geometry": { "type": "Point", "coordinates": [ -90.26644, 38.5889 ] } },
{ "type": "Feature", "properties": { "NIBRS_cat": "Motor Vehicle Theft", "crime_type": "Property", "latitude": 38.588898, "longitude": -90.266441, "date": "10/8/2023" }, "geometry": { "type": "Point", "coordinates": [ -90.26644, 38.5889 ] } },
{ "type": "Feature", "properties": { "NIBRS_cat": "Aggravated Assault", "crime_type": "Person", "latitude": 38.588898, "longitude": -90.266441, "date": "10/8/2023" }, "geometry": { "type": "Point", "coordinates": [ -90.26644, 38.5889 ] } },
{ "type": "Feature", "properties": { "NIBRS_cat": "Destruction/Damage/Vandalism of Property", "crime_type": "Property", "latitude": 38.588898, "longitude": -90.266441, "date": "10/8/2023" }, "geometry": { "type": "Point", "coordinates": [ -90.26644, 38.5889 ] } },
{ "type": "Feature", "properties": { "NIBRS_cat": "Destruction/Damage/Vandalism of Property", "crime_type": "Property", "latitude": 38.588898, "longitude": -90.266441, "date": "10/8/2023" }, "geometry": { "type": "Point", "coordinates": [ -90.26644, 38.5889 ] } },
{ "type": "Feature", "properties": { "NIBRS_cat": "Aggravated Assault", "crime_type": "Person", "latitude": 38.588898, "longitude": -90.266441, "date": "10/8/2023" }, "geometry": { "type": "Point", "coordinates": [ -90.26644, 38.5889 ] } },
{ "type": "Feature", "properties": { "NIBRS_cat": "Motor Vehicle Theft", "crime_type": "Property", "latitude": 38.588898, "longitude": -90.266441, "date": "10/8/2023" }, "geometry": { "type": "Point", "coordinates": [ -90.26644, 38.5889 ] } },
{ "type": "Feature", "properties": { "NIBRS_cat": "Motor Vehicle Theft", "crime_type": "Property", "latitude": 38.588898, "longitude": -90.266441, "date": "10/8/2023" }, "geometry": { "type": "Point", "coordinates": [ -90.26644, 38.5889 ] } },
{ "type": "Feature", "properties": { "NIBRS_cat": "Robbery", "crime_type": "Person", "latitude": 38.588898, "longitude": -90.266441, "date": "10/8/2023" }, "geometry": { "type": "Point", "coordinates": [ -90.26644, 38.5889 ] } },
{ "type": "Feature", "properties": { "NIBRS_cat": "Burglary/Breaking and Entering", "crime_type": "Property", "latitude": 38.588947, "longitude": -90.233711, "date": "9/22/2025" }, "geometry": { "type": "Point", "coordinates": [ -90.23371, 38.58895 ] } },
{ "type": "Feature", "properties": { "NIBRS_cat": "Burglary/Breaking and Entering", "crime_type": "Property", "latitude": 38.588947, "longitude": -90.233711, "date": "9/22/2025" }, "geometry": { "type": "Point", "coordinates": [ -90.23371, 38.58895 ] } },
{ "type": "Feature", "properties": { "NIBRS_cat": "All Other Larceny", "crime_type": "Property", "latitude": 38.589138, "longitude": -90.230782, "date": "9/29/2025" }, "geometry": { "type": "Point", "coordinates": [ -90.23078, 38.58914 ] } },
{ "type": "Feature", "properties": { "NIBRS_cat": "Simple Assault", "crime_type": "Person", "latitude": 38.589138, "longitude": -90.230782, "date": "9/29/2025" }, "geometry": { "type": "Point", "coordinates": [ -90.23078, 38.58914 ] } },
{ "type": "Feature", "properties": { "NIBRS_cat": "All Other Larceny", "crime_type": "Property", "latitude": 38.589138, "longitude": -90.230782, "date": "9/29/2025" }, "geometry": { "type": "Point", "coordinates": [ -90.23078, 38.58914 ] } },
{ "type": "Feature", "properties": { "NIBRS_cat": "Simple Assault", "crime_type": "Person", "latitude": 38.589138, "longitude": -90.230782, "date": "9/29/2025" }, "geometry": { "type": "Point", "coordinates": [ -90.23078, 38.58914 ] } },
{ "type": "Feature", "properties": { "NIBRS_cat": "All Other Offenses", "crime_type": "Unspecified", "latitude": 38.589153, "longitude": -90.24382, "date": "9/23/2025" }, "geometry": { "type": "Point", "coordinates": [ -90.24382, 38.58915 ] } },
{ "type": "Feature", "properties": { "NIBRS_cat": "All Other Offenses", "crime_type": "Unspecified", "latitude": 38.589153, "longitude": -90.24382, "date": "9/23/2025" }, "geometry": { "type": "Point", "coordinates": [ -90.24382, 38.58915 ] } },
{ "type": "Feature", "properties": { "NIBRS_cat": "Aggravated Assault", "crime_type": "Person", "latitude": 38.589157, "longitude": -90.236931, "date": "8/3/2025" }, "geometry": { "type": "Point", "coordinates": [ -90.23693, 38.58916 ] } },
{ "type": "Feature", "properties": { "NIBRS_cat": "Aggravated Assault", "crime_type": "Person", "latitude": 38.589157, "longitude": -90.236931, "date": "8/3/2025" }, "geometry": { "type": "Point", "coordinates": [ -90.23693, 38.58916 ] } },
{ "type": "Feature", "properties": { "NIBRS_cat": "Aggravated Assault", "crime_type": "Person", "latitude": 38.589157, "longitude": -90.236931, "date": "8/3/2025" }, "geometry": { "type": "Point", "coordinates": [ -90.23693, 38.58916 ] } },
{ "type": "Feature", "properties": { "NIBRS_cat": "Aggravated Assault", "crime_type": "Person", "latitude": 38.589157, "longitude": -90.236931, "date": "8/3/2025" }, "geometry": { "type": "Point", "coordinates": [ -90.23693, 38.58916 ] } },
{ "type": "Feature", "properties": { "NIBRS_cat": "Aggravated Assault", "crime_type": "Person", "latitude": 38.589157, "longitude": -90.236931, "date": "8/3/2025" }, "geometry": { "type": "Point", "coordinates": [ -90.23693, 38.58916 ] } },
{ "type": "Feature", "properties": { "NIBRS_cat": "Destruction/Damage/Vandalism of Property", "crime_type": "Property", "latitude": 38.589157, "longitude": -90.236931, "date": "8/3/2025" }, "geometry": { "type": "Point", "coordinates": [ -90.23693, 38.58916 ] } },
{ "type": "Feature", "properties": { "NIBRS_cat": "Destruction/Damage/Vandalism of Property", "crime_type": "Property", "latitude": 38.589157, "longitude": -90.236931, "date": "8/3/2025" }, "geometry": { "type": "Point", "coordinates": [ -90.23693, 38.58916 ] } },
{ "type": "Feature", "properties": { "NIBRS_cat": "Aggravated Assault", "crime_type": "Person", "latitude": 38.589157, "longitude": -90.236931, "date": "8/3/2025" }, "geometry": { "type": "Point", "coordinates": [ -90.23693, 38.58916 ] } },
{ "type": "Feature", "properties": { "NIBRS_cat": "Aggravated Assault", "crime_type": "Person", "latitude": 38.589157, "longitude": -90.236931, "date": "8/3/2025" }, "geometry": { "type": "Point", "coordinates": [ -90.23693, 38.58916 ] } },
{ "type": "Feature", "properties": { "NIBRS_cat": "Aggravated Assault", "crime_type": "Person", "latitude": 38.589157, "longitude": -90.236931, "date": "8/3/2025" }, "geometry": { "type": "Point", "coordinates": [ -90.23693, 38.58916 ] } },
{ "type": "Feature", "properties": { "NIBRS_cat": "Intimidation", "crime_type": "Person", "latitude": 38.589165, "longitude": -90.264381, "date": "9/21/2025" }, "geometry": { "type": "Point", "coordinates": [ -90.26438, 38.58917 ] } },
{ "type": "Feature", "properties": { "NIBRS_cat": "Simple Assault", "crime_type": "Person", "latitude": 38.589165, "longitude": -90.264381, "date": "9/21/2025" }, "geometry": { "type": "Point", "coordinates": [ -90.26438, 38.58917 ] } },
{ "type": "Feature", "properties": { "NIBRS_cat": "Simple Assault", "crime_type": "Person", "latitude": 38.589165, "longitude": -90.264381, "date": "9/21/2025" }, "geometry": { "type": "Point", "coordinates": [ -90.26438, 38.58917 ] } },
{ "type": "Feature", "properties": { "NIBRS_cat": "Intimidation", "crime_type": "Person", "latitude": 38.589165, "longitude": -90.264381, "date": "9/21/2025" }, "geometry": { "type": "Point", "coordinates": [ -90.26438, 38.58917 ] } },
{ "type": "Feature", "properties": { "NIBRS_cat": "Robbery", "crime_type": "Person", "latitude": 38.589169, "longitude": -90.254601, "date": "9/4/2025" }, "geometry": { "type": "Point", "coordinates": [ -90.2546, 38.58917 ] } },
{ "type": "Feature", "properties": { "NIBRS_cat": "Burglary/Breaking and Entering", "crime_type": "Property", "latitude": 38.589169, "longitude": -90.254601, "date": "9/28/2025" }, "geometry": { "type": "Point", "coordinates": [ -90.2546, 38.58917 ] } },
{ "type": "Feature", "properties": { "NIBRS_cat": "Robbery", "crime_type": "Person", "latitude": 38.589169, "longitude": -90.254601, "date": "9/4/2025" }, "geometry": { "type": "Point", "coordinates": [ -90.2546, 38.58917 ] } },
{ "type": "Feature", "properties": { "NIBRS_cat": "Burglary/Breaking and Entering", "crime_type": "Property", "latitude": 38.589169, "longitude": -90.254601, "date": "9/28/2025" }, "geometry": { "type": "Point", "coordinates": [ -90.2546, 38.58917 ] } },
{ "type": "Feature", "properties": { "NIBRS_cat": "All Other Offenses", "crime_type": "Unspecified", "latitude": 38.589191, "longitude": -90.233154, "date": "9/10/2025" }, "geometry": { "type": "Point", "coordinates": [ -90.23315, 38.58919 ] } },
{ "type": "Feature", "properties": { "NIBRS_cat": "Trespass of Real Property", "crime_type": "Society", "latitude": 38.589191, "longitude": -90.233154, "date": "9/10/2025" }, "geometry": { "type": "Point", "coordinates": [ -90.23315, 38.58919 ] } },
{ "type": "Feature", "properties": { "NIBRS_cat": "All Other Offenses", "crime_type": "Unspecified", "latitude": 38.589191, "longitude": -90.233154, "date": "9/10/2025" }, "geometry": { "type": "Point", "coordinates": [ -90.23315, 38.58919 ] } },
{ "type": "Feature", "properties": { "NIBRS_cat": "Drug Equipment Violations", "crime_type": "Society", "latitude": 38.589191, "longitude": -90.233154, "date": "9/10/2025" }, "geometry": { "type": "Point", "coordinates": [ -90.23315, 38.58919 ] } },
{ "type": "Feature", "properties": { "NIBRS_cat": "Drug Equipment Violations", "crime_type": "Society", "latitude": 38.589191, "longitude": -90.233154, "date": "9/10/2025" }, "geometry": { "type": "Point", "coordinates": [ -90.23315, 38.58919 ] } },
{ "type": "Feature", "properties": { "NIBRS_cat": "Drug/Narcotic Violations", "crime_type": "Society", "latitude": 38.589191, "longitude": -90.233154, "date": "9/10/2025" }, "geometry": { "type": "Point", "coordinates": [ -90.23315, 38.58919 ] } },
{ "type": "Feature", "properties": { "NIBRS_cat": "Drug/Narcotic Violations", "crime_type": "Society", "latitude": 38.589191, "longitude": -90.233154, "date": "9/10/2025" }, "geometry": { "type": "Point", "coordinates": [ -90.23315, 38.58919 ] } },
{ "type": "Feature", "properties": { "NIBRS_cat": "Trespass of Real Property", "crime_type": "Society", "latitude": 38.589191, "longitude": -90.233154, "date": "9/10/2025" }, "geometry": { "type": "Point", "coordinates": [ -90.23315, 38.58919 ] } },
{ "type": "Feature", "properties": { "NIBRS_cat": "Theft From Motor Vehicle", "crime_type": "Property", "latitude": 38.589199, "longitude": -90.232498, "date": "9/25/2025" }, "geometry": { "type": "Point", "coordinates": [ -90.2325, 38.5892 ] } },
{ "type": "Feature", "properties": { "NIBRS_cat": "Theft From Motor Vehicle", "crime_type": "Property", "latitude": 38.589199, "longitude": -90.232498, "date": "9/25/2025" }, "geometry": { "type": "Point", "coordinates": [ -90.2325, 38.5892 ] } },
{ "type": "Feature", "properties": { "NIBRS_cat": "Theft From Motor Vehicle Parts/Accessories", "crime_type": "Property", "latitude": 38.589203, "longitude": -90.242393, "date": "9/19/2025" }, "geometry": { "type": "Point", "coordinates": [ -90.24239, 38.5892 ] } },
{ "type": "Feature", "properties": { "NIBRS_cat": "Theft From Motor Vehicle Parts/Accessories", "crime_type": "Property", "latitude": 38.589203, "longitude": -90.242393, "date": "9/19/2025" }, "geometry": { "type": "Point", "coordinates": [ -90.24239, 38.5892 ] } },
{ "type": "Feature", "properties": { "NIBRS_cat": "All Other Offenses", "crime_type": "Unspecified", "latitude": 38.589226, "longitude": -90.246056, "date": "9/9/2025" }, "geometry": { "type": "Point", "coordinates": [ -90.24606, 38.58923 ] } },
{ "type": "Feature", "properties": { "NIBRS_cat": "All Other Offenses", "crime_type": "Unspecified", "latitude": 38.589226, "longitude": -90.246056, "date": "9/9/2025" }, "geometry": { "type": "Point", "coordinates": [ -90.24606, 38.58923 ] } },
{ "type": "Feature", "properties": { "NIBRS_cat": "Weapons Law Violations", "crime_type": "Society", "latitude": 38.589264, "longitude": -90.239517, "date": "2/22/2024" }, "geometry": { "type": "Point", "coordinates": [ -90.23952, 38.58926 ] } },
{ "type": "Feature", "properties": { "NIBRS_cat": "Weapons Law Violations", "crime_type": "Society", "latitude": 38.589264, "longitude": -90.239517, "date": "2/22/2024" }, "geometry": { "type": "Point", "coordinates": [ -90.23952, 38.58926 ] } },
{ "type": "Feature", "properties": { "NIBRS_cat": "Theft From Motor Vehicle Parts/Accessories", "crime_type": "Property", "latitude": 38.589272, "longitude": -90.230782, "date": "9/4/2025" }, "geometry": { "type": "Point", "coordinates": [ -90.23078, 38.58927 ] } },
{ "type": "Feature", "properties": { "NIBRS_cat": "Theft From Motor Vehicle Parts/Accessories", "crime_type": "Property", "latitude": 38.589272, "longitude": -90.230782, "date": "9/4/2025" }, "geometry": { "type": "Point", "coordinates": [ -90.23078, 38.58927 ] } },
{ "type": "Feature", "properties": { "NIBRS_cat": "Destruction/Damage/Vandalism of Property", "crime_type": "Property", "latitude": 38.589279, "longitude": -90.220306, "date": "9/23/2025" }, "geometry": { "type": "Point", "coordinates": [ -90.22031, 38.58928 ] } },
{ "type": "Feature", "properties": { "NIBRS_cat": "Destruction/Damage/Vandalism of Property", "crime_type": "Property", "latitude": 38.589279, "longitude": -90.220306, "date": "9/23/2025" }, "geometry": { "type": "Point", "coordinates": [ -90.22031, 38.58928 ] } },
{ "type": "Feature", "properties": { "NIBRS_cat": "Aggravated Assault", "crime_type": "Person", "latitude": 38.589333, "longitude": -90.257118, "date": "9/30/2025" }, "geometry": { "type": "Point", "coordinates": [ -90.25712, 38.58933 ] } },
{ "type": "Feature", "properties": { "NIBRS_cat": "Theft From Motor Vehicle", "crime_type": "Property", "latitude": 38.589333, "longitude": -90.257118, "date": "9/30/2025" }, "geometry": { "type": "Point", "coordinates": [ -90.25712, 38.58933 ] } },
{ "type": "Feature", "properties": { "NIBRS_cat": "Aggravated Assault", "crime_type": "Person", "latitude": 38.589333, "longitude": -90.257118, "date": "9/30/2025" }, "geometry": { "type": "Point", "coordinates": [ -90.25712, 38.58933 ] } },
{ "type": "Feature", "properties": { "NIBRS_cat": "Theft From Motor Vehicle", "crime_type": "Property", "latitude": 38.589333, "longitude": -90.257118, "date": "9/30/2025" }, "geometry": { "type": "Point", "coordinates": [ -90.25712, 38.58933 ] } },
{ "type": "Feature", "properties": { "NIBRS_cat": "Trespass of Real Property", "crime_type": "Society", "latitude": 38.589336, "longitude": -90.257133, "date": "9/3/2025" }, "geometry": { "type": "Point", "coordinates": [ -90.25713, 38.58934 ] } },
{ "type": "Feature", "properties": { "NIBRS_cat": "Disorderly Conduct", "crime_type": "Society", "latitude": 38.589336, "longitude": -90.257133, "date": "9/10/2025" }, "geometry": { "type": "Point", "coordinates": [ -90.25713, 38.58934 ] } },
{ "type": "Feature", "properties": { "NIBRS_cat": "All Other Offenses", "crime_type": "Unspecified", "latitude": 38.589336, "longitude": -90.257133, "date": "9/3/2025" }, "geometry": { "type": "Point", "coordinates": [ -90.25713, 38.58934 ] } },
{ "type": "Feature", "properties": { "NIBRS_cat": "Disorderly Conduct", "crime_type": "Society", "latitude": 38.589336, "longitude": -90.257133, "date": "9/10/2025" }, "geometry": { "type": "Point", "coordinates": [ -90.25713, 38.58934 ] } },
{ "type": "Feature", "properties": { "NIBRS_cat": "Trespass of Real Property", "crime_type": "Society", "latitude": 38.589336, "longitude": -90.257133, "date": "9/3/2025" }, "geometry": { "type": "Point", "coordinates": [ -90.25713, 38.58934 ] } },
{ "type": "Feature", "properties": { "NIBRS_cat": "All Other Offenses", "crime_type": "Unspecified", "latitude": 38.589336, "longitude": -90.257133, "date": "9/3/2025" }, "geometry": { "type": "Point", "coordinates": [ -90.25713, 38.58934 ] } },
{ "type": "Feature", "properties": { "NIBRS_cat": "Trespass of Real Property", "crime_type": "Society", "latitude": 38.589458, "longitude": -90.256363, "date": "9/17/2025" }, "geometry": { "type": "Point", "coordinates": [ -90.25636, 38.58946 ] } },
{ "type": "Feature", "properties": { "NIBRS_cat": "Motor Vehicle Theft", "crime_type": "Property", "latitude": 38.589458, "longitude": -90.256363, "date": "9/6/2025" }, "geometry": { "type": "Point", "coordinates": [ -90.25636, 38.58946 ] } },
{ "type": "Feature", "properties": { "NIBRS_cat": "Motor Vehicle Theft", "crime_type": "Property", "latitude": 38.589458, "longitude": -90.256363, "date": "9/6/2025" }, "geometry": { "type": "Point", "coordinates": [ -90.25636, 38.58946 ] } },
{ "type": "Feature", "properties": { "NIBRS_cat": "Disorderly Conduct", "crime_type": "Society", "latitude": 38.589458, "longitude": -90.256363, "date": "9/17/2025" }, "geometry": { "type": "Point", "coordinates": [ -90.25636, 38.58946 ] } },
{ "type": "Feature", "properties": { "NIBRS_cat": "Disorderly Conduct", "crime_type": "Society", "latitude": 38.589458, "longitude": -90.256363, "date": "9/17/2025" }, "geometry": { "type": "Point", "coordinates": [ -90.25636, 38.58946 ] } },
{ "type": "Feature", "properties": { "NIBRS_cat": "Trespass of Real Property", "crime_type": "Society", "latitude": 38.589458, "longitude": -90.256363, "date": "9/17/2025" }, "geometry": { "type": "Point", "coordinates": [ -90.25636, 38.58946 ] } },
{ "type": "Feature", "properties": { "NIBRS_cat": "Weapons Law Violations", "crime_type": "Society", "latitude": 38.589474, "longitude": -90.248589, "date": "9/20/2025" }, "geometry": { "type": "Point", "coordinates": [ -90.24859, 38.58947 ] } },
{ "type": "Feature", "properties": { "NIBRS_cat": "Weapons Law Violations", "crime_type": "Society", "latitude": 38.589474, "longitude": -90.248589, "date": "9/20/2025" }, "geometry": { "type": "Point", "coordinates": [ -90.24859, 38.58947 ] } },
{ "type": "Feature", "properties": { "NIBRS_cat": "All Other Offenses", "crime_type": "Unspecified", "latitude": 38.589478, "longitude": -90.264442, "date": "9/3/2025" }, "geometry": { "type": "Point", "coordinates": [ -90.26444, 38.58948 ] } },
{ "type": "Feature", "properties": { "NIBRS_cat": "All Other Offenses", "crime_type": "Unspecified", "latitude": 38.589478, "longitude": -90.264442, "date": "9/3/2025" }, "geometry": { "type": "Point", "coordinates": [ -90.26444, 38.58948 ] } },
{ "type": "Feature", "properties": { "NIBRS_cat": "Destruction/Damage/Vandalism of Property", "crime_type": "Property", "latitude": 38.58952, "longitude": -90.250847, "date": "9/9/2025" }, "geometry": { "type": "Point", "coordinates": [ -90.25085, 38.58952 ] } },
{ "type": "Feature", "properties": { "NIBRS_cat": "Destruction/Damage/Vandalism of Property", "crime_type": "Property", "latitude": 38.58952, "longitude": -90.250847, "date": "9/9/2025" }, "geometry": { "type": "Point", "coordinates": [ -90.25085, 38.58952 ] } },
{ "type": "Feature", "properties": { "NIBRS_cat": "All Other Larceny", "crime_type": "Property", "latitude": 38.589523, "longitude": -90.221451, "date": "9/17/2025" }, "geometry": { "type": "Point", "coordinates": [ -90.22145, 38.58952 ] } },
{ "type": "Feature", "properties": { "NIBRS_cat": "All Other Larceny", "crime_type": "Property", "latitude": 38.589523, "longitude": -90.221451, "date": "9/17/2025" }, "geometry": { "type": "Point", "coordinates": [ -90.22145, 38.58952 ] } },
{ "type": "Feature", "properties": { "NIBRS_cat": "Burglary/Breaking and Entering", "crime_type": "Property", "latitude": 38.589584, "longitude": -90.238762, "date": "8/27/2025" }, "geometry": { "type": "Point", "coordinates": [ -90.23876, 38.58958 ] } },
{ "type": "Feature", "properties": { "NIBRS_cat": "Burglary/Breaking and Entering", "crime_type": "Property", "latitude": 38.589584, "longitude": -90.238762, "date": "8/27/2025" }, "geometry": { "type": "Point", "coordinates": [ -90.23876, 38.58958 ] } },
{ "type": "Feature", "properties": { "NIBRS_cat": "All Other Offenses", "crime_type": "Unspecified", "latitude": 38.589664, "longitude": -90.255249, "date": "9/1/2025" }, "geometry": { "type": "Point", "coordinates": [ -90.25525, 38.58966 ] } },
{ "type": "Feature", "properties": { "NIBRS_cat": "All Other Offenses", "crime_type": "Unspecified", "latitude": 38.589664, "longitude": -90.255249, "date": "9/1/2025" }, "geometry": { "type": "Point", "coordinates": [ -90.25525, 38.58966 ] } },
{ "type": "Feature", "properties": { "NIBRS_cat": "Destruction/Damage/Vandalism of Property", "crime_type": "Property", "latitude": 38.589725, "longitude": -90.236488, "date": "1/6/2023" }, "geometry": { "type": "Point", "coordinates": [ -90.23649, 38.58973 ] } },
{ "type": "Feature", "properties": { "NIBRS_cat": "Destruction/Damage/Vandalism of Property", "crime_type": "Property", "latitude": 38.589725, "longitude": -90.236488, "date": "1/6/2023" }, "geometry": { "type": "Point", "coordinates": [ -90.23649, 38.58973 ] } },
{ "type": "Feature", "properties": { "NIBRS_cat": "All Other Larceny", "crime_type": "Property", "latitude": 38.589725, "longitude": -90.236488, "date": "1/6/2023" }, "geometry": { "type": "Point", "coordinates": [ -90.23649, 38.58973 ] } },
{ "type": "Feature", "properties": { "NIBRS_cat": "All Other Larceny", "crime_type": "Property", "latitude": 38.589725, "longitude": -90.236488, "date": "1/6/2023" }, "geometry": { "type": "Point", "coordinates": [ -90.23649, 38.58973 ] } },
{ "type": "Feature", "properties": { "NIBRS_cat": "All Other Larceny", "crime_type": "Property", "latitude": 38.589741, "longitude": -90.222351, "date": "9/17/2025" }, "geometry": { "type": "Point", "coordinates": [ -90.22235, 38.58974 ] } },
{ "type": "Feature", "properties": { "NIBRS_cat": "All Other Larceny", "crime_type": "Property", "latitude": 38.589741, "longitude": -90.222351, "date": "9/17/2025" }, "geometry": { "type": "Point", "coordinates": [ -90.22235, 38.58974 ] } },
{ "type": "Feature", "properties": { "NIBRS_cat": "Weapons Law Violations", "crime_type": "Society", "latitude": 38.589783, "longitude": -90.233269, "date": "8/24/2024" }, "geometry": { "type": "Point", "coordinates": [ -90.23327, 38.58978 ] } },
{ "type": "Feature", "properties": { "NIBRS_cat": "Weapons Law Violations", "crime_type": "Society", "latitude": 38.589783, "longitude": -90.233269, "date": "8/24/2024" }, "geometry": { "type": "Point", "coordinates": [ -90.23327, 38.58978 ] } },
{ "type": "Feature", "properties": { "NIBRS_cat": "Shoplifting", "crime_type": "Property", "latitude": 38.589821, "longitude": -90.273972, "date": "9/30/2025" }, "geometry": { "type": "Point", "coordinates": [ -90.27397, 38.58982 ] } },
{ "type": "Feature", "properties": { "NIBRS_cat": "Intimidation", "crime_type": "Person", "latitude": 38.589821, "longitude": -90.273972, "date": "9/30/2025" }, "geometry": { "type": "Point", "coordinates": [ -90.27397, 38.58982 ] } },
{ "type": "Feature", "properties": { "NIBRS_cat": "Shoplifting", "crime_type": "Property", "latitude": 38.589821, "longitude": -90.273972, "date": "9/30/2025" }, "geometry": { "type": "Point", "coordinates": [ -90.27397, 38.58982 ] } },
{ "type": "Feature", "properties": { "NIBRS_cat": "Intimidation", "crime_type": "Person", "latitude": 38.589821, "longitude": -90.273972, "date": "9/30/2025" }, "geometry": { "type": "Point", "coordinates": [ -90.27397, 38.58982 ] } },
{ "type": "Feature", "properties": { "NIBRS_cat": "Simple Assault", "crime_type": "Person", "latitude": 38.589828, "longitude": -90.224716, "date": "9/17/2025" }, "geometry": { "type": "Point", "coordinates": [ -90.22472, 38.58983 ] } },
{ "type": "Feature", "properties": { "NIBRS_cat": "Simple Assault", "crime_type": "Person", "latitude": 38.589828, "longitude": -90.224716, "date": "9/17/2025" }, "geometry": { "type": "Point", "coordinates": [ -90.22472, 38.58983 ] } },
{ "type": "Feature", "properties": { "NIBRS_cat": "Simple Assault", "crime_type": "Person", "latitude": 38.589828, "longitude": -90.224716, "date": "9/17/2025" }, "geometry": { "type": "Point", "coordinates": [ -90.22472, 38.58983 ] } },
{ "type": "Feature", "properties": { "NIBRS_cat": "Simple Assault", "crime_type": "Person", "latitude": 38.589828, "longitude": -90.224716, "date": "9/17/2025" }, "geometry": { "type": "Point", "coordinates": [ -90.22472, 38.58983 ] } },
{ "type": "Feature", "properties": { "NIBRS_cat": "Stolen Property Offenses", "crime_type": "Property", "latitude": 38.589901, "longitude": -90.240753, "date": "8/22/2025" }, "geometry": { "type": "Point", "coordinates": [ -90.24075, 38.5899 ] } },
{ "type": "Feature", "properties": { "NIBRS_cat": "Stolen Property Offenses", "crime_type": "Property", "latitude": 38.589901, "longitude": -90.240753, "date": "8/22/2025" }, "geometry": { "type": "Point", "coordinates": [ -90.24075, 38.5899 ] } },
{ "type": "Feature", "properties": { "NIBRS_cat": "Stolen Property Offenses", "crime_type": "Property", "latitude": 38.589901, "longitude": -90.240753, "date": "8/22/2025" }, "geometry": { "type": "Point", "coordinates": [ -90.24075, 38.5899 ] } },
{ "type": "Feature", "properties": { "NIBRS_cat": "Stolen Property Offenses", "crime_type": "Property", "latitude": 38.589901, "longitude": -90.240753, "date": "8/22/2025" }, "geometry": { "type": "Point", "coordinates": [ -90.24075, 38.5899 ] } },
{ "type": "Feature", "properties": { "NIBRS_cat": "Stolen Property Offenses", "crime_type": "Property", "latitude": 38.589901, "longitude": -90.240753, "date": "8/22/2025" }, "geometry": { "type": "Point", "coordinates": [ -90.24075, 38.5899 ] } },
{ "type": "Feature", "properties": { "NIBRS_cat": "Stolen Property Offenses", "crime_type": "Property", "latitude": 38.589901, "longitude": -90.240753, "date": "8/22/2025" }, "geometry": { "type": "Point", "coordinates": [ -90.24075, 38.5899 ] } },
{ "type": "Feature", "properties": { "NIBRS_cat": "All Other Offenses", "crime_type": "Unspecified", "latitude": 38.589909, "longitude": -90.256989, "date": "9/2/2025" }, "geometry": { "type": "Point", "coordinates": [ -90.25699, 38.58991 ] } },
{ "type": "Feature", "properties": { "NIBRS_cat": "All Other Offenses", "crime_type": "Unspecified", "latitude": 38.589909, "longitude": -90.256989, "date": "9/2/2025" }, "geometry": { "type": "Point", "coordinates": [ -90.25699, 38.58991 ] } },
{ "type": "Feature", "properties": { "NIBRS_cat": "Destruction/Damage/Vandalism of Property", "crime_type": "Property", "latitude": 38.589943, "longitude": -90.272293, "date": "9/22/2025" }, "geometry": { "type": "Point", "coordinates": [ -90.27229, 38.58994 ] } },
{ "type": "Feature", "properties": { "NIBRS_cat": "Destruction/Damage/Vandalism of Property", "crime_type": "Property", "latitude": 38.589943, "longitude": -90.272293, "date": "9/22/2025" }, "geometry": { "type": "Point", "coordinates": [ -90.27229, 38.58994 ] } },
{ "type": "Feature", "properties": { "NIBRS_cat": "Trespass of Real Property", "crime_type": "Society", "latitude": 38.589943, "longitude": -90.272293, "date": "9/22/2025" }, "geometry": { "type": "Point", "coordinates": [ -90.27229, 38.58994 ] } },
{ "type": "Feature", "properties": { "NIBRS_cat": "Trespass of Real Property", "crime_type": "Society", "latitude": 38.589943, "longitude": -90.272293, "date": "9/22/2025" }, "geometry": { "type": "Point", "coordinates": [ -90.27229, 38.58994 ] } },
{ "type": "Feature", "properties": { "NIBRS_cat": "All Other Offenses", "crime_type": "Unspecified", "latitude": 38.589962, "longitude": -90.23037, "date": "9/3/2025" }, "geometry": { "type": "Point", "coordinates": [ -90.23037, 38.58996 ] } },
{ "type": "Feature", "properties": { "NIBRS_cat": "All Other Offenses", "crime_type": "Unspecified", "latitude": 38.589962, "longitude": -90.23037, "date": "9/3/2025" }, "geometry": { "type": "Point", "coordinates": [ -90.23037, 38.58996 ] } },
{ "type": "Feature", "properties": { "NIBRS_cat": "All Other Offenses", "crime_type": "Unspecified", "latitude": 38.590019, "longitude": -90.245163, "date": "9/16/2025" }, "geometry": { "type": "Point", "coordinates": [ -90.24516, 38.59002 ] } },
{ "type": "Feature", "properties": { "NIBRS_cat": "All Other Offenses", "crime_type": "Unspecified", "latitude": 38.590019, "longitude": -90.245163, "date": "9/16/2025" }, "geometry": { "type": "Point", "coordinates": [ -90.24516, 38.59002 ] } },
{ "type": "Feature", "properties": { "NIBRS_cat": "All Other Offenses", "crime_type": "Unspecified", "latitude": 38.590019, "longitude": -90.245163, "date": "9/16/2025" }, "geometry": { "type": "Point", "coordinates": [ -90.24516, 38.59002 ] } },
{ "type": "Feature", "properties": { "NIBRS_cat": "All Other Offenses", "crime_type": "Unspecified", "latitude": 38.590019, "longitude": -90.245163, "date": "9/16/2025" }, "geometry": { "type": "Point", "coordinates": [ -90.24516, 38.59002 ] } },
{ "type": "Feature", "properties": { "NIBRS_cat": "Burglary/Breaking and Entering", "crime_type": "Property", "latitude": 38.590031, "longitude": -90.263206, "date": "9/3/2025" }, "geometry": { "type": "Point", "coordinates": [ -90.26321, 38.59003 ] } },
{ "type": "Feature", "properties": { "NIBRS_cat": "Destruction/Damage/Vandalism of Property", "crime_type": "Property", "latitude": 38.590031, "longitude": -90.263206, "date": "9/3/2025" }, "geometry": { "type": "Point", "coordinates": [ -90.26321, 38.59003 ] } },
{ "type": "Feature", "properties": { "NIBRS_cat": "Burglary/Breaking and Entering", "crime_type": "Property", "latitude": 38.590031, "longitude": -90.263206, "date": "9/3/2025" }, "geometry": { "type": "Point", "coordinates": [ -90.26321, 38.59003 ] } },
{ "type": "Feature", "properties": { "NIBRS_cat": "Destruction/Damage/Vandalism of Property", "crime_type": "Property", "latitude": 38.590031, "longitude": -90.263206, "date": "9/3/2025" }, "geometry": { "type": "Point", "coordinates": [ -90.26321, 38.59003 ] } },
{ "type": "Feature", "properties": { "NIBRS_cat": "Destruction/Damage/Vandalism of Property", "crime_type": "Property", "latitude": 38.590038, "longitude": -90.218361, "date": "9/20/2025" }, "geometry": { "type": "Point", "coordinates": [ -90.21836, 38.59004 ] } },
{ "type": "Feature", "properties": { "NIBRS_cat": "Destruction/Damage/Vandalism of Property", "crime_type": "Property", "latitude": 38.590038, "longitude": -90.218361, "date": "9/20/2025" }, "geometry": { "type": "Point", "coordinates": [ -90.21836, 38.59004 ] } },
{ "type": "Feature", "properties": { "NIBRS_cat": "Theft From Motor Vehicle", "crime_type": "Property", "latitude": 38.590088, "longitude": -90.257446, "date": "9/14/2025" }, "geometry": { "type": "Point", "coordinates": [ -90.25745, 38.59009 ] } },
{ "type": "Feature", "properties": { "NIBRS_cat": "Destruction/Damage/Vandalism of Property", "crime_type": "Property", "latitude": 38.590088, "longitude": -90.257446, "date": "9/14/2025" }, "geometry": { "type": "Point", "coordinates": [ -90.25745, 38.59009 ] } },
{ "type": "Feature", "properties": { "NIBRS_cat": "Destruction/Damage/Vandalism of Property", "crime_type": "Property", "latitude": 38.590088, "longitude": -90.257446, "date": "9/14/2025" }, "geometry": { "type": "Point", "coordinates": [ -90.25745, 38.59009 ] } },
{ "type": "Feature", "properties": { "NIBRS_cat": "Theft From Motor Vehicle", "crime_type": "Property", "latitude": 38.590088, "longitude": -90.257446, "date": "9/14/2025" }, "geometry": { "type": "Point", "coordinates": [ -90.25745, 38.59009 ] } },
{ "type": "Feature", "properties": { "NIBRS_cat": "Intimidation", "crime_type": "Person", "latitude": 38.590096, "longitude": -90.262711, "date": "9/21/2025" }, "geometry": { "type": "Point", "coordinates": [ -90.26271, 38.5901 ] } },
{ "type": "Feature", "properties": { "NIBRS_cat": "Intimidation", "crime_type": "Person", "latitude": 38.590096, "longitude": -90.262711, "date": "9/21/2025" }, "geometry": { "type": "Point", "coordinates": [ -90.26271, 38.5901 ] } },
{ "type": "Feature", "properties": { "NIBRS_cat": "All Other Larceny", "crime_type": "Property", "latitude": 38.59013, "longitude": -90.249222, "date": "9/8/2025" }, "geometry": { "type": "Point", "coordinates": [ -90.24922, 38.59013 ] } },
{ "type": "Feature", "properties": { "NIBRS_cat": "All Other Larceny", "crime_type": "Property", "latitude": 38.59013, "longitude": -90.249222, "date": "9/8/2025" }, "geometry": { "type": "Point", "coordinates": [ -90.24922, 38.59013 ] } },
{ "type": "Feature", "properties": { "NIBRS_cat": "All Other Offenses", "crime_type": "Unspecified", "latitude": 38.59016, "longitude": -90.221199, "date": "9/15/2025" }, "geometry": { "type": "Point", "coordinates": [ -90.2212, 38.59016 ] } },
{ "type": "Feature", "properties": { "NIBRS_cat": "All Other Offenses", "crime_type": "Unspecified", "latitude": 38.59016, "longitude": -90.221199, "date": "9/15/2025" }, "geometry": { "type": "Point", "coordinates": [ -90.2212, 38.59016 ] } },
{ "type": "Feature", "properties": { "NIBRS_cat": "False Pretense/Swindle/Confidence Game", "crime_type": "Property", "latitude": 38.590191, "longitude": -90.220909, "date": "8/26/2025" }, "geometry": { "type": "Point", "coordinates": [ -90.22091, 38.59019 ] } },
{ "type": "Feature", "properties": { "NIBRS_cat": "False Pretense/Swindle/Confidence Game", "crime_type": "Property", "latitude": 38.590191, "longitude": -90.220909, "date": "8/26/2025" }, "geometry": { "type": "Point", "coordinates": [ -90.22091, 38.59019 ] } },
{ "type": "Feature", "properties": { "NIBRS_cat": "Robbery", "crime_type": "Person", "latitude": 38.590229, "longitude": -90.230873, "date": "9/17/2025" }, "geometry": { "type": "Point", "coordinates": [ -90.23087, 38.59023 ] } },
{ "type": "Feature", "properties": { "NIBRS_cat": "Robbery", "crime_type": "Person", "latitude": 38.590229, "longitude": -90.230873, "date": "9/17/2025" }, "geometry": { "type": "Point", "coordinates": [ -90.23087, 38.59023 ] } },
{ "type": "Feature", "properties": { "NIBRS_cat": "Theft From Motor Vehicle", "crime_type": "Property", "latitude": 38.590248, "longitude": -90.273407, "date": "5/31/2025" }, "geometry": { "type": "Point", "coordinates": [ -90.27341, 38.59025 ] } },
{ "type": "Feature", "properties": { "NIBRS_cat": "Theft From Motor Vehicle", "crime_type": "Property", "latitude": 38.590248, "longitude": -90.273407, "date": "5/31/2025" }, "geometry": { "type": "Point", "coordinates": [ -90.27341, 38.59025 ] } },
{ "type": "Feature", "properties": { "NIBRS_cat": "Theft From Motor Vehicle", "crime_type": "Property", "latitude": 38.590248, "longitude": -90.273407, "date": "5/31/2025" }, "geometry": { "type": "Point", "coordinates": [ -90.27341, 38.59025 ] } },
{ "type": "Feature", "properties": { "NIBRS_cat": "Theft From Motor Vehicle", "crime_type": "Property", "latitude": 38.590248, "longitude": -90.273407, "date": "5/31/2025" }, "geometry": { "type": "Point", "coordinates": [ -90.27341, 38.59025 ] } },
{ "type": "Feature", "properties": { "NIBRS_cat": "Destruction/Damage/Vandalism of Property", "crime_type": "Property", "latitude": 38.590263, "longitude": -90.237457, "date": "9/6/2025" }, "geometry": { "type": "Point", "coordinates": [ -90.23746, 38.59026 ] } },
{ "type": "Feature", "properties": { "NIBRS_cat": "Destruction/Damage/Vandalism of Property", "crime_type": "Property", "latitude": 38.590263, "longitude": -90.237457, "date": "9/6/2025" }, "geometry": { "type": "Point", "coordinates": [ -90.23746, 38.59026 ] } },
{ "type": "Feature", "properties": { "NIBRS_cat": "All Other Offenses", "crime_type": "Unspecified", "latitude": 38.590321, "longitude": -90.265938, "date": "9/12/2025" }, "geometry": { "type": "Point", "coordinates": [ -90.26594, 38.59032 ] } },
{ "type": "Feature", "properties": { "NIBRS_cat": "All Other Offenses", "crime_type": "Unspecified", "latitude": 38.590321, "longitude": -90.265938, "date": "9/12/2025" }, "geometry": { "type": "Point", "coordinates": [ -90.26594, 38.59032 ] } },
{ "type": "Feature", "properties": { "NIBRS_cat": "Simple Assault", "crime_type": "Person", "latitude": 38.590332, "longitude": -90.238716, "date": "9/7/2025" }, "geometry": { "type": "Point", "coordinates": [ -90.23872, 38.59033 ] } },
{ "type": "Feature", "properties": { "NIBRS_cat": "Simple Assault", "crime_type": "Person", "latitude": 38.590332, "longitude": -90.238716, "date": "9/7/2025" }, "geometry": { "type": "Point", "coordinates": [ -90.23872, 38.59033 ] } },
{ "type": "Feature", "properties": { "NIBRS_cat": "Simple Assault", "crime_type": "Person", "latitude": 38.590332, "longitude": -90.238716, "date": "9/7/2025" }, "geometry": { "type": "Point", "coordinates": [ -90.23872, 38.59033 ] } },
{ "type": "Feature", "properties": { "NIBRS_cat": "Simple Assault", "crime_type": "Person", "latitude": 38.590332, "longitude": -90.238716, "date": "9/7/2025" }, "geometry": { "type": "Point", "coordinates": [ -90.23872, 38.59033 ] } },
{ "type": "Feature", "properties": { "NIBRS_cat": "Burglary/Breaking and Entering", "crime_type": "Property", "latitude": 38.590343, "longitude": -90.232201, "date": "9/18/2025" }, "geometry": { "type": "Point", "coordinates": [ -90.2322, 38.59034 ] } },
{ "type": "Feature", "properties": { "NIBRS_cat": "Burglary/Breaking and Entering", "crime_type": "Property", "latitude": 38.590343, "longitude": -90.232201, "date": "9/18/2025" }, "geometry": { "type": "Point", "coordinates": [ -90.2322, 38.59034 ] } },
{ "type": "Feature", "properties": { "NIBRS_cat": "Theft From Motor Vehicle Parts/Accessories", "crime_type": "Property", "latitude": 38.590343, "longitude": -90.232201, "date": "9/18/2025" }, "geometry": { "type": "Point", "coordinates": [ -90.2322, 38.59034 ] } },
{ "type": "Feature", "properties": { "NIBRS_cat": "Motor Vehicle Theft", "crime_type": "Property", "latitude": 38.590343, "longitude": -90.232201, "date": "9/18/2025" }, "geometry": { "type": "Point", "coordinates": [ -90.2322, 38.59034 ] } },
{ "type": "Feature", "properties": { "NIBRS_cat": "Theft From Motor Vehicle Parts/Accessories", "crime_type": "Property", "latitude": 38.590343, "longitude": -90.232201, "date": "9/18/2025" }, "geometry": { "type": "Point", "coordinates": [ -90.2322, 38.59034 ] } },
{ "type": "Feature", "properties": { "NIBRS_cat": "Motor Vehicle Theft", "crime_type": "Property", "latitude": 38.590343, "longitude": -90.232201, "date": "9/18/2025" }, "geometry": { "type": "Point", "coordinates": [ -90.2322, 38.59034 ] } },
{ "type": "Feature", "properties": { "NIBRS_cat": "Trespass of Real Property", "crime_type": "Society", "latitude": 38.590405, "longitude": -90.270699, "date": "7/14/2025" }, "geometry": { "type": "Point", "coordinates": [ -90.2707, 38.5904 ] } },
{ "type": "Feature", "properties": { "NIBRS_cat": "Burglary/Breaking and Entering", "crime_type": "Property", "latitude": 38.590405, "longitude": -90.270699, "date": "7/11/2025" }, "geometry": { "type": "Point", "coordinates": [ -90.2707, 38.5904 ] } },
{ "type": "Feature", "properties": { "NIBRS_cat": "Burglary/Breaking and Entering", "crime_type": "Property", "latitude": 38.590405, "longitude": -90.270699, "date": "7/11/2025" }, "geometry": { "type": "Point", "coordinates": [ -90.2707, 38.5904 ] } },
{ "type": "Feature", "properties": { "NIBRS_cat": "Trespass of Real Property", "crime_type": "Society", "latitude": 38.590405, "longitude": -90.270699, "date": "7/14/2025" }, "geometry": { "type": "Point", "coordinates": [ -90.2707, 38.5904 ] } },
{ "type": "Feature", "properties": { "NIBRS_cat": "Shoplifting", "crime_type": "Property", "latitude": 38.590405, "longitude": -90.270699, "date": "7/14/2025" }, "geometry": { "type": "Point", "coordinates": [ -90.2707, 38.5904 ] } },
{ "type": "Feature", "properties": { "NIBRS_cat": "Shoplifting", "crime_type": "Property", "latitude": 38.590405, "longitude": -90.270699, "date": "7/14/2025" }, "geometry": { "type": "Point", "coordinates": [ -90.2707, 38.5904 ] } },
{ "type": "Feature", "properties": { "NIBRS_cat": "All Other Offenses", "crime_type": "Unspecified", "latitude": 38.590473, "longitude": -90.242706, "date": "9/1/2025" }, "geometry": { "type": "Point", "coordinates": [ -90.24271, 38.59047 ] } },
{ "type": "Feature", "properties": { "NIBRS_cat": "All Other Offenses", "crime_type": "Unspecified", "latitude": 38.590473, "longitude": -90.242706, "date": "9/1/2025" }, "geometry": { "type": "Point", "coordinates": [ -90.24271, 38.59047 ] } },
{ "type": "Feature", "properties": { "NIBRS_cat": "All Other Offenses", "crime_type": "Unspecified", "latitude": 38.590515, "longitude": -90.261314, "date": "9/7/2025" }, "geometry": { "type": "Point", "coordinates": [ -90.26131, 38.59052 ] } },
{ "type": "Feature", "properties": { "NIBRS_cat": "All Other Offenses", "crime_type": "Unspecified", "latitude": 38.590515, "longitude": -90.261314, "date": "9/7/2025" }, "geometry": { "type": "Point", "coordinates": [ -90.26131, 38.59052 ] } },
{ "type": "Feature", "properties": { "NIBRS_cat": "False Pretense/Swindle/Confidence Game", "crime_type": "Property", "latitude": 38.590527, "longitude": -90.267471, "date": "9/19/2025" }, "geometry": { "type": "Point", "coordinates": [ -90.26747, 38.59053 ] } },
{ "type": "Feature", "properties": { "NIBRS_cat": "False Pretense/Swindle/Confidence Game", "crime_type": "Property", "latitude": 38.590527, "longitude": -90.267471, "date": "9/19/2025" }, "geometry": { "type": "Point", "coordinates": [ -90.26747, 38.59053 ] } },
{ "type": "Feature", "properties": { "NIBRS_cat": "Intimidation", "crime_type": "Person", "latitude": 38.590569, "longitude": -90.237206, "date": "9/15/2025" }, "geometry": { "type": "Point", "coordinates": [ -90.23721, 38.59057 ] } },
{ "type": "Feature", "properties": { "NIBRS_cat": "Weapons Law Violations", "crime_type": "Society", "latitude": 38.590569, "longitude": -90.237206, "date": "9/15/2025" }, "geometry": { "type": "Point", "coordinates": [ -90.23721, 38.59057 ] } },
{ "type": "Feature", "properties": { "NIBRS_cat": "Weapons Law Violations", "crime_type": "Society", "latitude": 38.590569, "longitude": -90.237206, "date": "9/15/2025" }, "geometry": { "type": "Point", "coordinates": [ -90.23721, 38.59057 ] } },
{ "type": "Feature", "properties": { "NIBRS_cat": "Intimidation", "crime_type": "Person", "latitude": 38.590569, "longitude": -90.237206, "date": "9/15/2025" }, "geometry": { "type": "Point", "coordinates": [ -90.23721, 38.59057 ] } },
{ "type": "Feature", "properties": { "NIBRS_cat": "Weapons Law Violations", "crime_type": "Society", "latitude": 38.590569, "longitude": -90.237206, "date": "9/15/2025" }, "geometry": { "type": "Point", "coordinates": [ -90.23721, 38.59057 ] } },
{ "type": "Feature", "properties": { "NIBRS_cat": "Weapons Law Violations", "crime_type": "Society", "latitude": 38.590569, "longitude": -90.237206, "date": "9/15/2025" }, "geometry": { "type": "Point", "coordinates": [ -90.23721, 38.59057 ] } },
{ "type": "Feature", "properties": { "NIBRS_cat": "Weapons Law Violations", "crime_type": "Society", "latitude": 38.590588, "longitude": -90.237389, "date": "7/19/2025" }, "geometry": { "type": "Point", "coordinates": [ -90.23739, 38.59059 ] } },
{ "type": "Feature", "properties": { "NIBRS_cat": "Weapons Law Violations", "crime_type": "Society", "latitude": 38.590588, "longitude": -90.237389, "date": "7/19/2025" }, "geometry": { "type": "Point", "coordinates": [ -90.23739, 38.59059 ] } },
{ "type": "Feature", "properties": { "NIBRS_cat": "Theft From Building", "crime_type": "Property", "latitude": 38.590611, "longitude": -90.241005, "date": "9/1/2025" }, "geometry": { "type": "Point", "coordinates": [ -90.24101, 38.59061 ] } },
{ "type": "Feature", "properties": { "NIBRS_cat": "Intimidation", "crime_type": "Person", "latitude": 38.590611, "longitude": -90.241005, "date": "9/1/2025" }, "geometry": { "type": "Point", "coordinates": [ -90.24101, 38.59061 ] } },
{ "type": "Feature", "properties": { "NIBRS_cat": "Intimidation", "crime_type": "Person", "latitude": 38.590611, "longitude": -90.241005, "date": "9/1/2025" }, "geometry": { "type": "Point", "coordinates": [ -90.24101, 38.59061 ] } },
{ "type": "Feature", "properties": { "NIBRS_cat": "Theft From Building", "crime_type": "Property", "latitude": 38.590611, "longitude": -90.241005, "date": "9/1/2025" }, "geometry": { "type": "Point", "coordinates": [ -90.24101, 38.59061 ] } },
{ "type": "Feature", "properties": { "NIBRS_cat": "Motor Vehicle Theft", "crime_type": "Property", "latitude": 38.590672, "longitude": -90.238647, "date": "8/26/2025" }, "geometry": { "type": "Point", "coordinates": [ -90.23865, 38.59067 ] } },
{ "type": "Feature", "properties": { "NIBRS_cat": "Motor Vehicle Theft", "crime_type": "Property", "latitude": 38.590672, "longitude": -90.238647, "date": "8/26/2025" }, "geometry": { "type": "Point", "coordinates": [ -90.23865, 38.59067 ] } },
{ "type": "Feature", "properties": { "NIBRS_cat": "Weapons Law Violations", "crime_type": "Society", "latitude": 38.590714, "longitude": -90.232391, "date": "9/17/2025" }, "geometry": { "type": "Point", "coordinates": [ -90.23239, 38.59071 ] } },
{ "type": "Feature", "properties": { "NIBRS_cat": "Simple Assault", "crime_type": "Person", "latitude": 38.590714, "longitude": -90.247643, "date": "9/15/2025" }, "geometry": { "type": "Point", "coordinates": [ -90.24764, 38.59071 ] } },
{ "type": "Feature", "properties": { "NIBRS_cat": "Weapons Law Violations", "crime_type": "Society", "latitude": 38.590714, "longitude": -90.232391, "date": "9/17/2025" }, "geometry": { "type": "Point", "coordinates": [ -90.23239, 38.59071 ] } },
{ "type": "Feature", "properties": { "NIBRS_cat": "Simple Assault", "crime_type": "Person", "latitude": 38.590714, "longitude": -90.247643, "date": "9/15/2025" }, "geometry": { "type": "Point", "coordinates": [ -90.24764, 38.59071 ] } },
{ "type": "Feature", "properties": { "NIBRS_cat": "All Other Offenses", "crime_type": "Unspecified", "latitude": 38.590744, "longitude": -90.253471, "date": "9/2/2025" }, "geometry": { "type": "Point", "coordinates": [ -90.25347, 38.59074 ] } },
{ "type": "Feature", "properties": { "NIBRS_cat": "All Other Offenses", "crime_type": "Unspecified", "latitude": 38.590744, "longitude": -90.253471, "date": "9/2/2025" }, "geometry": { "type": "Point", "coordinates": [ -90.25347, 38.59074 ] } },
{ "type": "Feature", "properties": { "NIBRS_cat": "All Other Offenses", "crime_type": "Unspecified", "latitude": 38.590767, "longitude": -90.252853, "date": "9/21/2025" }, "geometry": { "type": "Point", "coordinates": [ -90.25285, 38.59077 ] } },
{ "type": "Feature", "properties": { "NIBRS_cat": "All Other Offenses", "crime_type": "Unspecified", "latitude": 38.590767, "longitude": -90.252853, "date": "9/21/2025" }, "geometry": { "type": "Point", "coordinates": [ -90.25285, 38.59077 ] } },
{ "type": "Feature", "properties": { "NIBRS_cat": "All Other Offenses", "crime_type": "Unspecified", "latitude": 38.590805, "longitude": -90.232727, "date": "9/14/2025" }, "geometry": { "type": "Point", "coordinates": [ -90.23273, 38.59081 ] } },
{ "type": "Feature", "properties": { "NIBRS_cat": "All Other Offenses", "crime_type": "Unspecified", "latitude": 38.590805, "longitude": -90.232727, "date": "9/14/2025" }, "geometry": { "type": "Point", "coordinates": [ -90.23273, 38.59081 ] } },
{ "type": "Feature", "properties": { "NIBRS_cat": "Intimidation", "crime_type": "Person", "latitude": 38.590881, "longitude": -90.249077, "date": "9/13/2025" }, "geometry": { "type": "Point", "coordinates": [ -90.24908, 38.59088 ] } },
{ "type": "Feature", "properties": { "NIBRS_cat": "Intimidation", "crime_type": "Person", "latitude": 38.590881, "longitude": -90.249077, "date": "9/13/2025" }, "geometry": { "type": "Point", "coordinates": [ -90.24908, 38.59088 ] } },
{ "type": "Feature", "properties": { "NIBRS_cat": "All Other Offenses", "crime_type": "Unspecified", "latitude": 38.591019, "longitude": -90.244034, "date": "9/17/2025" }, "geometry": { "type": "Point", "coordinates": [ -90.24403, 38.59102 ] } },
{ "type": "Feature", "properties": { "NIBRS_cat": "All Other Offenses", "crime_type": "Unspecified", "latitude": 38.591019, "longitude": -90.244034, "date": "9/17/2025" }, "geometry": { "type": "Point", "coordinates": [ -90.24403, 38.59102 ] } },
{ "type": "Feature", "properties": { "NIBRS_cat": "Aggravated Assault", "crime_type": "Person", "latitude": 38.591034, "longitude": -90.229721, "date": "10/21/2024" }, "geometry": { "type": "Point", "coordinates": [ -90.22972, 38.59103 ] } },
{ "type": "Feature", "properties": { "NIBRS_cat": "All Other Offenses", "crime_type": "Unspecified", "latitude": 38.591034, "longitude": -90.229721, "date": "10/21/2024" }, "geometry": { "type": "Point", "coordinates": [ -90.22972, 38.59103 ] } },
{ "type": "Feature", "properties": { "NIBRS_cat": "Stolen Property Offenses", "crime_type": "Property", "latitude": 38.591034, "longitude": -90.229721, "date": "10/21/2024" }, "geometry": { "type": "Point", "coordinates": [ -90.22972, 38.59103 ] } },
{ "type": "Feature", "properties": { "NIBRS_cat": "Aggravated Assault", "crime_type": "Person", "latitude": 38.591034, "longitude": -90.229721, "date": "10/21/2024" }, "geometry": { "type": "Point", "coordinates": [ -90.22972, 38.59103 ] } },
{ "type": "Feature", "properties": { "NIBRS_cat": "Stolen Property Offenses", "crime_type": "Property", "latitude": 38.591034, "longitude": -90.229721, "date": "10/21/2024" }, "geometry": { "type": "Point", "coordinates": [ -90.22972, 38.59103 ] } },
{ "type": "Feature", "properties": { "NIBRS_cat": "All Other Offenses", "crime_type": "Unspecified", "latitude": 38.591034, "longitude": -90.229721, "date": "10/21/2024" }, "geometry": { "type": "Point", "coordinates": [ -90.22972, 38.59103 ] } },
{ "type": "Feature", "properties": { "NIBRS_cat": "Theft From Motor Vehicle", "crime_type": "Property", "latitude": 38.591068, "longitude": -90.237549, "date": "9/27/2025" }, "geometry": { "type": "Point", "coordinates": [ -90.23755, 38.59107 ] } },
{ "type": "Feature", "properties": { "NIBRS_cat": "Theft From Motor Vehicle", "crime_type": "Property", "latitude": 38.591068, "longitude": -90.237549, "date": "9/27/2025" }, "geometry": { "type": "Point", "coordinates": [ -90.23755, 38.59107 ] } },
{ "type": "Feature", "properties": { "NIBRS_cat": "Theft From Motor Vehicle", "crime_type": "Property", "latitude": 38.591068, "longitude": -90.237549, "date": "9/27/2025" }, "geometry": { "type": "Point", "coordinates": [ -90.23755, 38.59107 ] } },
{ "type": "Feature", "properties": { "NIBRS_cat": "Theft From Motor Vehicle", "crime_type": "Property", "latitude": 38.591068, "longitude": -90.237549, "date": "9/27/2025" }, "geometry": { "type": "Point", "coordinates": [ -90.23755, 38.59107 ] } },
{ "type": "Feature", "properties": { "NIBRS_cat": "Weapons Law Violations", "crime_type": "Society", "latitude": 38.59108, "longitude": -90.228577, "date": "10/22/2024" }, "geometry": { "type": "Point", "coordinates": [ -90.22858, 38.59108 ] } },
{ "type": "Feature", "properties": { "NIBRS_cat": "Weapons Law Violations", "crime_type": "Society", "latitude": 38.59108, "longitude": -90.228577, "date": "10/22/2024" }, "geometry": { "type": "Point", "coordinates": [ -90.22858, 38.59108 ] } },
{ "type": "Feature", "properties": { "NIBRS_cat": "Weapons Law Violations", "crime_type": "Society", "latitude": 38.591103, "longitude": -90.235443, "date": "6/24/2025" }, "geometry": { "type": "Point", "coordinates": [ -90.23544, 38.5911 ] } },
{ "type": "Feature", "properties": { "NIBRS_cat": "Weapons Law Violations", "crime_type": "Society", "latitude": 38.591103, "longitude": -90.235443, "date": "6/24/2025" }, "geometry": { "type": "Point", "coordinates": [ -90.23544, 38.5911 ] } },
{ "type": "Feature", "properties": { "NIBRS_cat": "Simple Assault", "crime_type": "Person", "latitude": 38.591118, "longitude": -90.236053, "date": "9/10/2025" }, "geometry": { "type": "Point", "coordinates": [ -90.23605, 38.59112 ] } },
{ "type": "Feature", "properties": { "NIBRS_cat": "Simple Assault", "crime_type": "Person", "latitude": 38.591118, "longitude": -90.236053, "date": "9/10/2025" }, "geometry": { "type": "Point", "coordinates": [ -90.23605, 38.59112 ] } },
{ "type": "Feature", "properties": { "NIBRS_cat": "Robbery", "crime_type": "Person", "latitude": 38.591129, "longitude": -90.264168, "date": "9/14/2025" }, "geometry": { "type": "Point", "coordinates": [ -90.26417, 38.59113 ] } },
{ "type": "Feature", "properties": { "NIBRS_cat": "Robbery", "crime_type": "Person", "latitude": 38.591129, "longitude": -90.264168, "date": "9/14/2025" }, "geometry": { "type": "Point", "coordinates": [ -90.26417, 38.59113 ] } },
{ "type": "Feature", "properties": { "NIBRS_cat": "Theft From Motor Vehicle", "crime_type": "Property", "latitude": 38.591141, "longitude": -90.264198, "date": "9/17/2025" }, "geometry": { "type": "Point", "coordinates": [ -90.2642, 38.59114 ] } },
{ "type": "Feature", "properties": { "NIBRS_cat": "Theft From Motor Vehicle", "crime_type": "Property", "latitude": 38.591141, "longitude": -90.264198, "date": "9/17/2025" }, "geometry": { "type": "Point", "coordinates": [ -90.2642, 38.59114 ] } },
{ "type": "Feature", "properties": { "NIBRS_cat": "Destruction/Damage/Vandalism of Property", "crime_type": "Property", "latitude": 38.591141, "longitude": -90.264198, "date": "9/28/2025" }, "geometry": { "type": "Point", "coordinates": [ -90.2642, 38.59114 ] } },
{ "type": "Feature", "properties": { "NIBRS_cat": "Destruction/Damage/Vandalism of Property", "crime_type": "Property", "latitude": 38.591141, "longitude": -90.264198, "date": "9/28/2025" }, "geometry": { "type": "Point", "coordinates": [ -90.2642, 38.59114 ] } },
{ "type": "Feature", "properties": { "NIBRS_cat": "Theft From Motor Vehicle", "crime_type": "Property", "latitude": 38.591141, "longitude": -90.264198, "date": "9/17/2025" }, "geometry": { "type": "Point", "coordinates": [ -90.2642, 38.59114 ] } },
{ "type": "Feature", "properties": { "NIBRS_cat": "Theft From Motor Vehicle", "crime_type": "Property", "latitude": 38.591141, "longitude": -90.264198, "date": "9/17/2025" }, "geometry": { "type": "Point", "coordinates": [ -90.2642, 38.59114 ] } },
{ "type": "Feature", "properties": { "NIBRS_cat": "Trespass of Real Property", "crime_type": "Society", "latitude": 38.591148, "longitude": -90.243515, "date": "9/9/2025" }, "geometry": { "type": "Point", "coordinates": [ -90.24352, 38.59115 ] } },
{ "type": "Feature", "properties": { "NIBRS_cat": "Trespass of Real Property", "crime_type": "Society", "latitude": 38.591148, "longitude": -90.243515, "date": "9/9/2025" }, "geometry": { "type": "Point", "coordinates": [ -90.24352, 38.59115 ] } },
{ "type": "Feature", "properties": { "NIBRS_cat": "Disorderly Conduct", "crime_type": "Society", "latitude": 38.591148, "longitude": -90.243515, "date": "9/9/2025" }, "geometry": { "type": "Point", "coordinates": [ -90.24352, 38.59115 ] } },
{ "type": "Feature", "properties": { "NIBRS_cat": "Disorderly Conduct", "crime_type": "Society", "latitude": 38.591148, "longitude": -90.243515, "date": "9/9/2025" }, "geometry": { "type": "Point", "coordinates": [ -90.24352, 38.59115 ] } },
{ "type": "Feature", "properties": { "NIBRS_cat": "Destruction/Damage/Vandalism of Property", "crime_type": "Property", "latitude": 38.591164, "longitude": -90.244469, "date": "9/21/2025" }, "geometry": { "type": "Point", "coordinates": [ -90.24447, 38.59116 ] } },
{ "type": "Feature", "properties": { "NIBRS_cat": "Destruction/Damage/Vandalism of Property", "crime_type": "Property", "latitude": 38.591164, "longitude": -90.244469, "date": "9/21/2025" }, "geometry": { "type": "Point", "coordinates": [ -90.24447, 38.59116 ] } },
{ "type": "Feature", "properties": { "NIBRS_cat": "All Other Larceny", "crime_type": "Property", "latitude": 38.591171, "longitude": -90.251068, "date": "9/2/2025" }, "geometry": { "type": "Point", "coordinates": [ -90.25107, 38.59117 ] } },
{ "type": "Feature", "properties": { "NIBRS_cat": "All Other Larceny", "crime_type": "Property", "latitude": 38.591171, "longitude": -90.251068, "date": "9/2/2025" }, "geometry": { "type": "Point", "coordinates": [ -90.25107, 38.59117 ] } },
{ "type": "Feature", "properties": { "NIBRS_cat": "Trespass of Real Property", "crime_type": "Society", "latitude": 38.591232, "longitude": -90.271721, "date": "9/11/2025" }, "geometry": { "type": "Point", "coordinates": [ -90.27172, 38.59123 ] } },
{ "type": "Feature", "properties": { "NIBRS_cat": "Shoplifting", "crime_type": "Property", "latitude": 38.591232, "longitude": -90.271721, "date": "9/11/2025" }, "geometry": { "type": "Point", "coordinates": [ -90.27172, 38.59123 ] } },
{ "type": "Feature", "properties": { "NIBRS_cat": "Destruction/Damage/Vandalism of Property", "crime_type": "Property", "latitude": 38.591232, "longitude": -90.271721, "date": "9/25/2025" }, "geometry": { "type": "Point", "coordinates": [ -90.27172, 38.59123 ] } },
{ "type": "Feature", "properties": { "NIBRS_cat": "Shoplifting", "crime_type": "Property", "latitude": 38.591232, "longitude": -90.271721, "date": "9/11/2025" }, "geometry": { "type": "Point", "coordinates": [ -90.27172, 38.59123 ] } },
{ "type": "Feature", "properties": { "NIBRS_cat": "Trespass of Real Property", "crime_type": "Society", "latitude": 38.591232, "longitude": -90.271721, "date": "9/11/2025" }, "geometry": { "type": "Point", "coordinates": [ -90.27172, 38.59123 ] } },
{ "type": "Feature", "properties": { "NIBRS_cat": "Destruction/Damage/Vandalism of Property", "crime_type": "Property", "latitude": 38.591232, "longitude": -90.271721, "date": "9/25/2025" }, "geometry": { "type": "Point", "coordinates": [ -90.27172, 38.59123 ] } },
{ "type": "Feature", "properties": { "NIBRS_cat": "All Other Offenses", "crime_type": "Unspecified", "latitude": 38.591312, "longitude": -90.251442, "date": "9/12/2025" }, "geometry": { "type": "Point", "coordinates": [ -90.25144, 38.59131 ] } },
{ "type": "Feature", "properties": { "NIBRS_cat": "All Other Offenses", "crime_type": "Unspecified", "latitude": 38.591312, "longitude": -90.251442, "date": "9/12/2025" }, "geometry": { "type": "Point", "coordinates": [ -90.25144, 38.59131 ] } },
{ "type": "Feature", "properties": { "NIBRS_cat": "Destruction/Damage/Vandalism of Property", "crime_type": "Property", "latitude": 38.59132, "longitude": -90.24398, "date": "9/8/2025" }, "geometry": { "type": "Point", "coordinates": [ -90.24398, 38.59132 ] } },
{ "type": "Feature", "properties": { "NIBRS_cat": "Aggravated Assault", "crime_type": "Person", "latitude": 38.59132, "longitude": -90.24398, "date": "9/8/2025" }, "geometry": { "type": "Point", "coordinates": [ -90.24398, 38.59132 ] } },
{ "type": "Feature", "properties": { "NIBRS_cat": "Aggravated Assault", "crime_type": "Person", "latitude": 38.59132, "longitude": -90.24398, "date": "9/8/2025" }, "geometry": { "type": "Point", "coordinates": [ -90.24398, 38.59132 ] } },
{ "type": "Feature", "properties": { "NIBRS_cat": "Destruction/Damage/Vandalism of Property", "crime_type": "Property", "latitude": 38.59132, "longitude": -90.24398, "date": "9/8/2025" }, "geometry": { "type": "Point", "coordinates": [ -90.24398, 38.59132 ] } },
{ "type": "Feature", "properties": { "NIBRS_cat": "All Other Offenses", "crime_type": "Unspecified", "latitude": 38.59132, "longitude": -90.24398, "date": "9/8/2025" }, "geometry": { "type": "Point", "coordinates": [ -90.24398, 38.59132 ] } },
{ "type": "Feature", "properties": { "NIBRS_cat": "Aggravated Assault", "crime_type": "Person", "latitude": 38.59132, "longitude": -90.24398, "date": "9/8/2025" }, "geometry": { "type": "Point", "coordinates": [ -90.24398, 38.59132 ] } },
{ "type": "Feature", "properties": { "NIBRS_cat": "Aggravated Assault", "crime_type": "Person", "latitude": 38.59132, "longitude": -90.24398, "date": "9/8/2025" }, "geometry": { "type": "Point", "coordinates": [ -90.24398, 38.59132 ] } },
{ "type": "Feature", "properties": { "NIBRS_cat": "All Other Offenses", "crime_type": "Unspecified", "latitude": 38.59132, "longitude": -90.24398, "date": "9/8/2025" }, "geometry": { "type": "Point", "coordinates": [ -90.24398, 38.59132 ] } },
{ "type": "Feature", "properties": { "NIBRS_cat": "Shoplifting", "crime_type": "Property", "latitude": 38.591354, "longitude": -90.271767, "date": "9/7/2025" }, "geometry": { "type": "Point", "coordinates": [ -90.27177, 38.59135 ] } },
{ "type": "Feature", "properties": { "NIBRS_cat": "Shoplifting", "crime_type": "Property", "latitude": 38.591354, "longitude": -90.271767, "date": "9/7/2025" }, "geometry": { "type": "Point", "coordinates": [ -90.27177, 38.59135 ] } },
{ "type": "Feature", "properties": { "NIBRS_cat": "Motor Vehicle Theft", "crime_type": "Property", "latitude": 38.591366, "longitude": -90.220634, "date": "9/1/2025" }, "geometry": { "type": "Point", "coordinates": [ -90.22063, 38.59137 ] } },
{ "type": "Feature", "properties": { "NIBRS_cat": "Motor Vehicle Theft", "crime_type": "Property", "latitude": 38.591366, "longitude": -90.220634, "date": "9/1/2025" }, "geometry": { "type": "Point", "coordinates": [ -90.22063, 38.59137 ] } },
{ "type": "Feature", "properties": { "NIBRS_cat": "Motor Vehicle Theft", "crime_type": "Property", "latitude": 38.591404, "longitude": -90.249413, "date": "9/6/2025" }, "geometry": { "type": "Point", "coordinates": [ -90.24941, 38.5914 ] } },
{ "type": "Feature", "properties": { "NIBRS_cat": "Motor Vehicle Theft", "crime_type": "Property", "latitude": 38.591404, "longitude": -90.249413, "date": "9/6/2025" }, "geometry": { "type": "Point", "coordinates": [ -90.24941, 38.5914 ] } },
{ "type": "Feature", "properties": { "NIBRS_cat": "Theft From Motor Vehicle", "crime_type": "Property", "latitude": 38.591404, "longitude": -90.249413, "date": "9/6/2025" }, "geometry": { "type": "Point", "coordinates": [ -90.24941, 38.5914 ] } },
{ "type": "Feature", "properties": { "NIBRS_cat": "Theft From Motor Vehicle", "crime_type": "Property", "latitude": 38.591404, "longitude": -90.249413, "date": "9/6/2025" }, "geometry": { "type": "Point", "coordinates": [ -90.24941, 38.5914 ] } },
{ "type": "Feature", "properties": { "NIBRS_cat": "Intimidation", "crime_type": "Person", "latitude": 38.591438, "longitude": -90.224403, "date": "9/24/2025" }, "geometry": { "type": "Point", "coordinates": [ -90.2244, 38.59144 ] } },
{ "type": "Feature", "properties": { "NIBRS_cat": "Weapons Law Violations", "crime_type": "Society", "latitude": 38.591438, "longitude": -90.224403, "date": "9/24/2025" }, "geometry": { "type": "Point", "coordinates": [ -90.2244, 38.59144 ] } },
{ "type": "Feature", "properties": { "NIBRS_cat": "Weapons Law Violations", "crime_type": "Society", "latitude": 38.591438, "longitude": -90.224403, "date": "9/24/2025" }, "geometry": { "type": "Point", "coordinates": [ -90.2244, 38.59144 ] } },
{ "type": "Feature", "properties": { "NIBRS_cat": "Intimidation", "crime_type": "Person", "latitude": 38.591438, "longitude": -90.224403, "date": "9/24/2025" }, "geometry": { "type": "Point", "coordinates": [ -90.2244, 38.59144 ] } },
{ "type": "Feature", "properties": { "NIBRS_cat": "Intimidation", "crime_type": "Person", "latitude": 38.591438, "longitude": -90.224403, "date": "9/24/2025" }, "geometry": { "type": "Point", "coordinates": [ -90.2244, 38.59144 ] } },
{ "type": "Feature", "properties": { "NIBRS_cat": "Intimidation", "crime_type": "Person", "latitude": 38.591438, "longitude": -90.224403, "date": "9/24/2025" }, "geometry": { "type": "Point", "coordinates": [ -90.2244, 38.59144 ] } },
{ "type": "Feature", "properties": { "NIBRS_cat": "Weapons Law Violations", "crime_type": "Society", "latitude": 38.591442, "longitude": -90.241226, "date": "7/31/2025" }, "geometry": { "type": "Point", "coordinates": [ -90.24123, 38.59144 ] } },
{ "type": "Feature", "properties": { "NIBRS_cat": "Weapons Law Violations", "crime_type": "Society", "latitude": 38.591442, "longitude": -90.241226, "date": "7/31/2025" }, "geometry": { "type": "Point", "coordinates": [ -90.24123, 38.59144 ] } },
{ "type": "Feature", "properties": { "NIBRS_cat": "Theft From Motor Vehicle", "crime_type": "Property", "latitude": 38.591465, "longitude": -90.242653, "date": "8/28/2025" }, "geometry": { "type": "Point", "coordinates": [ -90.24265, 38.59146 ] } },
{ "type": "Feature", "properties": { "NIBRS_cat": "Destruction/Damage/Vandalism of Property", "crime_type": "Property", "latitude": 38.591465, "longitude": -90.242653, "date": "8/28/2025" }, "geometry": { "type": "Point", "coordinates": [ -90.24265, 38.59146 ] } },
{ "type": "Feature", "properties": { "NIBRS_cat": "Destruction/Damage/Vandalism of Property", "crime_type": "Property", "latitude": 38.591465, "longitude": -90.242653, "date": "8/28/2025" }, "geometry": { "type": "Point", "coordinates": [ -90.24265, 38.59146 ] } },
{ "type": "Feature", "properties": { "NIBRS_cat": "Theft From Motor Vehicle", "crime_type": "Property", "latitude": 38.591465, "longitude": -90.242653, "date": "8/28/2025" }, "geometry": { "type": "Point", "coordinates": [ -90.24265, 38.59146 ] } },
{ "type": "Feature", "properties": { "NIBRS_cat": "Aggravated Assault", "crime_type": "Person", "latitude": 38.591515, "longitude": -90.23027, "date": "3/14/2025" }, "geometry": { "type": "Point", "coordinates": [ -90.23027, 38.59152 ] } },
{ "type": "Feature", "properties": { "NIBRS_cat": "All Other Offenses", "crime_type": "Unspecified", "latitude": 38.591515, "longitude": -90.23027, "date": "3/14/2025" }, "geometry": { "type": "Point", "coordinates": [ -90.23027, 38.59152 ] } },
{ "type": "Feature", "properties": { "NIBRS_cat": "Aggravated Assault", "crime_type": "Person", "latitude": 38.591515, "longitude": -90.23027, "date": "3/14/2025" }, "geometry": { "type": "Point", "coordinates": [ -90.23027, 38.59152 ] } },
{ "type": "Feature", "properties": { "NIBRS_cat": "All Other Offenses", "crime_type": "Unspecified", "latitude": 38.591515, "longitude": -90.23027, "date": "3/14/2025" }, "geometry": { "type": "Point", "coordinates": [ -90.23027, 38.59152 ] } },
{ "type": "Feature", "properties": { "NIBRS_cat": "Motor Vehicle Theft", "crime_type": "Property", "latitude": 38.591537, "longitude": -90.255371, "date": "9/27/2025" }, "geometry": { "type": "Point", "coordinates": [ -90.25537, 38.59154 ] } },
{ "type": "Feature", "properties": { "NIBRS_cat": "Motor Vehicle Theft", "crime_type": "Property", "latitude": 38.591537, "longitude": -90.255371, "date": "9/27/2025" }, "geometry": { "type": "Point", "coordinates": [ -90.25537, 38.59154 ] } },
{ "type": "Feature", "properties": { "NIBRS_cat": "Destruction/Damage/Vandalism of Property", "crime_type": "Property", "latitude": 38.591545, "longitude": -90.243279, "date": "9/22/2025" }, "geometry": { "type": "Point", "coordinates": [ -90.24328, 38.59155 ] } },
{ "type": "Feature", "properties": { "NIBRS_cat": "Destruction/Damage/Vandalism of Property", "crime_type": "Property", "latitude": 38.591545, "longitude": -90.243279, "date": "9/22/2025" }, "geometry": { "type": "Point", "coordinates": [ -90.24328, 38.59155 ] } },
{ "type": "Feature", "properties": { "NIBRS_cat": "Aggravated Assault", "crime_type": "Person", "latitude": 38.591591, "longitude": -90.251724, "date": "9/8/2025" }, "geometry": { "type": "Point", "coordinates": [ -90.25172, 38.59159 ] } },
{ "type": "Feature", "properties": { "NIBRS_cat": "Aggravated Assault", "crime_type": "Person", "latitude": 38.591591, "longitude": -90.251724, "date": "9/8/2025" }, "geometry": { "type": "Point", "coordinates": [ -90.25172, 38.59159 ] } },
{ "type": "Feature", "properties": { "NIBRS_cat": "All Other Offenses", "crime_type": "Unspecified", "latitude": 38.591629, "longitude": -90.2146, "date": "9/25/2025" }, "geometry": { "type": "Point", "coordinates": [ -90.2146, 38.59163 ] } },
{ "type": "Feature", "properties": { "NIBRS_cat": "All Other Offenses", "crime_type": "Unspecified", "latitude": 38.591629, "longitude": -90.2146, "date": "9/25/2025" }, "geometry": { "type": "Point", "coordinates": [ -90.2146, 38.59163 ] } },
{ "type": "Feature", "properties": { "NIBRS_cat": "Robbery", "crime_type": "Person", "latitude": 38.591663, "longitude": -90.23661, "date": "9/1/2025" }, "geometry": { "type": "Point", "coordinates": [ -90.23661, 38.59166 ] } },
{ "type": "Feature", "properties": { "NIBRS_cat": "Simple Assault", "crime_type": "Person", "latitude": 38.591663, "longitude": -90.23661, "date": "9/1/2025" }, "geometry": { "type": "Point", "coordinates": [ -90.23661, 38.59166 ] } },
{ "type": "Feature", "properties": { "NIBRS_cat": "Robbery", "crime_type": "Person", "latitude": 38.591663, "longitude": -90.23661, "date": "9/1/2025" }, "geometry": { "type": "Point", "coordinates": [ -90.23661, 38.59166 ] } },
{ "type": "Feature", "properties": { "NIBRS_cat": "Simple Assault", "crime_type": "Person", "latitude": 38.591663, "longitude": -90.23661, "date": "9/1/2025" }, "geometry": { "type": "Point", "coordinates": [ -90.23661, 38.59166 ] } },
{ "type": "Feature", "properties": { "NIBRS_cat": "Kidnapping/Abduction", "crime_type": "Person", "latitude": 38.591682, "longitude": -90.235489, "date": "9/30/2025" }, "geometry": { "type": "Point", "coordinates": [ -90.23549, 38.59168 ] } },
{ "type": "Feature", "properties": { "NIBRS_cat": "Burglary/Breaking and Entering", "crime_type": "Property", "latitude": 38.591682, "longitude": -90.235489, "date": "9/30/2025" }, "geometry": { "type": "Point", "coordinates": [ -90.23549, 38.59168 ] } },
{ "type": "Feature", "properties": { "NIBRS_cat": "Burglary/Breaking and Entering", "crime_type": "Property", "latitude": 38.591682, "longitude": -90.235489, "date": "9/30/2025" }, "geometry": { "type": "Point", "coordinates": [ -90.23549, 38.59168 ] } },
{ "type": "Feature", "properties": { "NIBRS_cat": "Destruction/Damage/Vandalism of Property", "crime_type": "Property", "latitude": 38.591682, "longitude": -90.235489, "date": "9/30/2025" }, "geometry": { "type": "Point", "coordinates": [ -90.23549, 38.59168 ] } },
{ "type": "Feature", "properties": { "NIBRS_cat": "All Other Larceny", "crime_type": "Property", "latitude": 38.591682, "longitude": -90.235489, "date": "9/30/2025" }, "geometry": { "type": "Point", "coordinates": [ -90.23549, 38.59168 ] } },
{ "type": "Feature", "properties": { "NIBRS_cat": "Simple Assault", "crime_type": "Person", "latitude": 38.591682, "longitude": -90.235489, "date": "9/30/2025" }, "geometry": { "type": "Point", "coordinates": [ -90.23549, 38.59168 ] } },
{ "type": "Feature", "properties": { "NIBRS_cat": "All Other Larceny", "crime_type": "Property", "latitude": 38.591682, "longitude": -90.235489, "date": "9/30/2025" }, "geometry": { "type": "Point", "coordinates": [ -90.23549, 38.59168 ] } },
{ "type": "Feature", "properties": { "NIBRS_cat": "Simple Assault", "crime_type": "Person", "latitude": 38.591682, "longitude": -90.235489, "date": "9/30/2025" }, "geometry": { "type": "Point", "coordinates": [ -90.23549, 38.59168 ] } },
{ "type": "Feature", "properties": { "NIBRS_cat": "Destruction/Damage/Vandalism of Property", "crime_type": "Property", "latitude": 38.591682, "longitude": -90.235489, "date": "9/30/2025" }, "geometry": { "type": "Point", "coordinates": [ -90.23549, 38.59168 ] } },
{ "type": "Feature", "properties": { "NIBRS_cat": "Kidnapping/Abduction", "crime_type": "Person", "latitude": 38.591682, "longitude": -90.235489, "date": "9/30/2025" }, "geometry": { "type": "Point", "coordinates": [ -90.23549, 38.59168 ] } },
{ "type": "Feature", "properties": { "NIBRS_cat": "Weapons Law Violations", "crime_type": "Society", "latitude": 38.591698, "longitude": -90.237251, "date": "9/28/2025" }, "geometry": { "type": "Point", "coordinates": [ -90.23725, 38.5917 ] } },
{ "type": "Feature", "properties": { "NIBRS_cat": "Weapons Law Violations", "crime_type": "Society", "latitude": 38.591698, "longitude": -90.237251, "date": "9/28/2025" }, "geometry": { "type": "Point", "coordinates": [ -90.23725, 38.5917 ] } },
{ "type": "Feature", "properties": { "NIBRS_cat": "Simple Assault", "crime_type": "Person", "latitude": 38.591743, "longitude": -90.252144, "date": "9/16/2025" }, "geometry": { "type": "Point", "coordinates": [ -90.25214, 38.59174 ] } },
{ "type": "Feature", "properties": { "NIBRS_cat": "Simple Assault", "crime_type": "Person", "latitude": 38.591743, "longitude": -90.252144, "date": "9/16/2025" }, "geometry": { "type": "Point", "coordinates": [ -90.25214, 38.59174 ] } },
{ "type": "Feature", "properties": { "NIBRS_cat": "All Other Offenses", "crime_type": "Unspecified", "latitude": 38.591747, "longitude": -90.262939, "date": "9/30/2025" }, "geometry": { "type": "Point", "coordinates": [ -90.26294, 38.59175 ] } },
{ "type": "Feature", "properties": { "NIBRS_cat": "All Other Offenses", "crime_type": "Unspecified", "latitude": 38.591747, "longitude": -90.262939, "date": "9/30/2025" }, "geometry": { "type": "Point", "coordinates": [ -90.26294, 38.59175 ] } },
{ "type": "Feature", "properties": { "NIBRS_cat": "Weapons Law Violations", "crime_type": "Society", "latitude": 38.59182, "longitude": -90.241165, "date": "9/26/2025" }, "geometry": { "type": "Point", "coordinates": [ -90.24116, 38.59182 ] } },
{ "type": "Feature", "properties": { "NIBRS_cat": "Weapons Law Violations", "crime_type": "Society", "latitude": 38.59182, "longitude": -90.241165, "date": "9/26/2025" }, "geometry": { "type": "Point", "coordinates": [ -90.24116, 38.59182 ] } },
{ "type": "Feature", "properties": { "NIBRS_cat": "Trespass of Real Property", "crime_type": "Society", "latitude": 38.591839, "longitude": -90.241547, "date": "9/23/2025" }, "geometry": { "type": "Point", "coordinates": [ -90.24155, 38.59184 ] } },
{ "type": "Feature", "properties": { "NIBRS_cat": "Trespass of Real Property", "crime_type": "Society", "latitude": 38.591839, "longitude": -90.241547, "date": "9/23/2025" }, "geometry": { "type": "Point", "coordinates": [ -90.24155, 38.59184 ] } },
{ "type": "Feature", "properties": { "NIBRS_cat": "Theft From Building", "crime_type": "Property", "latitude": 38.591839, "longitude": -90.241547, "date": "9/23/2025" }, "geometry": { "type": "Point", "coordinates": [ -90.24155, 38.59184 ] } },
{ "type": "Feature", "properties": { "NIBRS_cat": "Theft From Building", "crime_type": "Property", "latitude": 38.591839, "longitude": -90.241547, "date": "9/23/2025" }, "geometry": { "type": "Point", "coordinates": [ -90.24155, 38.59184 ] } },
{ "type": "Feature", "properties": { "NIBRS_cat": "All Other Larceny", "crime_type": "Property", "latitude": 38.591846, "longitude": -90.218987, "date": "9/26/2025" }, "geometry": { "type": "Point", "coordinates": [ -90.21899, 38.59185 ] } },
{ "type": "Feature", "properties": { "NIBRS_cat": "All Other Larceny", "crime_type": "Property", "latitude": 38.591846, "longitude": -90.218987, "date": "9/26/2025" }, "geometry": { "type": "Point", "coordinates": [ -90.21899, 38.59185 ] } },
{ "type": "Feature", "properties": { "NIBRS_cat": "All Other Offenses", "crime_type": "Unspecified", "latitude": 38.591892, "longitude": -90.272316, "date": "9/16/2025" }, "geometry": { "type": "Point", "coordinates": [ -90.27232, 38.59189 ] } },
{ "type": "Feature", "properties": { "NIBRS_cat": "All Other Offenses", "crime_type": "Unspecified", "latitude": 38.591892, "longitude": -90.272316, "date": "9/16/2025" }, "geometry": { "type": "Point", "coordinates": [ -90.27232, 38.59189 ] } },
{ "type": "Feature", "properties": { "NIBRS_cat": "Destruction/Damage/Vandalism of Property", "crime_type": "Property", "latitude": 38.591919, "longitude": -90.236038, "date": "9/15/2025" }, "geometry": { "type": "Point", "coordinates": [ -90.23604, 38.59192 ] } },
{ "type": "Feature", "properties": { "NIBRS_cat": "Theft From Motor Vehicle", "crime_type": "Property", "latitude": 38.591919, "longitude": -90.242531, "date": "9/5/2025" }, "geometry": { "type": "Point", "coordinates": [ -90.24253, 38.59192 ] } },
{ "type": "Feature", "properties": { "NIBRS_cat": "Theft From Motor Vehicle", "crime_type": "Property", "latitude": 38.591919, "longitude": -90.242531, "date": "9/5/2025" }, "geometry": { "type": "Point", "coordinates": [ -90.24253, 38.59192 ] } },
{ "type": "Feature", "properties": { "NIBRS_cat": "Destruction/Damage/Vandalism of Property", "crime_type": "Property", "latitude": 38.591919, "longitude": -90.236038, "date": "9/15/2025" }, "geometry": { "type": "Point", "coordinates": [ -90.23604, 38.59192 ] } },
{ "type": "Feature", "properties": { "NIBRS_cat": "Weapons Law Violations", "crime_type": "Society", "latitude": 38.591919, "longitude": -90.236038, "date": "9/15/2025" }, "geometry": { "type": "Point", "coordinates": [ -90.23604, 38.59192 ] } },
{ "type": "Feature", "properties": { "NIBRS_cat": "Weapons Law Violations", "crime_type": "Society", "latitude": 38.591919, "longitude": -90.236038, "date": "9/15/2025" }, "geometry": { "type": "Point", "coordinates": [ -90.23604, 38.59192 ] } },
{ "type": "Feature", "properties": { "NIBRS_cat": "Weapons Law Violations", "crime_type": "Society", "latitude": 38.591965, "longitude": -90.268753, "date": "9/18/2025" }, "geometry": { "type": "Point", "coordinates": [ -90.26875, 38.59197 ] } },
{ "type": "Feature", "properties": { "NIBRS_cat": "Weapons Law Violations", "crime_type": "Society", "latitude": 38.591965, "longitude": -90.268753, "date": "9/18/2025" }, "geometry": { "type": "Point", "coordinates": [ -90.26875, 38.59197 ] } },
{ "type": "Feature", "properties": { "NIBRS_cat": "Theft From Building", "crime_type": "Property", "latitude": 38.592022, "longitude": -90.242569, "date": "9/21/2025" }, "geometry": { "type": "Point", "coordinates": [ -90.24257, 38.59202 ] } },
{ "type": "Feature", "properties": { "NIBRS_cat": "Theft From Building", "crime_type": "Property", "latitude": 38.592022, "longitude": -90.242569, "date": "9/21/2025" }, "geometry": { "type": "Point", "coordinates": [ -90.24257, 38.59202 ] } },
{ "type": "Feature", "properties": { "NIBRS_cat": "Burglary/Breaking and Entering", "crime_type": "Property", "latitude": 38.592026, "longitude": -90.233002, "date": "9/1/2025" }, "geometry": { "type": "Point", "coordinates": [ -90.233, 38.59203 ] } },
{ "type": "Feature", "properties": { "NIBRS_cat": "Burglary/Breaking and Entering", "crime_type": "Property", "latitude": 38.592026, "longitude": -90.233002, "date": "9/1/2025" }, "geometry": { "type": "Point", "coordinates": [ -90.233, 38.59203 ] } },
{ "type": "Feature", "properties": { "NIBRS_cat": "Weapons Law Violations", "crime_type": "Society", "latitude": 38.592079, "longitude": -90.233047, "date": "9/20/2025" }, "geometry": { "type": "Point", "coordinates": [ -90.23305, 38.59208 ] } },
{ "type": "Feature", "properties": { "NIBRS_cat": "Weapons Law Violations", "crime_type": "Society", "latitude": 38.592079, "longitude": -90.233047, "date": "9/20/2025" }, "geometry": { "type": "Point", "coordinates": [ -90.23305, 38.59208 ] } },
{ "type": "Feature", "properties": { "NIBRS_cat": "All Other Larceny", "crime_type": "Property", "latitude": 38.592079, "longitude": -90.216522, "date": "9/7/2025" }, "geometry": { "type": "Point", "coordinates": [ -90.21652, 38.59208 ] } },
{ "type": "Feature", "properties": { "NIBRS_cat": "All Other Larceny", "crime_type": "Property", "latitude": 38.592079, "longitude": -90.216522, "date": "9/7/2025" }, "geometry": { "type": "Point", "coordinates": [ -90.21652, 38.59208 ] } },
{ "type": "Feature", "properties": { "NIBRS_cat": "Weapons Law Violations", "crime_type": "Society", "latitude": 38.592102, "longitude": -90.225281, "date": "8/23/2025" }, "geometry": { "type": "Point", "coordinates": [ -90.22528, 38.5921 ] } },
{ "type": "Feature", "properties": { "NIBRS_cat": "Weapons Law Violations", "crime_type": "Society", "latitude": 38.592102, "longitude": -90.225281, "date": "8/23/2025" }, "geometry": { "type": "Point", "coordinates": [ -90.22528, 38.5921 ] } },
{ "type": "Feature", "properties": { "NIBRS_cat": "Burglary/Breaking and Entering", "crime_type": "Property", "latitude": 38.592144, "longitude": -90.247437, "date": "9/19/2025" }, "geometry": { "type": "Point", "coordinates": [ -90.24744, 38.59214 ] } },
{ "type": "Feature", "properties": { "NIBRS_cat": "Burglary/Breaking and Entering", "crime_type": "Property", "latitude": 38.592144, "longitude": -90.247437, "date": "9/19/2025" }, "geometry": { "type": "Point", "coordinates": [ -90.24744, 38.59214 ] } },
{ "type": "Feature", "properties": { "NIBRS_cat": "Theft From Motor Vehicle", "crime_type": "Property", "latitude": 38.592197, "longitude": -90.237129, "date": "9/29/2025" }, "geometry": { "type": "Point", "coordinates": [ -90.23713, 38.5922 ] } },
{ "type": "Feature", "properties": { "NIBRS_cat": "Theft From Motor Vehicle", "crime_type": "Property", "latitude": 38.592197, "longitude": -90.237129, "date": "9/29/2025" }, "geometry": { "type": "Point", "coordinates": [ -90.23713, 38.5922 ] } },
{ "type": "Feature", "properties": { "NIBRS_cat": "Burglary/Breaking and Entering", "crime_type": "Property", "latitude": 38.59227, "longitude": -90.226097, "date": "6/2/2025" }, "geometry": { "type": "Point", "coordinates": [ -90.2261, 38.59227 ] } },
{ "type": "Feature", "properties": { "NIBRS_cat": "Burglary/Breaking and Entering", "crime_type": "Property", "latitude": 38.59227, "longitude": -90.226097, "date": "6/2/2025" }, "geometry": { "type": "Point", "coordinates": [ -90.2261, 38.59227 ] } },
{ "type": "Feature", "properties": { "NIBRS_cat": "Simple Assault", "crime_type": "Person", "latitude": 38.592316, "longitude": -90.234802, "date": "9/25/2025" }, "geometry": { "type": "Point", "coordinates": [ -90.2348, 38.59232 ] } },
{ "type": "Feature", "properties": { "NIBRS_cat": "Disorderly Conduct", "crime_type": "Society", "latitude": 38.592316, "longitude": -90.234802, "date": "9/25/2025" }, "geometry": { "type": "Point", "coordinates": [ -90.2348, 38.59232 ] } },
{ "type": "Feature", "properties": { "NIBRS_cat": "Disorderly Conduct", "crime_type": "Society", "latitude": 38.592316, "longitude": -90.234802, "date": "9/25/2025" }, "geometry": { "type": "Point", "coordinates": [ -90.2348, 38.59232 ] } },
{ "type": "Feature", "properties": { "NIBRS_cat": "All Other Offenses", "crime_type": "Unspecified", "latitude": 38.592316, "longitude": -90.234802, "date": "9/25/2025" }, "geometry": { "type": "Point", "coordinates": [ -90.2348, 38.59232 ] } },
{ "type": "Feature", "properties": { "NIBRS_cat": "Simple Assault", "crime_type": "Person", "latitude": 38.592316, "longitude": -90.234802, "date": "9/25/2025" }, "geometry": { "type": "Point", "coordinates": [ -90.2348, 38.59232 ] } },
{ "type": "Feature", "properties": { "NIBRS_cat": "All Other Offenses", "crime_type": "Unspecified", "latitude": 38.592316, "longitude": -90.234802, "date": "9/25/2025" }, "geometry": { "type": "Point", "coordinates": [ -90.2348, 38.59232 ] } },
{ "type": "Feature", "properties": { "NIBRS_cat": "Burglary/Breaking and Entering", "crime_type": "Property", "latitude": 38.592365, "longitude": -90.222374, "date": "9/29/2025" }, "geometry": { "type": "Point", "coordinates": [ -90.22237, 38.59237 ] } },
{ "type": "Feature", "properties": { "NIBRS_cat": "All Other Larceny", "crime_type": "Property", "latitude": 38.592365, "longitude": -90.222374, "date": "9/29/2025" }, "geometry": { "type": "Point", "coordinates": [ -90.22237, 38.59237 ] } },
{ "type": "Feature", "properties": { "NIBRS_cat": "Destruction/Damage/Vandalism of Property", "crime_type": "Property", "latitude": 38.592365, "longitude": -90.222374, "date": "9/29/2025" }, "geometry": { "type": "Point", "coordinates": [ -90.22237, 38.59237 ] } },
{ "type": "Feature", "properties": { "NIBRS_cat": "Destruction/Damage/Vandalism of Property", "crime_type": "Property", "latitude": 38.592365, "longitude": -90.222374, "date": "9/29/2025" }, "geometry": { "type": "Point", "coordinates": [ -90.22237, 38.59237 ] } },
{ "type": "Feature", "properties": { "NIBRS_cat": "Simple Assault", "crime_type": "Person", "latitude": 38.592365, "longitude": -90.222374, "date": "9/29/2025" }, "geometry": { "type": "Point", "coordinates": [ -90.22237, 38.59237 ] } },
{ "type": "Feature", "properties": { "NIBRS_cat": "Destruction/Damage/Vandalism of Property", "crime_type": "Property", "latitude": 38.592365, "longitude": -90.222374, "date": "9/29/2025" }, "geometry": { "type": "Point", "coordinates": [ -90.22237, 38.59237 ] } },
{ "type": "Feature", "properties": { "NIBRS_cat": "All Other Larceny", "crime_type": "Property", "latitude": 38.592365, "longitude": -90.222374, "date": "9/29/2025" }, "geometry": { "type": "Point", "coordinates": [ -90.22237, 38.59237 ] } },
{ "type": "Feature", "properties": { "NIBRS_cat": "Burglary/Breaking and Entering", "crime_type": "Property", "latitude": 38.592365, "longitude": -90.222374, "date": "9/29/2025" }, "geometry": { "type": "Point", "coordinates": [ -90.22237, 38.59237 ] } },
{ "type": "Feature", "properties": { "NIBRS_cat": "Destruction/Damage/Vandalism of Property", "crime_type": "Property", "latitude": 38.592365, "longitude": -90.222374, "date": "9/29/2025" }, "geometry": { "type": "Point", "coordinates": [ -90.22237, 38.59237 ] } },
{ "type": "Feature", "properties": { "NIBRS_cat": "Simple Assault", "crime_type": "Person", "latitude": 38.592365, "longitude": -90.222374, "date": "9/29/2025" }, "geometry": { "type": "Point", "coordinates": [ -90.22237, 38.59237 ] } },
{ "type": "Feature", "properties": { "NIBRS_cat": "All Other Offenses", "crime_type": "Unspecified", "latitude": 38.592438, "longitude": -90.254692, "date": "9/24/2025" }, "geometry": { "type": "Point", "coordinates": [ -90.25469, 38.59244 ] } },
{ "type": "Feature", "properties": { "NIBRS_cat": "All Other Offenses", "crime_type": "Unspecified", "latitude": 38.592438, "longitude": -90.254692, "date": "9/24/2025" }, "geometry": { "type": "Point", "coordinates": [ -90.25469, 38.59244 ] } },
{ "type": "Feature", "properties": { "NIBRS_cat": "All Other Offenses", "crime_type": "Unspecified", "latitude": 38.592438, "longitude": -90.254692, "date": "9/24/2025" }, "geometry": { "type": "Point", "coordinates": [ -90.25469, 38.59244 ] } },
{ "type": "Feature", "properties": { "NIBRS_cat": "All Other Offenses", "crime_type": "Unspecified", "latitude": 38.592438, "longitude": -90.254692, "date": "9/24/2025" }, "geometry": { "type": "Point", "coordinates": [ -90.25469, 38.59244 ] } },
{ "type": "Feature", "properties": { "NIBRS_cat": "Weapons Law Violations", "crime_type": "Society", "latitude": 38.592438, "longitude": -90.254692, "date": "9/24/2025" }, "geometry": { "type": "Point", "coordinates": [ -90.25469, 38.59244 ] } },
{ "type": "Feature", "properties": { "NIBRS_cat": "Stolen Property Offenses", "crime_type": "Property", "latitude": 38.592438, "longitude": -90.254692, "date": "9/24/2025" }, "geometry": { "type": "Point", "coordinates": [ -90.25469, 38.59244 ] } },
{ "type": "Feature", "properties": { "NIBRS_cat": "All Other Offenses", "crime_type": "Unspecified", "latitude": 38.592438, "longitude": -90.254692, "date": "9/24/2025" }, "geometry": { "type": "Point", "coordinates": [ -90.25469, 38.59244 ] } },
{ "type": "Feature", "properties": { "NIBRS_cat": "Stolen Property Offenses", "crime_type": "Property", "latitude": 38.592438, "longitude": -90.254692, "date": "9/24/2025" }, "geometry": { "type": "Point", "coordinates": [ -90.25469, 38.59244 ] } },
{ "type": "Feature", "properties": { "NIBRS_cat": "Weapons Law Violations", "crime_type": "Society", "latitude": 38.592438, "longitude": -90.254692, "date": "9/24/2025" }, "geometry": { "type": "Point", "coordinates": [ -90.25469, 38.59244 ] } },
{ "type": "Feature", "properties": { "NIBRS_cat": "All Other Offenses", "crime_type": "Unspecified", "latitude": 38.592438, "longitude": -90.254692, "date": "9/24/2025" }, "geometry": { "type": "Point", "coordinates": [ -90.25469, 38.59244 ] } },
{ "type": "Feature", "properties": { "NIBRS_cat": "All Other Offenses", "crime_type": "Unspecified", "latitude": 38.592457, "longitude": -90.243843, "date": "9/14/2025" }, "geometry": { "type": "Point", "coordinates": [ -90.24384, 38.59246 ] } },
{ "type": "Feature", "properties": { "NIBRS_cat": "All Other Offenses", "crime_type": "Unspecified", "latitude": 38.592457, "longitude": -90.243843, "date": "9/14/2025" }, "geometry": { "type": "Point", "coordinates": [ -90.24384, 38.59246 ] } },
{ "type": "Feature", "properties": { "NIBRS_cat": "Weapons Law Violations", "crime_type": "Society", "latitude": 38.59251, "longitude": -90.235497, "date": "8/12/2025" }, "geometry": { "type": "Point", "coordinates": [ -90.2355, 38.59251 ] } },
{ "type": "Feature", "properties": { "NIBRS_cat": "Weapons Law Violations", "crime_type": "Society", "latitude": 38.59251, "longitude": -90.235497, "date": "9/14/2025" }, "geometry": { "type": "Point", "coordinates": [ -90.2355, 38.59251 ] } },
{ "type": "Feature", "properties": { "NIBRS_cat": "Weapons Law Violations", "crime_type": "Society", "latitude": 38.59251, "longitude": -90.235497, "date": "9/14/2025" }, "geometry": { "type": "Point", "coordinates": [ -90.2355, 38.59251 ] } },
{ "type": "Feature", "properties": { "NIBRS_cat": "Weapons Law Violations", "crime_type": "Society", "latitude": 38.59251, "longitude": -90.235497, "date": "8/12/2025" }, "geometry": { "type": "Point", "coordinates": [ -90.2355, 38.59251 ] } },
{ "type": "Feature", "properties": { "NIBRS_cat": "Theft From Motor Vehicle", "crime_type": "Property", "latitude": 38.592587, "longitude": -90.252563, "date": "9/27/2025" }, "geometry": { "type": "Point", "coordinates": [ -90.25256, 38.59259 ] } },
{ "type": "Feature", "properties": { "NIBRS_cat": "Theft From Motor Vehicle", "crime_type": "Property", "latitude": 38.592587, "longitude": -90.252563, "date": "9/27/2025" }, "geometry": { "type": "Point", "coordinates": [ -90.25256, 38.59259 ] } },
{ "type": "Feature", "properties": { "NIBRS_cat": "Theft From Motor Vehicle Parts/Accessories", "crime_type": "Property", "latitude": 38.592602, "longitude": -90.230522, "date": "4/6/2025" }, "geometry": { "type": "Point", "coordinates": [ -90.23052, 38.5926 ] } },
{ "type": "Feature", "properties": { "NIBRS_cat": "Theft From Motor Vehicle Parts/Accessories", "crime_type": "Property", "latitude": 38.592602, "longitude": -90.230522, "date": "4/6/2025" }, "geometry": { "type": "Point", "coordinates": [ -90.23052, 38.5926 ] } },
{ "type": "Feature", "properties": { "NIBRS_cat": "Aggravated Assault", "crime_type": "Person", "latitude": 38.592651, "longitude": -90.232941, "date": "9/11/2025" }, "geometry": { "type": "Point", "coordinates": [ -90.23294, 38.59265 ] } },
{ "type": "Feature", "properties": { "NIBRS_cat": "Aggravated Assault", "crime_type": "Person", "latitude": 38.592651, "longitude": -90.232941, "date": "9/11/2025" }, "geometry": { "type": "Point", "coordinates": [ -90.23294, 38.59265 ] } },
{ "type": "Feature", "properties": { "NIBRS_cat": "Disorderly Conduct", "crime_type": "Society", "latitude": 38.592655, "longitude": -90.244308, "date": "9/11/2025" }, "geometry": { "type": "Point", "coordinates": [ -90.24431, 38.59266 ] } },
{ "type": "Feature", "properties": { "NIBRS_cat": "Disorderly Conduct", "crime_type": "Society", "latitude": 38.592655, "longitude": -90.244308, "date": "9/11/2025" }, "geometry": { "type": "Point", "coordinates": [ -90.24431, 38.59266 ] } },
{ "type": "Feature", "properties": { "NIBRS_cat": "Motor Vehicle Theft", "crime_type": "Property", "latitude": 38.592697, "longitude": -90.231194, "date": "7/25/2025" }, "geometry": { "type": "Point", "coordinates": [ -90.23119, 38.5927 ] } },
{ "type": "Feature", "properties": { "NIBRS_cat": "Motor Vehicle Theft", "crime_type": "Property", "latitude": 38.592697, "longitude": -90.231194, "date": "7/25/2025" }, "geometry": { "type": "Point", "coordinates": [ -90.23119, 38.5927 ] } },
{ "type": "Feature", "properties": { "NIBRS_cat": "Destruction/Damage/Vandalism of Property", "crime_type": "Property", "latitude": 38.592773, "longitude": -90.254318, "date": "9/23/2025" }, "geometry": { "type": "Point", "coordinates": [ -90.25432, 38.59277 ] } },
{ "type": "Feature", "properties": { "NIBRS_cat": "Destruction/Damage/Vandalism of Property", "crime_type": "Property", "latitude": 38.592773, "longitude": -90.254318, "date": "9/23/2025" }, "geometry": { "type": "Point", "coordinates": [ -90.25432, 38.59277 ] } },
{ "type": "Feature", "properties": { "NIBRS_cat": "Simple Assault", "crime_type": "Person", "latitude": 38.592823, "longitude": -90.231178, "date": "9/18/2025" }, "geometry": { "type": "Point", "coordinates": [ -90.23118, 38.59282 ] } },
{ "type": "Feature", "properties": { "NIBRS_cat": "Simple Assault", "crime_type": "Person", "latitude": 38.592823, "longitude": -90.231178, "date": "9/18/2025" }, "geometry": { "type": "Point", "coordinates": [ -90.23118, 38.59282 ] } },
{ "type": "Feature", "properties": { "NIBRS_cat": "Weapons Law Violations", "crime_type": "Society", "latitude": 38.592915, "longitude": -90.248055, "date": "8/1/2025" }, "geometry": { "type": "Point", "coordinates": [ -90.24805, 38.59291 ] } },
{ "type": "Feature", "properties": { "NIBRS_cat": "Weapons Law Violations", "crime_type": "Society", "latitude": 38.592915, "longitude": -90.248055, "date": "8/1/2025" }, "geometry": { "type": "Point", "coordinates": [ -90.24805, 38.59291 ] } },
{ "type": "Feature", "properties": { "NIBRS_cat": "Motor Vehicle Theft", "crime_type": "Property", "latitude": 38.592922, "longitude": -90.221046, "date": "9/14/2025" }, "geometry": { "type": "Point", "coordinates": [ -90.22105, 38.59292 ] } },
{ "type": "Feature", "properties": { "NIBRS_cat": "Motor Vehicle Theft", "crime_type": "Property", "latitude": 38.592922, "longitude": -90.221046, "date": "9/14/2025" }, "geometry": { "type": "Point", "coordinates": [ -90.22105, 38.59292 ] } },
{ "type": "Feature", "properties": { "NIBRS_cat": "Aggravated Assault", "crime_type": "Person", "latitude": 38.592937, "longitude": -90.224022, "date": "7/6/2025" }, "geometry": { "type": "Point", "coordinates": [ -90.22402, 38.59294 ] } },
{ "type": "Feature", "properties": { "NIBRS_cat": "Destruction/Damage/Vandalism of Property", "crime_type": "Property", "latitude": 38.592937, "longitude": -90.224022, "date": "7/6/2025" }, "geometry": { "type": "Point", "coordinates": [ -90.22402, 38.59294 ] } },
{ "type": "Feature", "properties": { "NIBRS_cat": "Aggravated Assault", "crime_type": "Person", "latitude": 38.592937, "longitude": -90.224022, "date": "7/6/2025" }, "geometry": { "type": "Point", "coordinates": [ -90.22402, 38.59294 ] } },
{ "type": "Feature", "properties": { "NIBRS_cat": "Destruction/Damage/Vandalism of Property", "crime_type": "Property", "latitude": 38.592937, "longitude": -90.224022, "date": "7/6/2025" }, "geometry": { "type": "Point", "coordinates": [ -90.22402, 38.59294 ] } },
{ "type": "Feature", "properties": { "NIBRS_cat": "Theft From Building", "crime_type": "Property", "latitude": 38.592941, "longitude": -90.272263, "date": "9/12/2025" }, "geometry": { "type": "Point", "coordinates": [ -90.27226, 38.59294 ] } },
{ "type": "Feature", "properties": { "NIBRS_cat": "Theft From Building", "crime_type": "Property", "latitude": 38.592941, "longitude": -90.272263, "date": "9/12/2025" }, "geometry": { "type": "Point", "coordinates": [ -90.27226, 38.59294 ] } },
{ "type": "Feature", "properties": { "NIBRS_cat": "Weapons Law Violations", "crime_type": "Society", "latitude": 38.592949, "longitude": -90.247459, "date": "8/30/2025" }, "geometry": { "type": "Point", "coordinates": [ -90.24746, 38.59295 ] } },
{ "type": "Feature", "properties": { "NIBRS_cat": "Weapons Law Violations", "crime_type": "Society", "latitude": 38.592949, "longitude": -90.247459, "date": "8/30/2025" }, "geometry": { "type": "Point", "coordinates": [ -90.24746, 38.59295 ] } },
{ "type": "Feature", "properties": { "NIBRS_cat": "Shoplifting", "crime_type": "Property", "latitude": 38.59296, "longitude": -90.22596, "date": "9/25/2025" }, "geometry": { "type": "Point", "coordinates": [ -90.22596, 38.59296 ] } },
{ "type": "Feature", "properties": { "NIBRS_cat": "Shoplifting", "crime_type": "Property", "latitude": 38.59296, "longitude": -90.22596, "date": "9/25/2025" }, "geometry": { "type": "Point", "coordinates": [ -90.22596, 38.59296 ] } },
{ "type": "Feature", "properties": { "NIBRS_cat": "Weapons Law Violations", "crime_type": "Society", "latitude": 38.592991, "longitude": -90.248627, "date": "7/2/2025" }, "geometry": { "type": "Point", "coordinates": [ -90.24863, 38.59299 ] } },
{ "type": "Feature", "properties": { "NIBRS_cat": "Weapons Law Violations", "crime_type": "Society", "latitude": 38.592991, "longitude": -90.248627, "date": "7/2/2025" }, "geometry": { "type": "Point", "coordinates": [ -90.24863, 38.59299 ] } },
{ "type": "Feature", "properties": { "NIBRS_cat": "Weapons Law Violations", "crime_type": "Society", "latitude": 38.593014, "longitude": -90.238441, "date": "12/30/2023" }, "geometry": { "type": "Point", "coordinates": [ -90.23844, 38.59301 ] } },
{ "type": "Feature", "properties": { "NIBRS_cat": "Weapons Law Violations", "crime_type": "Society", "latitude": 38.593014, "longitude": -90.238441, "date": "12/30/2023" }, "geometry": { "type": "Point", "coordinates": [ -90.23844, 38.59301 ] } },
{ "type": "Feature", "properties": { "NIBRS_cat": "Shoplifting", "crime_type": "Property", "latitude": 38.593063, "longitude": -90.225883, "date": "9/21/2025" }, "geometry": { "type": "Point", "coordinates": [ -90.22588, 38.59306 ] } },
{ "type": "Feature", "properties": { "NIBRS_cat": "Shoplifting", "crime_type": "Property", "latitude": 38.593063, "longitude": -90.225883, "date": "9/21/2025" }, "geometry": { "type": "Point", "coordinates": [ -90.22588, 38.59306 ] } },
{ "type": "Feature", "properties": { "NIBRS_cat": "Weapons Law Violations", "crime_type": "Society", "latitude": 38.593102, "longitude": -90.23143, "date": "5/28/2025" }, "geometry": { "type": "Point", "coordinates": [ -90.23143, 38.5931 ] } },
{ "type": "Feature", "properties": { "NIBRS_cat": "Weapons Law Violations", "crime_type": "Society", "latitude": 38.593102, "longitude": -90.23143, "date": "5/28/2025" }, "geometry": { "type": "Point", "coordinates": [ -90.23143, 38.5931 ] } },
{ "type": "Feature", "properties": { "NIBRS_cat": "Shoplifting", "crime_type": "Property", "latitude": 38.593163, "longitude": -90.250801, "date": "9/15/2025" }, "geometry": { "type": "Point", "coordinates": [ -90.2508, 38.59316 ] } },
{ "type": "Feature", "properties": { "NIBRS_cat": "Shoplifting", "crime_type": "Property", "latitude": 38.593163, "longitude": -90.250801, "date": "9/15/2025" }, "geometry": { "type": "Point", "coordinates": [ -90.2508, 38.59316 ] } },
{ "type": "Feature", "properties": { "NIBRS_cat": "Destruction/Damage/Vandalism of Property", "crime_type": "Property", "latitude": 38.593208, "longitude": -90.262001, "date": "9/29/2025" }, "geometry": { "type": "Point", "coordinates": [ -90.262, 38.59321 ] } },
{ "type": "Feature", "properties": { "NIBRS_cat": "Destruction/Damage/Vandalism of Property", "crime_type": "Property", "latitude": 38.593208, "longitude": -90.262001, "date": "9/29/2025" }, "geometry": { "type": "Point", "coordinates": [ -90.262, 38.59321 ] } },
{ "type": "Feature", "properties": { "NIBRS_cat": "Simple Assault", "crime_type": "Person", "latitude": 38.593208, "longitude": -90.262001, "date": "9/29/2025" }, "geometry": { "type": "Point", "coordinates": [ -90.262, 38.59321 ] } },
{ "type": "Feature", "properties": { "NIBRS_cat": "Simple Assault", "crime_type": "Person", "latitude": 38.593208, "longitude": -90.262001, "date": "9/29/2025" }, "geometry": { "type": "Point", "coordinates": [ -90.262, 38.59321 ] } },
{ "type": "Feature", "properties": { "NIBRS_cat": "Destruction/Damage/Vandalism of Property", "crime_type": "Property", "latitude": 38.593224, "longitude": -90.257965, "date": "9/22/2025" }, "geometry": { "type": "Point", "coordinates": [ -90.25796, 38.59322 ] } },
{ "type": "Feature", "properties": { "NIBRS_cat": "Destruction/Damage/Vandalism of Property", "crime_type": "Property", "latitude": 38.593224, "longitude": -90.257965, "date": "9/22/2025" }, "geometry": { "type": "Point", "coordinates": [ -90.25796, 38.59322 ] } },
{ "type": "Feature", "properties": { "NIBRS_cat": "Motor Vehicle Theft", "crime_type": "Property", "latitude": 38.593311, "longitude": -90.243645, "date": "9/24/2025" }, "geometry": { "type": "Point", "coordinates": [ -90.24365, 38.59331 ] } },
{ "type": "Feature", "properties": { "NIBRS_cat": "Motor Vehicle Theft", "crime_type": "Property", "latitude": 38.593311, "longitude": -90.243645, "date": "9/24/2025" }, "geometry": { "type": "Point", "coordinates": [ -90.24365, 38.59331 ] } },
{ "type": "Feature", "properties": { "NIBRS_cat": "Weapons Law Violations", "crime_type": "Society", "latitude": 38.593327, "longitude": -90.238113, "date": "9/28/2025" }, "geometry": { "type": "Point", "coordinates": [ -90.23811, 38.59333 ] } },
{ "type": "Feature", "properties": { "NIBRS_cat": "Weapons Law Violations", "crime_type": "Society", "latitude": 38.593327, "longitude": -90.238113, "date": "9/28/2025" }, "geometry": { "type": "Point", "coordinates": [ -90.23811, 38.59333 ] } },
{ "type": "Feature", "properties": { "NIBRS_cat": "Motor Vehicle Theft", "crime_type": "Property", "latitude": 38.593426, "longitude": -90.240402, "date": "9/20/2025" }, "geometry": { "type": "Point", "coordinates": [ -90.2404, 38.59343 ] } },
{ "type": "Feature", "properties": { "NIBRS_cat": "Motor Vehicle Theft", "crime_type": "Property", "latitude": 38.593426, "longitude": -90.240402, "date": "9/20/2025" }, "geometry": { "type": "Point", "coordinates": [ -90.2404, 38.59343 ] } },
{ "type": "Feature", "properties": { "NIBRS_cat": "Robbery", "crime_type": "Person", "latitude": 38.593491, "longitude": -90.240906, "date": "5/5/2025" }, "geometry": { "type": "Point", "coordinates": [ -90.24091, 38.59349 ] } },
{ "type": "Feature", "properties": { "NIBRS_cat": "Robbery", "crime_type": "Person", "latitude": 38.593491, "longitude": -90.240906, "date": "5/5/2025" }, "geometry": { "type": "Point", "coordinates": [ -90.24091, 38.59349 ] } },
{ "type": "Feature", "properties": { "NIBRS_cat": "Weapons Law Violations", "crime_type": "Society", "latitude": 38.593517, "longitude": -90.269951, "date": "6/17/2025" }, "geometry": { "type": "Point", "coordinates": [ -90.26995, 38.59352 ] } },
{ "type": "Feature", "properties": { "NIBRS_cat": "Weapons Law Violations", "crime_type": "Society", "latitude": 38.593517, "longitude": -90.269951, "date": "6/17/2025" }, "geometry": { "type": "Point", "coordinates": [ -90.26995, 38.59352 ] } },
{ "type": "Feature", "properties": { "NIBRS_cat": "All Other Offenses", "crime_type": "Unspecified", "latitude": 38.593533, "longitude": -90.232201, "date": "9/27/2025" }, "geometry": { "type": "Point", "coordinates": [ -90.2322, 38.59353 ] } },
{ "type": "Feature", "properties": { "NIBRS_cat": "All Other Offenses", "crime_type": "Unspecified", "latitude": 38.593533, "longitude": -90.232201, "date": "9/27/2025" }, "geometry": { "type": "Point", "coordinates": [ -90.2322, 38.59353 ] } },
{ "type": "Feature", "properties": { "NIBRS_cat": "Motor Vehicle Theft", "crime_type": "Property", "latitude": 38.593544, "longitude": -90.265038, "date": "9/17/2025" }, "geometry": { "type": "Point", "coordinates": [ -90.26504, 38.59354 ] } },
{ "type": "Feature", "properties": { "NIBRS_cat": "Motor Vehicle Theft", "crime_type": "Property", "latitude": 38.593544, "longitude": -90.265038, "date": "9/17/2025" }, "geometry": { "type": "Point", "coordinates": [ -90.26504, 38.59354 ] } },
{ "type": "Feature", "properties": { "NIBRS_cat": "Stolen Property Offenses", "crime_type": "Property", "latitude": 38.593594, "longitude": -90.225128, "date": "9/4/2025" }, "geometry": { "type": "Point", "coordinates": [ -90.22513, 38.59359 ] } },
{ "type": "Feature", "properties": { "NIBRS_cat": "Stolen Property Offenses", "crime_type": "Property", "latitude": 38.593594, "longitude": -90.225128, "date": "9/4/2025" }, "geometry": { "type": "Point", "coordinates": [ -90.22513, 38.59359 ] } },
{ "type": "Feature", "properties": { "NIBRS_cat": "Stolen Property Offenses", "crime_type": "Property", "latitude": 38.593594, "longitude": -90.225128, "date": "9/4/2025" }, "geometry": { "type": "Point", "coordinates": [ -90.22513, 38.59359 ] } },
{ "type": "Feature", "properties": { "NIBRS_cat": "Stolen Property Offenses", "crime_type": "Property", "latitude": 38.593594, "longitude": -90.225128, "date": "9/4/2025" }, "geometry": { "type": "Point", "coordinates": [ -90.22513, 38.59359 ] } },
{ "type": "Feature", "properties": { "NIBRS_cat": "Weapons Law Violations", "crime_type": "Society", "latitude": 38.593681, "longitude": -90.241562, "date": "8/17/2025" }, "geometry": { "type": "Point", "coordinates": [ -90.24156, 38.59368 ] } },
{ "type": "Feature", "properties": { "NIBRS_cat": "Weapons Law Violations", "crime_type": "Society", "latitude": 38.593681, "longitude": -90.241562, "date": "8/17/2025" }, "geometry": { "type": "Point", "coordinates": [ -90.24156, 38.59368 ] } },
{ "type": "Feature", "properties": { "NIBRS_cat": "Theft From Building", "crime_type": "Property", "latitude": 38.593681, "longitude": -90.241562, "date": "9/7/2025" }, "geometry": { "type": "Point", "coordinates": [ -90.24156, 38.59368 ] } },
{ "type": "Feature", "properties": { "NIBRS_cat": "Theft From Building", "crime_type": "Property", "latitude": 38.593681, "longitude": -90.241562, "date": "9/7/2025" }, "geometry": { "type": "Point", "coordinates": [ -90.24156, 38.59368 ] } },
{ "type": "Feature", "properties": { "NIBRS_cat": "Motor Vehicle Theft", "crime_type": "Property", "latitude": 38.593761, "longitude": -90.267059, "date": "5/30/2025" }, "geometry": { "type": "Point", "coordinates": [ -90.26706, 38.59376 ] } },
{ "type": "Feature", "properties": { "NIBRS_cat": "Motor Vehicle Theft", "crime_type": "Property", "latitude": 38.593761, "longitude": -90.267059, "date": "5/30/2025" }, "geometry": { "type": "Point", "coordinates": [ -90.26706, 38.59376 ] } },
{ "type": "Feature", "properties": { "NIBRS_cat": "Motor Vehicle Theft", "crime_type": "Property", "latitude": 38.593925, "longitude": -90.269249, "date": "9/24/2025" }, "geometry": { "type": "Point", "coordinates": [ -90.26925, 38.59392 ] } },
{ "type": "Feature", "properties": { "NIBRS_cat": "Motor Vehicle Theft", "crime_type": "Property", "latitude": 38.593925, "longitude": -90.269249, "date": "9/24/2025" }, "geometry": { "type": "Point", "coordinates": [ -90.26925, 38.59392 ] } },
{ "type": "Feature", "properties": { "NIBRS_cat": "Weapons Law Violations", "crime_type": "Society", "latitude": 38.593929, "longitude": -90.236198, "date": "8/28/2025" }, "geometry": { "type": "Point", "coordinates": [ -90.2362, 38.59393 ] } },
{ "type": "Feature", "properties": { "NIBRS_cat": "Aggravated Assault", "crime_type": "Person", "latitude": 38.593929, "longitude": -90.236198, "date": "8/28/2025" }, "geometry": { "type": "Point", "coordinates": [ -90.2362, 38.59393 ] } },
{ "type": "Feature", "properties": { "NIBRS_cat": "Aggravated Assault", "crime_type": "Person", "latitude": 38.593929, "longitude": -90.236198, "date": "8/28/2025" }, "geometry": { "type": "Point", "coordinates": [ -90.2362, 38.59393 ] } },
{ "type": "Feature", "properties": { "NIBRS_cat": "Weapons Law Violations", "crime_type": "Society", "latitude": 38.593929, "longitude": -90.236198, "date": "8/28/2025" }, "geometry": { "type": "Point", "coordinates": [ -90.2362, 38.59393 ] } },
{ "type": "Feature", "properties": { "NIBRS_cat": "Weapons Law Violations", "crime_type": "Society", "latitude": 38.593929, "longitude": -90.236198, "date": "8/28/2025" }, "geometry": { "type": "Point", "coordinates": [ -90.2362, 38.59393 ] } },
{ "type": "Feature", "properties": { "NIBRS_cat": "Weapons Law Violations", "crime_type": "Society", "latitude": 38.593929, "longitude": -90.236198, "date": "8/28/2025" }, "geometry": { "type": "Point", "coordinates": [ -90.2362, 38.59393 ] } },
{ "type": "Feature", "properties": { "NIBRS_cat": "All Other Offenses", "crime_type": "Unspecified", "latitude": 38.593941, "longitude": -90.229172, "date": "5/17/2025" }, "geometry": { "type": "Point", "coordinates": [ -90.22917, 38.59394 ] } },
{ "type": "Feature", "properties": { "NIBRS_cat": "All Other Offenses", "crime_type": "Unspecified", "latitude": 38.593941, "longitude": -90.229172, "date": "5/17/2025" }, "geometry": { "type": "Point", "coordinates": [ -90.22917, 38.59394 ] } },
{ "type": "Feature", "properties": { "NIBRS_cat": "Aggravated Assault", "crime_type": "Person", "latitude": 38.593941, "longitude": -90.229172, "date": "5/17/2025" }, "geometry": { "type": "Point", "coordinates": [ -90.22917, 38.59394 ] } },
{ "type": "Feature", "properties": { "NIBRS_cat": "Aggravated Assault", "crime_type": "Person", "latitude": 38.593941, "longitude": -90.229172, "date": "5/17/2025" }, "geometry": { "type": "Point", "coordinates": [ -90.22917, 38.59394 ] } },
{ "type": "Feature", "properties": { "NIBRS_cat": "Weapons Law Violations", "crime_type": "Society", "latitude": 38.593941, "longitude": -90.229172, "date": "5/17/2025" }, "geometry": { "type": "Point", "coordinates": [ -90.22917, 38.59394 ] } },
{ "type": "Feature", "properties": { "NIBRS_cat": "Aggravated Assault", "crime_type": "Person", "latitude": 38.593941, "longitude": -90.229172, "date": "5/17/2025" }, "geometry": { "type": "Point", "coordinates": [ -90.22917, 38.59394 ] } },
{ "type": "Feature", "properties": { "NIBRS_cat": "Aggravated Assault", "crime_type": "Person", "latitude": 38.593941, "longitude": -90.229172, "date": "5/17/2025" }, "geometry": { "type": "Point", "coordinates": [ -90.22917, 38.59394 ] } },
{ "type": "Feature", "properties": { "NIBRS_cat": "Aggravated Assault", "crime_type": "Person", "latitude": 38.593941, "longitude": -90.229172, "date": "5/17/2025" }, "geometry": { "type": "Point", "coordinates": [ -90.22917, 38.59394 ] } },
{ "type": "Feature", "properties": { "NIBRS_cat": "Weapons Law Violations", "crime_type": "Society", "latitude": 38.593941, "longitude": -90.229172, "date": "5/17/2025" }, "geometry": { "type": "Point", "coordinates": [ -90.22917, 38.59394 ] } },
{ "type": "Feature", "properties": { "NIBRS_cat": "Aggravated Assault", "crime_type": "Person", "latitude": 38.593941, "longitude": -90.229172, "date": "5/17/2025" }, "geometry": { "type": "Point", "coordinates": [ -90.22917, 38.59394 ] } },
{ "type": "Feature", "properties": { "NIBRS_cat": "Shoplifting", "crime_type": "Property", "latitude": 38.593967, "longitude": -90.24836, "date": "9/16/2025" }, "geometry": { "type": "Point", "coordinates": [ -90.24836, 38.59397 ] } },
{ "type": "Feature", "properties": { "NIBRS_cat": "Shoplifting", "crime_type": "Property", "latitude": 38.593967, "longitude": -90.24836, "date": "9/16/2025" }, "geometry": { "type": "Point", "coordinates": [ -90.24836, 38.59397 ] } },
{ "type": "Feature", "properties": { "NIBRS_cat": "All Other Offenses", "crime_type": "Unspecified", "latitude": 38.594013, "longitude": -90.228569, "date": "9/15/2025" }, "geometry": { "type": "Point", "coordinates": [ -90.22857, 38.59401 ] } },
{ "type": "Feature", "properties": { "NIBRS_cat": "All Other Offenses", "crime_type": "Unspecified", "latitude": 38.594013, "longitude": -90.228569, "date": "9/15/2025" }, "geometry": { "type": "Point", "coordinates": [ -90.22857, 38.59401 ] } },
{ "type": "Feature", "properties": { "NIBRS_cat": "Theft From Motor Vehicle", "crime_type": "Property", "latitude": 38.594013, "longitude": -90.232964, "date": "9/8/2025" }, "geometry": { "type": "Point", "coordinates": [ -90.23296, 38.59401 ] } },
{ "type": "Feature", "properties": { "NIBRS_cat": "Theft From Motor Vehicle", "crime_type": "Property", "latitude": 38.594013, "longitude": -90.232964, "date": "9/8/2025" }, "geometry": { "type": "Point", "coordinates": [ -90.23296, 38.59401 ] } },
{ "type": "Feature", "properties": { "NIBRS_cat": "Theft From Motor Vehicle", "crime_type": "Property", "latitude": 38.594013, "longitude": -90.232964, "date": "9/8/2025" }, "geometry": { "type": "Point", "coordinates": [ -90.23296, 38.59401 ] } },
{ "type": "Feature", "properties": { "NIBRS_cat": "Theft From Motor Vehicle", "crime_type": "Property", "latitude": 38.594013, "longitude": -90.232964, "date": "9/8/2025" }, "geometry": { "type": "Point", "coordinates": [ -90.23296, 38.59401 ] } },
{ "type": "Feature", "properties": { "NIBRS_cat": "Burglary/Breaking and Entering", "crime_type": "Property", "latitude": 38.594032, "longitude": -90.235512, "date": "6/10/2025" }, "geometry": { "type": "Point", "coordinates": [ -90.23551, 38.59403 ] } },
{ "type": "Feature", "properties": { "NIBRS_cat": "Burglary/Breaking and Entering", "crime_type": "Property", "latitude": 38.594032, "longitude": -90.235512, "date": "6/10/2025" }, "geometry": { "type": "Point", "coordinates": [ -90.23551, 38.59403 ] } },
{ "type": "Feature", "properties": { "NIBRS_cat": "All Other Larceny", "crime_type": "Property", "latitude": 38.594032, "longitude": -90.235512, "date": "6/10/2025" }, "geometry": { "type": "Point", "coordinates": [ -90.23551, 38.59403 ] } },
{ "type": "Feature", "properties": { "NIBRS_cat": "All Other Larceny", "crime_type": "Property", "latitude": 38.594032, "longitude": -90.235512, "date": "6/10/2025" }, "geometry": { "type": "Point", "coordinates": [ -90.23551, 38.59403 ] } },
{ "type": "Feature", "properties": { "NIBRS_cat": "Trespass of Real Property", "crime_type": "Society", "latitude": 38.594032, "longitude": -90.235512, "date": "6/10/2025" }, "geometry": { "type": "Point", "coordinates": [ -90.23551, 38.59403 ] } },
{ "type": "Feature", "properties": { "NIBRS_cat": "Trespass of Real Property", "crime_type": "Society", "latitude": 38.594032, "longitude": -90.235512, "date": "6/10/2025" }, "geometry": { "type": "Point", "coordinates": [ -90.23551, 38.59403 ] } },
{ "type": "Feature", "properties": { "NIBRS_cat": "Sodomy", "crime_type": "Person", "latitude": 38.594036, "longitude": -90.244652, "date": "7/17/2025" }, "geometry": { "type": "Point", "coordinates": [ -90.24465, 38.59404 ] } },
{ "type": "Feature", "properties": { "NIBRS_cat": "Sodomy", "crime_type": "Person", "latitude": 38.594036, "longitude": -90.244652, "date": "7/17/2025" }, "geometry": { "type": "Point", "coordinates": [ -90.24465, 38.59404 ] } },
{ "type": "Feature", "properties": { "NIBRS_cat": "Motor Vehicle Theft", "crime_type": "Property", "latitude": 38.594067, "longitude": -90.24778, "date": "9/27/2025" }, "geometry": { "type": "Point", "coordinates": [ -90.24778, 38.59407 ] } },
{ "type": "Feature", "properties": { "NIBRS_cat": "Motor Vehicle Theft", "crime_type": "Property", "latitude": 38.594067, "longitude": -90.24778, "date": "9/27/2025" }, "geometry": { "type": "Point", "coordinates": [ -90.24778, 38.59407 ] } },
{ "type": "Feature", "properties": { "NIBRS_cat": "Theft From Motor Vehicle Parts/Accessories", "crime_type": "Property", "latitude": 38.594116, "longitude": -90.244682, "date": "9/27/2025" }, "geometry": { "type": "Point", "coordinates": [ -90.24468, 38.59412 ] } },
{ "type": "Feature", "properties": { "NIBRS_cat": "Theft From Motor Vehicle Parts/Accessories", "crime_type": "Property", "latitude": 38.594116, "longitude": -90.244682, "date": "9/27/2025" }, "geometry": { "type": "Point", "coordinates": [ -90.24468, 38.59412 ] } },
{ "type": "Feature", "properties": { "NIBRS_cat": "Aggravated Assault", "crime_type": "Person", "latitude": 38.594147, "longitude": -90.232307, "date": "9/7/2025" }, "geometry": { "type": "Point", "coordinates": [ -90.23231, 38.59415 ] } },
{ "type": "Feature", "properties": { "NIBRS_cat": "Aggravated Assault", "crime_type": "Person", "latitude": 38.594147, "longitude": -90.232307, "date": "9/7/2025" }, "geometry": { "type": "Point", "coordinates": [ -90.23231, 38.59415 ] } },
{ "type": "Feature", "properties": { "NIBRS_cat": "Aggravated Assault", "crime_type": "Person", "latitude": 38.594147, "longitude": -90.232307, "date": "9/7/2025" }, "geometry": { "type": "Point", "coordinates": [ -90.23231, 38.59415 ] } },
{ "type": "Feature", "properties": { "NIBRS_cat": "Aggravated Assault", "crime_type": "Person", "latitude": 38.594147, "longitude": -90.232307, "date": "9/7/2025" }, "geometry": { "type": "Point", "coordinates": [ -90.23231, 38.59415 ] } },
{ "type": "Feature", "properties": { "NIBRS_cat": "Aggravated Assault", "crime_type": "Person", "latitude": 38.594147, "longitude": -90.232307, "date": "9/7/2025" }, "geometry": { "type": "Point", "coordinates": [ -90.23231, 38.59415 ] } },
{ "type": "Feature", "properties": { "NIBRS_cat": "Aggravated Assault", "crime_type": "Person", "latitude": 38.594147, "longitude": -90.232307, "date": "9/7/2025" }, "geometry": { "type": "Point", "coordinates": [ -90.23231, 38.59415 ] } },
{ "type": "Feature", "properties": { "NIBRS_cat": "Destruction/Damage/Vandalism of Property", "crime_type": "Property", "latitude": 38.594147, "longitude": -90.232307, "date": "9/7/2025" }, "geometry": { "type": "Point", "coordinates": [ -90.23231, 38.59415 ] } },
{ "type": "Feature", "properties": { "NIBRS_cat": "Aggravated Assault", "crime_type": "Person", "latitude": 38.594147, "longitude": -90.232307, "date": "9/7/2025" }, "geometry": { "type": "Point", "coordinates": [ -90.23231, 38.59415 ] } },
{ "type": "Feature", "properties": { "NIBRS_cat": "Aggravated Assault", "crime_type": "Person", "latitude": 38.594147, "longitude": -90.232307, "date": "9/7/2025" }, "geometry": { "type": "Point", "coordinates": [ -90.23231, 38.59415 ] } },
{ "type": "Feature", "properties": { "NIBRS_cat": "Destruction/Damage/Vandalism of Property", "crime_type": "Property", "latitude": 38.594147, "longitude": -90.232307, "date": "9/7/2025" }, "geometry": { "type": "Point", "coordinates": [ -90.23231, 38.59415 ] } },
{ "type": "Feature", "properties": { "NIBRS_cat": "Aggravated Assault", "crime_type": "Person", "latitude": 38.594147, "longitude": -90.232307, "date": "9/7/2025" }, "geometry": { "type": "Point", "coordinates": [ -90.23231, 38.59415 ] } },
{ "type": "Feature", "properties": { "NIBRS_cat": "Aggravated Assault", "crime_type": "Person", "latitude": 38.594147, "longitude": -90.232307, "date": "9/7/2025" }, "geometry": { "type": "Point", "coordinates": [ -90.23231, 38.59415 ] } },
{ "type": "Feature", "properties": { "NIBRS_cat": "Aggravated Assault", "crime_type": "Person", "latitude": 38.594147, "longitude": -90.232307, "date": "9/7/2025" }, "geometry": { "type": "Point", "coordinates": [ -90.23231, 38.59415 ] } },
{ "type": "Feature", "properties": { "NIBRS_cat": "Aggravated Assault", "crime_type": "Person", "latitude": 38.594147, "longitude": -90.232307, "date": "9/7/2025" }, "geometry": { "type": "Point", "coordinates": [ -90.23231, 38.59415 ] } },
{ "type": "Feature", "properties": { "NIBRS_cat": "Aggravated Assault", "crime_type": "Person", "latitude": 38.594147, "longitude": -90.232307, "date": "9/7/2025" }, "geometry": { "type": "Point", "coordinates": [ -90.23231, 38.59415 ] } },
{ "type": "Feature", "properties": { "NIBRS_cat": "Aggravated Assault", "crime_type": "Person", "latitude": 38.594147, "longitude": -90.232307, "date": "9/7/2025" }, "geometry": { "type": "Point", "coordinates": [ -90.23231, 38.59415 ] } },
{ "type": "Feature", "properties": { "NIBRS_cat": "Destruction/Damage/Vandalism of Property", "crime_type": "Property", "latitude": 38.594196, "longitude": -90.245636, "date": "9/7/2025" }, "geometry": { "type": "Point", "coordinates": [ -90.24564, 38.5942 ] } },
{ "type": "Feature", "properties": { "NIBRS_cat": "Destruction/Damage/Vandalism of Property", "crime_type": "Property", "latitude": 38.594196, "longitude": -90.245636, "date": "9/7/2025" }, "geometry": { "type": "Point", "coordinates": [ -90.24564, 38.5942 ] } },
{ "type": "Feature", "properties": { "NIBRS_cat": "Simple Assault", "crime_type": "Person", "latitude": 38.594238, "longitude": -90.231331, "date": "4/30/2025" }, "geometry": { "type": "Point", "coordinates": [ -90.23133, 38.59424 ] } },
{ "type": "Feature", "properties": { "NIBRS_cat": "Simple Assault", "crime_type": "Person", "latitude": 38.594238, "longitude": -90.231331, "date": "4/30/2025" }, "geometry": { "type": "Point", "coordinates": [ -90.23133, 38.59424 ] } },
{ "type": "Feature", "properties": { "NIBRS_cat": "Weapons Law Violations", "crime_type": "Society", "latitude": 38.59425, "longitude": -90.245956, "date": "8/23/2025" }, "geometry": { "type": "Point", "coordinates": [ -90.24596, 38.59425 ] } },
{ "type": "Feature", "properties": { "NIBRS_cat": "Weapons Law Violations", "crime_type": "Society", "latitude": 38.59425, "longitude": -90.245956, "date": "8/23/2025" }, "geometry": { "type": "Point", "coordinates": [ -90.24596, 38.59425 ] } },
{ "type": "Feature", "properties": { "NIBRS_cat": "Theft From Motor Vehicle", "crime_type": "Property", "latitude": 38.594364, "longitude": -90.23616, "date": "9/30/2025" }, "geometry": { "type": "Point", "coordinates": [ -90.23616, 38.59436 ] } },
{ "type": "Feature", "properties": { "NIBRS_cat": "Theft From Motor Vehicle", "crime_type": "Property", "latitude": 38.594364, "longitude": -90.23616, "date": "9/30/2025" }, "geometry": { "type": "Point", "coordinates": [ -90.23616, 38.59436 ] } },
{ "type": "Feature", "properties": { "NIBRS_cat": "All Other Offenses", "crime_type": "Unspecified", "latitude": 38.594429, "longitude": -90.231972, "date": "9/2/2025" }, "geometry": { "type": "Point", "coordinates": [ -90.23197, 38.59443 ] } },
{ "type": "Feature", "properties": { "NIBRS_cat": "All Other Offenses", "crime_type": "Unspecified", "latitude": 38.594429, "longitude": -90.231972, "date": "9/2/2025" }, "geometry": { "type": "Point", "coordinates": [ -90.23197, 38.59443 ] } },
{ "type": "Feature", "properties": { "NIBRS_cat": "Credit Card/Automatic Teller Machine Fraud", "crime_type": "Property", "latitude": 38.594509, "longitude": -90.254112, "date": "9/24/2025" }, "geometry": { "type": "Point", "coordinates": [ -90.25411, 38.59451 ] } },
{ "type": "Feature", "properties": { "NIBRS_cat": "Theft From Building", "crime_type": "Property", "latitude": 38.594509, "longitude": -90.254112, "date": "9/24/2025" }, "geometry": { "type": "Point", "coordinates": [ -90.25411, 38.59451 ] } },
{ "type": "Feature", "properties": { "NIBRS_cat": "Credit Card/Automatic Teller Machine Fraud", "crime_type": "Property", "latitude": 38.594509, "longitude": -90.254112, "date": "9/24/2025" }, "geometry": { "type": "Point", "coordinates": [ -90.25411, 38.59451 ] } },
{ "type": "Feature", "properties": { "NIBRS_cat": "Theft From Building", "crime_type": "Property", "latitude": 38.594509, "longitude": -90.254112, "date": "9/24/2025" }, "geometry": { "type": "Point", "coordinates": [ -90.25411, 38.59451 ] } },
{ "type": "Feature", "properties": { "NIBRS_cat": "Weapons Law Violations", "crime_type": "Society", "latitude": 38.594597, "longitude": -90.270905, "date": "8/11/2025" }, "geometry": { "type": "Point", "coordinates": [ -90.2709, 38.5946 ] } },
{ "type": "Feature", "properties": { "NIBRS_cat": "Weapons Law Violations", "crime_type": "Society", "latitude": 38.594597, "longitude": -90.270905, "date": "8/11/2025" }, "geometry": { "type": "Point", "coordinates": [ -90.2709, 38.5946 ] } },
{ "type": "Feature", "properties": { "NIBRS_cat": "Destruction/Damage/Vandalism of Property", "crime_type": "Property", "latitude": 38.594597, "longitude": -90.270905, "date": "8/11/2025" }, "geometry": { "type": "Point", "coordinates": [ -90.2709, 38.5946 ] } },
{ "type": "Feature", "properties": { "NIBRS_cat": "Destruction/Damage/Vandalism of Property", "crime_type": "Property", "latitude": 38.594597, "longitude": -90.270905, "date": "8/11/2025" }, "geometry": { "type": "Point", "coordinates": [ -90.2709, 38.5946 ] } },
{ "type": "Feature", "properties": { "NIBRS_cat": "Burglary/Breaking and Entering", "crime_type": "Property", "latitude": 38.594604, "longitude": -90.233879, "date": "9/14/2025" }, "geometry": { "type": "Point", "coordinates": [ -90.23388, 38.5946 ] } },
{ "type": "Feature", "properties": { "NIBRS_cat": "Burglary/Breaking and Entering", "crime_type": "Property", "latitude": 38.594604, "longitude": -90.233879, "date": "9/14/2025" }, "geometry": { "type": "Point", "coordinates": [ -90.23388, 38.5946 ] } },
{ "type": "Feature", "properties": { "NIBRS_cat": "Destruction/Damage/Vandalism of Property", "crime_type": "Property", "latitude": 38.594604, "longitude": -90.233879, "date": "9/14/2025" }, "geometry": { "type": "Point", "coordinates": [ -90.23388, 38.5946 ] } },
{ "type": "Feature", "properties": { "NIBRS_cat": "Destruction/Damage/Vandalism of Property", "crime_type": "Property", "latitude": 38.594604, "longitude": -90.233879, "date": "9/14/2025" }, "geometry": { "type": "Point", "coordinates": [ -90.23388, 38.5946 ] } },
{ "type": "Feature", "properties": { "NIBRS_cat": "All Other Offenses", "crime_type": "Unspecified", "latitude": 38.594677, "longitude": -90.259361, "date": "9/25/2025" }, "geometry": { "type": "Point", "coordinates": [ -90.25936, 38.59468 ] } },
{ "type": "Feature", "properties": { "NIBRS_cat": "All Other Offenses", "crime_type": "Unspecified", "latitude": 38.594677, "longitude": -90.259361, "date": "9/25/2025" }, "geometry": { "type": "Point", "coordinates": [ -90.25936, 38.59468 ] } },
{ "type": "Feature", "properties": { "NIBRS_cat": "Destruction/Damage/Vandalism of Property", "crime_type": "Property", "latitude": 38.594734, "longitude": -90.250587, "date": "7/15/2025" }, "geometry": { "type": "Point", "coordinates": [ -90.25059, 38.59473 ] } },
{ "type": "Feature", "properties": { "NIBRS_cat": "Burglary/Breaking and Entering", "crime_type": "Property", "latitude": 38.594734, "longitude": -90.250587, "date": "7/15/2025" }, "geometry": { "type": "Point", "coordinates": [ -90.25059, 38.59473 ] } },
{ "type": "Feature", "properties": { "NIBRS_cat": "Destruction/Damage/Vandalism of Property", "crime_type": "Property", "latitude": 38.594734, "longitude": -90.250587, "date": "7/15/2025" }, "geometry": { "type": "Point", "coordinates": [ -90.25059, 38.59473 ] } },
{ "type": "Feature", "properties": { "NIBRS_cat": "Burglary/Breaking and Entering", "crime_type": "Property", "latitude": 38.594734, "longitude": -90.250587, "date": "7/15/2025" }, "geometry": { "type": "Point", "coordinates": [ -90.25059, 38.59473 ] } },
{ "type": "Feature", "properties": { "NIBRS_cat": "Destruction/Damage/Vandalism of Property", "crime_type": "Property", "latitude": 38.594749, "longitude": -90.25074, "date": "11/4/2024" }, "geometry": { "type": "Point", "coordinates": [ -90.25074, 38.59475 ] } },
{ "type": "Feature", "properties": { "NIBRS_cat": "Destruction/Damage/Vandalism of Property", "crime_type": "Property", "latitude": 38.594749, "longitude": -90.25074, "date": "11/4/2024" }, "geometry": { "type": "Point", "coordinates": [ -90.25074, 38.59475 ] } },
{ "type": "Feature", "properties": { "NIBRS_cat": "Destruction/Damage/Vandalism of Property", "crime_type": "Property", "latitude": 38.594749, "longitude": -90.25074, "date": "11/4/2024" }, "geometry": { "type": "Point", "coordinates": [ -90.25074, 38.59475 ] } },
{ "type": "Feature", "properties": { "NIBRS_cat": "Destruction/Damage/Vandalism of Property", "crime_type": "Property", "latitude": 38.594749, "longitude": -90.25074, "date": "11/4/2024" }, "geometry": { "type": "Point", "coordinates": [ -90.25074, 38.59475 ] } },
{ "type": "Feature", "properties": { "NIBRS_cat": "Simple Assault", "crime_type": "Person", "latitude": 38.594769, "longitude": -90.235275, "date": "8/30/2025" }, "geometry": { "type": "Point", "coordinates": [ -90.23528, 38.59477 ] } },
{ "type": "Feature", "properties": { "NIBRS_cat": "Simple Assault", "crime_type": "Person", "latitude": 38.594769, "longitude": -90.235275, "date": "8/30/2025" }, "geometry": { "type": "Point", "coordinates": [ -90.23528, 38.59477 ] } },
{ "type": "Feature", "properties": { "NIBRS_cat": "Simple Assault", "crime_type": "Person", "latitude": 38.594769, "longitude": -90.235275, "date": "8/30/2025" }, "geometry": { "type": "Point", "coordinates": [ -90.23528, 38.59477 ] } },
{ "type": "Feature", "properties": { "NIBRS_cat": "Simple Assault", "crime_type": "Person", "latitude": 38.594769, "longitude": -90.235275, "date": "8/30/2025" }, "geometry": { "type": "Point", "coordinates": [ -90.23528, 38.59477 ] } },
{ "type": "Feature", "properties": { "NIBRS_cat": "Intimidation", "crime_type": "Person", "latitude": 38.595093, "longitude": -90.241379, "date": "9/8/2025" }, "geometry": { "type": "Point", "coordinates": [ -90.24138, 38.59509 ] } },
{ "type": "Feature", "properties": { "NIBRS_cat": "Intimidation", "crime_type": "Person", "latitude": 38.595093, "longitude": -90.241379, "date": "9/8/2025" }, "geometry": { "type": "Point", "coordinates": [ -90.24138, 38.59509 ] } },
{ "type": "Feature", "properties": { "NIBRS_cat": "Weapons Law Violations", "crime_type": "Society", "latitude": 38.595093, "longitude": -90.241379, "date": "9/8/2025" }, "geometry": { "type": "Point", "coordinates": [ -90.24138, 38.59509 ] } },
{ "type": "Feature", "properties": { "NIBRS_cat": "Weapons Law Violations", "crime_type": "Society", "latitude": 38.595093, "longitude": -90.241379, "date": "9/8/2025" }, "geometry": { "type": "Point", "coordinates": [ -90.24138, 38.59509 ] } },
{ "type": "Feature", "properties": { "NIBRS_cat": "False Pretense/Swindle/Confidence Game", "crime_type": "Property", "latitude": 38.595264, "longitude": -90.26281, "date": "9/1/2024" }, "geometry": { "type": "Point", "coordinates": [ -90.26281, 38.59526 ] } },
{ "type": "Feature", "properties": { "NIBRS_cat": "False Pretense/Swindle/Confidence Game", "crime_type": "Property", "latitude": 38.595264, "longitude": -90.26281, "date": "9/1/2024" }, "geometry": { "type": "Point", "coordinates": [ -90.26281, 38.59526 ] } },
{ "type": "Feature", "properties": { "NIBRS_cat": "Theft From Motor Vehicle Parts/Accessories", "crime_type": "Property", "latitude": 38.595356, "longitude": -90.25441, "date": "9/1/2025" }, "geometry": { "type": "Point", "coordinates": [ -90.25441, 38.59536 ] } },
{ "type": "Feature", "properties": { "NIBRS_cat": "Theft From Motor Vehicle Parts/Accessories", "crime_type": "Property", "latitude": 38.595356, "longitude": -90.25441, "date": "9/1/2025" }, "geometry": { "type": "Point", "coordinates": [ -90.25441, 38.59536 ] } },
{ "type": "Feature", "properties": { "NIBRS_cat": "Destruction/Damage/Vandalism of Property", "crime_type": "Property", "latitude": 38.595402, "longitude": -90.246239, "date": "9/14/2025" }, "geometry": { "type": "Point", "coordinates": [ -90.24624, 38.5954 ] } },
{ "type": "Feature", "properties": { "NIBRS_cat": "Destruction/Damage/Vandalism of Property", "crime_type": "Property", "latitude": 38.595402, "longitude": -90.246239, "date": "9/14/2025" }, "geometry": { "type": "Point", "coordinates": [ -90.24624, 38.5954 ] } },
{ "type": "Feature", "properties": { "NIBRS_cat": "Simple Assault", "crime_type": "Person", "latitude": 38.595459, "longitude": -90.235558, "date": "6/8/2025" }, "geometry": { "type": "Point", "coordinates": [ -90.23556, 38.59546 ] } },
{ "type": "Feature", "properties": { "NIBRS_cat": "Simple Assault", "crime_type": "Person", "latitude": 38.595459, "longitude": -90.235558, "date": "6/8/2025" }, "geometry": { "type": "Point", "coordinates": [ -90.23556, 38.59546 ] } },
{ "type": "Feature", "properties": { "NIBRS_cat": "Theft From Building", "crime_type": "Property", "latitude": 38.595467, "longitude": -90.243767, "date": "9/10/2025" }, "geometry": { "type": "Point", "coordinates": [ -90.24377, 38.59547 ] } },
{ "type": "Feature", "properties": { "NIBRS_cat": "Theft From Building", "crime_type": "Property", "latitude": 38.595467, "longitude": -90.243767, "date": "9/10/2025" }, "geometry": { "type": "Point", "coordinates": [ -90.24377, 38.59547 ] } },
{ "type": "Feature", "properties": { "NIBRS_cat": "Motor Vehicle Theft", "crime_type": "Property", "latitude": 38.595669, "longitude": -90.264427, "date": "7/26/2025" }, "geometry": { "type": "Point", "coordinates": [ -90.26443, 38.59567 ] } },
{ "type": "Feature", "properties": { "NIBRS_cat": "Motor Vehicle Theft", "crime_type": "Property", "latitude": 38.595669, "longitude": -90.264427, "date": "7/26/2025" }, "geometry": { "type": "Point", "coordinates": [ -90.26443, 38.59567 ] } },
{ "type": "Feature", "properties": { "NIBRS_cat": "Trespass of Real Property", "crime_type": "Society", "latitude": 38.595673, "longitude": -90.245277, "date": "9/26/2025" }, "geometry": { "type": "Point", "coordinates": [ -90.24528, 38.59567 ] } },
{ "type": "Feature", "properties": { "NIBRS_cat": "Trespass of Real Property", "crime_type": "Society", "latitude": 38.595673, "longitude": -90.245277, "date": "9/26/2025" }, "geometry": { "type": "Point", "coordinates": [ -90.24528, 38.59567 ] } },
{ "type": "Feature", "properties": { "NIBRS_cat": "Motor Vehicle Theft", "crime_type": "Property", "latitude": 38.59605, "longitude": -90.253319, "date": "9/3/2025" }, "geometry": { "type": "Point", "coordinates": [ -90.25332, 38.59605 ] } },
{ "type": "Feature", "properties": { "NIBRS_cat": "Motor Vehicle Theft", "crime_type": "Property", "latitude": 38.59605, "longitude": -90.253319, "date": "9/3/2025" }, "geometry": { "type": "Point", "coordinates": [ -90.25332, 38.59605 ] } },
{ "type": "Feature", "properties": { "NIBRS_cat": "Theft From Motor Vehicle", "crime_type": "Property", "latitude": 38.59605, "longitude": -90.253319, "date": "9/3/2025" }, "geometry": { "type": "Point", "coordinates": [ -90.25332, 38.59605 ] } },
{ "type": "Feature", "properties": { "NIBRS_cat": "Theft From Motor Vehicle", "crime_type": "Property", "latitude": 38.59605, "longitude": -90.253319, "date": "9/3/2025" }, "geometry": { "type": "Point", "coordinates": [ -90.25332, 38.59605 ] } },
{ "type": "Feature", "properties": { "NIBRS_cat": "Destruction/Damage/Vandalism of Property", "crime_type": "Property", "latitude": 38.596058, "longitude": -90.253326, "date": "9/10/2025" }, "geometry": { "type": "Point", "coordinates": [ -90.25333, 38.59606 ] } },
{ "type": "Feature", "properties": { "NIBRS_cat": "Destruction/Damage/Vandalism of Property", "crime_type": "Property", "latitude": 38.596058, "longitude": -90.253326, "date": "9/10/2025" }, "geometry": { "type": "Point", "coordinates": [ -90.25333, 38.59606 ] } },
{ "type": "Feature", "properties": { "NIBRS_cat": "Disorderly Conduct", "crime_type": "Society", "latitude": 38.596058, "longitude": -90.253326, "date": "9/10/2025" }, "geometry": { "type": "Point", "coordinates": [ -90.25333, 38.59606 ] } },
{ "type": "Feature", "properties": { "NIBRS_cat": "Disorderly Conduct", "crime_type": "Society", "latitude": 38.596058, "longitude": -90.253326, "date": "9/10/2025" }, "geometry": { "type": "Point", "coordinates": [ -90.25333, 38.59606 ] } },
{ "type": "Feature", "properties": { "NIBRS_cat": "Motor Vehicle Theft", "crime_type": "Property", "latitude": 38.596081, "longitude": -90.246788, "date": "9/18/2025" }, "geometry": { "type": "Point", "coordinates": [ -90.24679, 38.59608 ] } },
{ "type": "Feature", "properties": { "NIBRS_cat": "Motor Vehicle Theft", "crime_type": "Property", "latitude": 38.596081, "longitude": -90.246788, "date": "9/18/2025" }, "geometry": { "type": "Point", "coordinates": [ -90.24679, 38.59608 ] } },
{ "type": "Feature", "properties": { "NIBRS_cat": "Destruction/Damage/Vandalism of Property", "crime_type": "Property", "latitude": 38.596237, "longitude": -90.265976, "date": "9/17/2025" }, "geometry": { "type": "Point", "coordinates": [ -90.26598, 38.59624 ] } },
{ "type": "Feature", "properties": { "NIBRS_cat": "Destruction/Damage/Vandalism of Property", "crime_type": "Property", "latitude": 38.596237, "longitude": -90.265976, "date": "9/17/2025" }, "geometry": { "type": "Point", "coordinates": [ -90.26598, 38.59624 ] } },
{ "type": "Feature", "properties": { "NIBRS_cat": "Motor Vehicle Theft", "crime_type": "Property", "latitude": 38.596275, "longitude": -90.251175, "date": "8/25/2025" }, "geometry": { "type": "Point", "coordinates": [ -90.25118, 38.59627 ] } },
{ "type": "Feature", "properties": { "NIBRS_cat": "Motor Vehicle Theft", "crime_type": "Property", "latitude": 38.596275, "longitude": -90.251175, "date": "8/25/2025" }, "geometry": { "type": "Point", "coordinates": [ -90.25118, 38.59627 ] } },
{ "type": "Feature", "properties": { "NIBRS_cat": "Burglary/Breaking and Entering", "crime_type": "Property", "latitude": 38.596291, "longitude": -90.262703, "date": "9/15/2025" }, "geometry": { "type": "Point", "coordinates": [ -90.2627, 38.59629 ] } },
{ "type": "Feature", "properties": { "NIBRS_cat": "Burglary/Breaking and Entering", "crime_type": "Property", "latitude": 38.596291, "longitude": -90.262703, "date": "9/15/2025" }, "geometry": { "type": "Point", "coordinates": [ -90.2627, 38.59629 ] } },
{ "type": "Feature", "properties": { "NIBRS_cat": "Disorderly Conduct", "crime_type": "Society", "latitude": 38.596565, "longitude": -90.243561, "date": "9/16/2025" }, "geometry": { "type": "Point", "coordinates": [ -90.24356, 38.59656 ] } },
{ "type": "Feature", "properties": { "NIBRS_cat": "Disorderly Conduct", "crime_type": "Society", "latitude": 38.596565, "longitude": -90.243561, "date": "9/16/2025" }, "geometry": { "type": "Point", "coordinates": [ -90.24356, 38.59656 ] } },
{ "type": "Feature", "properties": { "NIBRS_cat": "Disorderly Conduct", "crime_type": "Society", "latitude": 38.596565, "longitude": -90.243561, "date": "9/16/2025" }, "geometry": { "type": "Point", "coordinates": [ -90.24356, 38.59656 ] } },
{ "type": "Feature", "properties": { "NIBRS_cat": "Disorderly Conduct", "crime_type": "Society", "latitude": 38.596565, "longitude": -90.243561, "date": "9/16/2025" }, "geometry": { "type": "Point", "coordinates": [ -90.24356, 38.59656 ] } },
{ "type": "Feature", "properties": { "NIBRS_cat": "Burglary/Breaking and Entering", "crime_type": "Property", "latitude": 38.59676, "longitude": -90.250969, "date": "8/18/2025" }, "geometry": { "type": "Point", "coordinates": [ -90.25097, 38.59676 ] } },
{ "type": "Feature", "properties": { "NIBRS_cat": "Burglary/Breaking and Entering", "crime_type": "Property", "latitude": 38.59676, "longitude": -90.250969, "date": "8/18/2025" }, "geometry": { "type": "Point", "coordinates": [ -90.25097, 38.59676 ] } },
{ "type": "Feature", "properties": { "NIBRS_cat": "Rape", "crime_type": "Person", "latitude": 38.59687, "longitude": -90.241287, "date": "11/7/2023" }, "geometry": { "type": "Point", "coordinates": [ -90.24129, 38.59687 ] } },
{ "type": "Feature", "properties": { "NIBRS_cat": "Rape", "crime_type": "Person", "latitude": 38.59687, "longitude": -90.241287, "date": "11/7/2023" }, "geometry": { "type": "Point", "coordinates": [ -90.24129, 38.59687 ] } },
{ "type": "Feature", "properties": { "NIBRS_cat": "Stolen Property Offenses", "crime_type": "Property", "latitude": 38.596958, "longitude": -90.250305, "date": "8/27/2025" }, "geometry": { "type": "Point", "coordinates": [ -90.2503, 38.59696 ] } },
{ "type": "Feature", "properties": { "NIBRS_cat": "Stolen Property Offenses", "crime_type": "Property", "latitude": 38.596958, "longitude": -90.250305, "date": "8/27/2025" }, "geometry": { "type": "Point", "coordinates": [ -90.2503, 38.59696 ] } },
{ "type": "Feature", "properties": { "NIBRS_cat": "Motor Vehicle Theft", "crime_type": "Property", "latitude": 38.596958, "longitude": -90.250305, "date": "8/27/2025" }, "geometry": { "type": "Point", "coordinates": [ -90.2503, 38.59696 ] } },
{ "type": "Feature", "properties": { "NIBRS_cat": "Motor Vehicle Theft", "crime_type": "Property", "latitude": 38.596958, "longitude": -90.250305, "date": "8/27/2025" }, "geometry": { "type": "Point", "coordinates": [ -90.2503, 38.59696 ] } },
{ "type": "Feature", "properties": { "NIBRS_cat": "Stolen Property Offenses", "crime_type": "Property", "latitude": 38.596958, "longitude": -90.250305, "date": "8/27/2025" }, "geometry": { "type": "Point", "coordinates": [ -90.2503, 38.59696 ] } },
{ "type": "Feature", "properties": { "NIBRS_cat": "Stolen Property Offenses", "crime_type": "Property", "latitude": 38.596958, "longitude": -90.250305, "date": "8/27/2025" }, "geometry": { "type": "Point", "coordinates": [ -90.2503, 38.59696 ] } },
{ "type": "Feature", "properties": { "NIBRS_cat": "All Other Offenses", "crime_type": "Unspecified", "latitude": 38.597027, "longitude": -90.258354, "date": "9/11/2025" }, "geometry": { "type": "Point", "coordinates": [ -90.25835, 38.59703 ] } },
{ "type": "Feature", "properties": { "NIBRS_cat": "All Other Offenses", "crime_type": "Unspecified", "latitude": 38.597027, "longitude": -90.258354, "date": "9/11/2025" }, "geometry": { "type": "Point", "coordinates": [ -90.25835, 38.59703 ] } },
{ "type": "Feature", "properties": { "NIBRS_cat": "Destruction/Damage/Vandalism of Property", "crime_type": "Property", "latitude": 38.597431, "longitude": -90.257668, "date": "9/20/2025" }, "geometry": { "type": "Point", "coordinates": [ -90.25767, 38.59743 ] } },
{ "type": "Feature", "properties": { "NIBRS_cat": "Destruction/Damage/Vandalism of Property", "crime_type": "Property", "latitude": 38.597431, "longitude": -90.257668, "date": "9/20/2025" }, "geometry": { "type": "Point", "coordinates": [ -90.25767, 38.59743 ] } },
{ "type": "Feature", "properties": { "NIBRS_cat": "All Other Larceny", "crime_type": "Property", "latitude": 38.597633, "longitude": -90.223236, "date": "9/30/2025" }, "geometry": { "type": "Point", "coordinates": [ -90.22324, 38.59763 ] } },
{ "type": "Feature", "properties": { "NIBRS_cat": "All Other Larceny", "crime_type": "Property", "latitude": 38.597633, "longitude": -90.223236, "date": "9/30/2025" }, "geometry": { "type": "Point", "coordinates": [ -90.22324, 38.59763 ] } },
{ "type": "Feature", "properties": { "NIBRS_cat": "Disorderly Conduct", "crime_type": "Society", "latitude": 38.597633, "longitude": -90.223236, "date": "9/30/2025" }, "geometry": { "type": "Point", "coordinates": [ -90.22324, 38.59763 ] } },
{ "type": "Feature", "properties": { "NIBRS_cat": "Disorderly Conduct", "crime_type": "Society", "latitude": 38.597633, "longitude": -90.223236, "date": "9/30/2025" }, "geometry": { "type": "Point", "coordinates": [ -90.22324, 38.59763 ] } },
{ "type": "Feature", "properties": { "NIBRS_cat": "Destruction/Damage/Vandalism of Property", "crime_type": "Property", "latitude": 38.597725, "longitude": -90.25145, "date": "9/19/2025" }, "geometry": { "type": "Point", "coordinates": [ -90.25145, 38.59772 ] } },
{ "type": "Feature", "properties": { "NIBRS_cat": "Destruction/Damage/Vandalism of Property", "crime_type": "Property", "latitude": 38.597725, "longitude": -90.25145, "date": "9/19/2025" }, "geometry": { "type": "Point", "coordinates": [ -90.25145, 38.59772 ] } },
{ "type": "Feature", "properties": { "NIBRS_cat": "Theft From Motor Vehicle Parts/Accessories", "crime_type": "Property", "latitude": 38.597725, "longitude": -90.25145, "date": "9/19/2025" }, "geometry": { "type": "Point", "coordinates": [ -90.25145, 38.59772 ] } },
{ "type": "Feature", "properties": { "NIBRS_cat": "Theft From Motor Vehicle Parts/Accessories", "crime_type": "Property", "latitude": 38.597725, "longitude": -90.25145, "date": "9/19/2025" }, "geometry": { "type": "Point", "coordinates": [ -90.25145, 38.59772 ] } },
{ "type": "Feature", "properties": { "NIBRS_cat": "All Other Offenses", "crime_type": "Unspecified", "latitude": 38.598, "longitude": -90.243279, "date": "9/22/2025" }, "geometry": { "type": "Point", "coordinates": [ -90.24328, 38.598 ] } },
{ "type": "Feature", "properties": { "NIBRS_cat": "Shoplifting", "crime_type": "Property", "latitude": 38.598, "longitude": -90.243279, "date": "9/29/2025" }, "geometry": { "type": "Point", "coordinates": [ -90.24328, 38.598 ] } },
{ "type": "Feature", "properties": { "NIBRS_cat": "All Other Offenses", "crime_type": "Unspecified", "latitude": 38.598, "longitude": -90.243279, "date": "9/22/2025" }, "geometry": { "type": "Point", "coordinates": [ -90.24328, 38.598 ] } },
{ "type": "Feature", "properties": { "NIBRS_cat": "Shoplifting", "crime_type": "Property", "latitude": 38.598, "longitude": -90.243279, "date": "9/29/2025" }, "geometry": { "type": "Point", "coordinates": [ -90.24328, 38.598 ] } },
{ "type": "Feature", "properties": { "NIBRS_cat": "Motor Vehicle Theft", "crime_type": "Property", "latitude": 38.59808, "longitude": -90.24807, "date": "8/23/2025" }, "geometry": { "type": "Point", "coordinates": [ -90.24807, 38.59808 ] } },
{ "type": "Feature", "properties": { "NIBRS_cat": "Theft From Motor Vehicle Parts/Accessories", "crime_type": "Property", "latitude": 38.59808, "longitude": -90.24807, "date": "8/23/2025" }, "geometry": { "type": "Point", "coordinates": [ -90.24807, 38.59808 ] } },
{ "type": "Feature", "properties": { "NIBRS_cat": "Theft From Motor Vehicle Parts/Accessories", "crime_type": "Property", "latitude": 38.59808, "longitude": -90.24807, "date": "8/23/2025" }, "geometry": { "type": "Point", "coordinates": [ -90.24807, 38.59808 ] } },
{ "type": "Feature", "properties": { "NIBRS_cat": "Motor Vehicle Theft", "crime_type": "Property", "latitude": 38.59808, "longitude": -90.24807, "date": "8/23/2025" }, "geometry": { "type": "Point", "coordinates": [ -90.24807, 38.59808 ] } },
{ "type": "Feature", "properties": { "NIBRS_cat": "All Other Larceny", "crime_type": "Property", "latitude": 38.598183, "longitude": -90.255592, "date": "9/23/2025" }, "geometry": { "type": "Point", "coordinates": [ -90.25559, 38.59818 ] } },
{ "type": "Feature", "properties": { "NIBRS_cat": "All Other Larceny", "crime_type": "Property", "latitude": 38.598183, "longitude": -90.255592, "date": "9/23/2025" }, "geometry": { "type": "Point", "coordinates": [ -90.25559, 38.59818 ] } },
{ "type": "Feature", "properties": { "NIBRS_cat": "Motor Vehicle Theft", "crime_type": "Property", "latitude": 38.59832, "longitude": -90.252701, "date": "9/16/2025" }, "geometry": { "type": "Point", "coordinates": [ -90.2527, 38.59832 ] } },
{ "type": "Feature", "properties": { "NIBRS_cat": "Theft From Motor Vehicle", "crime_type": "Property", "latitude": 38.59832, "longitude": -90.252701, "date": "9/16/2025" }, "geometry": { "type": "Point", "coordinates": [ -90.2527, 38.59832 ] } },
{ "type": "Feature", "properties": { "NIBRS_cat": "Theft From Motor Vehicle", "crime_type": "Property", "latitude": 38.59832, "longitude": -90.252701, "date": "9/16/2025" }, "geometry": { "type": "Point", "coordinates": [ -90.2527, 38.59832 ] } },
{ "type": "Feature", "properties": { "NIBRS_cat": "Motor Vehicle Theft", "crime_type": "Property", "latitude": 38.59832, "longitude": -90.252701, "date": "9/16/2025" }, "geometry": { "type": "Point", "coordinates": [ -90.2527, 38.59832 ] } },
{ "type": "Feature", "properties": { "NIBRS_cat": "Motor Vehicle Theft", "crime_type": "Property", "latitude": 38.598534, "longitude": -90.2435, "date": "9/20/2025" }, "geometry": { "type": "Point", "coordinates": [ -90.2435, 38.59853 ] } },
{ "type": "Feature", "properties": { "NIBRS_cat": "Motor Vehicle Theft", "crime_type": "Property", "latitude": 38.598534, "longitude": -90.2435, "date": "9/20/2025" }, "geometry": { "type": "Point", "coordinates": [ -90.2435, 38.59853 ] } },
{ "type": "Feature", "properties": { "NIBRS_cat": "Motor Vehicle Theft", "crime_type": "Property", "latitude": 38.599007, "longitude": -90.259644, "date": "7/6/2025" }, "geometry": { "type": "Point", "coordinates": [ -90.25964, 38.59901 ] } },
{ "type": "Feature", "properties": { "NIBRS_cat": "Motor Vehicle Theft", "crime_type": "Property", "latitude": 38.599007, "longitude": -90.259644, "date": "7/6/2025" }, "geometry": { "type": "Point", "coordinates": [ -90.25964, 38.59901 ] } },
{ "type": "Feature", "properties": { "NIBRS_cat": "Motor Vehicle Theft", "crime_type": "Property", "latitude": 38.59901, "longitude": -90.259644, "date": "9/19/2025" }, "geometry": { "type": "Point", "coordinates": [ -90.25964, 38.59901 ] } },
{ "type": "Feature", "properties": { "NIBRS_cat": "Motor Vehicle Theft", "crime_type": "Property", "latitude": 38.59901, "longitude": -90.259644, "date": "9/19/2025" }, "geometry": { "type": "Point", "coordinates": [ -90.25964, 38.59901 ] } },
{ "type": "Feature", "properties": { "NIBRS_cat": "Destruction/Damage/Vandalism of Property", "crime_type": "Property", "latitude": 38.599033, "longitude": -90.259644, "date": "9/19/2025" }, "geometry": { "type": "Point", "coordinates": [ -90.25964, 38.59903 ] } },
{ "type": "Feature", "properties": { "NIBRS_cat": "Trespass of Real Property", "crime_type": "Society", "latitude": 38.599033, "longitude": -90.259644, "date": "9/19/2025" }, "geometry": { "type": "Point", "coordinates": [ -90.25964, 38.59903 ] } },
{ "type": "Feature", "properties": { "NIBRS_cat": "Trespass of Real Property", "crime_type": "Society", "latitude": 38.599033, "longitude": -90.259644, "date": "9/19/2025" }, "geometry": { "type": "Point", "coordinates": [ -90.25964, 38.59903 ] } },
{ "type": "Feature", "properties": { "NIBRS_cat": "Destruction/Damage/Vandalism of Property", "crime_type": "Property", "latitude": 38.599033, "longitude": -90.259644, "date": "9/19/2025" }, "geometry": { "type": "Point", "coordinates": [ -90.25964, 38.59903 ] } },
{ "type": "Feature", "properties": { "NIBRS_cat": "Theft From Motor Vehicle", "crime_type": "Property", "latitude": 38.599297, "longitude": -90.252907, "date": "9/11/2025" }, "geometry": { "type": "Point", "coordinates": [ -90.25291, 38.5993 ] } },
{ "type": "Feature", "properties": { "NIBRS_cat": "Destruction/Damage/Vandalism of Property", "crime_type": "Property", "latitude": 38.599297, "longitude": -90.252907, "date": "9/11/2025" }, "geometry": { "type": "Point", "coordinates": [ -90.25291, 38.5993 ] } },
{ "type": "Feature", "properties": { "NIBRS_cat": "Theft From Motor Vehicle", "crime_type": "Property", "latitude": 38.599297, "longitude": -90.252907, "date": "9/11/2025" }, "geometry": { "type": "Point", "coordinates": [ -90.25291, 38.5993 ] } },
{ "type": "Feature", "properties": { "NIBRS_cat": "Destruction/Damage/Vandalism of Property", "crime_type": "Property", "latitude": 38.599297, "longitude": -90.252907, "date": "9/11/2025" }, "geometry": { "type": "Point", "coordinates": [ -90.25291, 38.5993 ] } },
{ "type": "Feature", "properties": { "NIBRS_cat": "Burglary/Breaking and Entering", "crime_type": "Property", "latitude": 38.599331, "longitude": -90.24305, "date": "9/24/2025" }, "geometry": { "type": "Point", "coordinates": [ -90.24305, 38.59933 ] } },
{ "type": "Feature", "properties": { "NIBRS_cat": "Burglary/Breaking and Entering", "crime_type": "Property", "latitude": 38.599331, "longitude": -90.24305, "date": "9/24/2025" }, "geometry": { "type": "Point", "coordinates": [ -90.24305, 38.59933 ] } },
{ "type": "Feature", "properties": { "NIBRS_cat": "Destruction/Damage/Vandalism of Property", "crime_type": "Property", "latitude": 38.599331, "longitude": -90.24305, "date": "9/24/2025" }, "geometry": { "type": "Point", "coordinates": [ -90.24305, 38.59933 ] } },
{ "type": "Feature", "properties": { "NIBRS_cat": "Destruction/Damage/Vandalism of Property", "crime_type": "Property", "latitude": 38.599331, "longitude": -90.24305, "date": "9/24/2025" }, "geometry": { "type": "Point", "coordinates": [ -90.24305, 38.59933 ] } },
{ "type": "Feature", "properties": { "NIBRS_cat": "Destruction/Damage/Vandalism of Property", "crime_type": "Property", "latitude": 38.599361, "longitude": -90.25898, "date": "8/29/2025" }, "geometry": { "type": "Point", "coordinates": [ -90.25898, 38.59936 ] } },
{ "type": "Feature", "properties": { "NIBRS_cat": "Theft From Motor Vehicle", "crime_type": "Property", "latitude": 38.599361, "longitude": -90.25898, "date": "8/29/2025" }, "geometry": { "type": "Point", "coordinates": [ -90.25898, 38.59936 ] } },
{ "type": "Feature", "properties": { "NIBRS_cat": "Destruction/Damage/Vandalism of Property", "crime_type": "Property", "latitude": 38.599361, "longitude": -90.25898, "date": "8/29/2025" }, "geometry": { "type": "Point", "coordinates": [ -90.25898, 38.59936 ] } },
{ "type": "Feature", "properties": { "NIBRS_cat": "Theft From Motor Vehicle", "crime_type": "Property", "latitude": 38.599361, "longitude": -90.25898, "date": "8/29/2025" }, "geometry": { "type": "Point", "coordinates": [ -90.25898, 38.59936 ] } },
{ "type": "Feature", "properties": { "NIBRS_cat": "Destruction/Damage/Vandalism of Property", "crime_type": "Property", "latitude": 38.599403, "longitude": -90.247902, "date": "9/12/2025" }, "geometry": { "type": "Point", "coordinates": [ -90.2479, 38.5994 ] } },
{ "type": "Feature", "properties": { "NIBRS_cat": "Destruction/Damage/Vandalism of Property", "crime_type": "Property", "latitude": 38.599403, "longitude": -90.247902, "date": "9/12/2025" }, "geometry": { "type": "Point", "coordinates": [ -90.2479, 38.5994 ] } },
{ "type": "Feature", "properties": { "NIBRS_cat": "Motor Vehicle Theft", "crime_type": "Property", "latitude": 38.599403, "longitude": -90.247902, "date": "9/13/2025" }, "geometry": { "type": "Point", "coordinates": [ -90.2479, 38.5994 ] } },
{ "type": "Feature", "properties": { "NIBRS_cat": "Motor Vehicle Theft", "crime_type": "Property", "latitude": 38.599403, "longitude": -90.247902, "date": "9/13/2025" }, "geometry": { "type": "Point", "coordinates": [ -90.2479, 38.5994 ] } },
{ "type": "Feature", "properties": { "NIBRS_cat": "Wire Fraud", "crime_type": "Property", "latitude": 38.599419, "longitude": -90.25901, "date": "9/15/2025" }, "geometry": { "type": "Point", "coordinates": [ -90.25901, 38.59942 ] } },
{ "type": "Feature", "properties": { "NIBRS_cat": "Identity Theft", "crime_type": "Property", "latitude": 38.599419, "longitude": -90.25901, "date": "9/15/2025" }, "geometry": { "type": "Point", "coordinates": [ -90.25901, 38.59942 ] } },
{ "type": "Feature", "properties": { "NIBRS_cat": "Wire Fraud", "crime_type": "Property", "latitude": 38.599419, "longitude": -90.25901, "date": "9/15/2025" }, "geometry": { "type": "Point", "coordinates": [ -90.25901, 38.59942 ] } },
{ "type": "Feature", "properties": { "NIBRS_cat": "Identity Theft", "crime_type": "Property", "latitude": 38.599419, "longitude": -90.25901, "date": "9/15/2025" }, "geometry": { "type": "Point", "coordinates": [ -90.25901, 38.59942 ] } },
{ "type": "Feature", "properties": { "NIBRS_cat": "Burglary/Breaking and Entering", "crime_type": "Property", "latitude": 38.599434, "longitude": -90.262779, "date": "9/19/2025" }, "geometry": { "type": "Point", "coordinates": [ -90.26278, 38.59943 ] } },
{ "type": "Feature", "properties": { "NIBRS_cat": "Burglary/Breaking and Entering", "crime_type": "Property", "latitude": 38.599434, "longitude": -90.262779, "date": "9/19/2025" }, "geometry": { "type": "Point", "coordinates": [ -90.26278, 38.59943 ] } },
{ "type": "Feature", "properties": { "NIBRS_cat": "Simple Assault", "crime_type": "Person", "latitude": 38.599442, "longitude": -90.261711, "date": "1/1/2025" }, "geometry": { "type": "Point", "coordinates": [ -90.26171, 38.59944 ] } },
{ "type": "Feature", "properties": { "NIBRS_cat": "Simple Assault", "crime_type": "Person", "latitude": 38.599442, "longitude": -90.261711, "date": "1/1/2025" }, "geometry": { "type": "Point", "coordinates": [ -90.26171, 38.59944 ] } },
{ "type": "Feature", "properties": { "NIBRS_cat": "Destruction/Damage/Vandalism of Property", "crime_type": "Property", "latitude": 38.599709, "longitude": -90.246422, "date": "8/20/2025" }, "geometry": { "type": "Point", "coordinates": [ -90.24642, 38.59971 ] } },
{ "type": "Feature", "properties": { "NIBRS_cat": "Destruction/Damage/Vandalism of Property", "crime_type": "Property", "latitude": 38.599709, "longitude": -90.246422, "date": "8/20/2025" }, "geometry": { "type": "Point", "coordinates": [ -90.24642, 38.59971 ] } },
{ "type": "Feature", "properties": { "NIBRS_cat": "Motor Vehicle Theft", "crime_type": "Property", "latitude": 38.599751, "longitude": -90.243118, "date": "8/22/2025" }, "geometry": { "type": "Point", "coordinates": [ -90.24312, 38.59975 ] } },
{ "type": "Feature", "properties": { "NIBRS_cat": "Motor Vehicle Theft", "crime_type": "Property", "latitude": 38.599751, "longitude": -90.243118, "date": "8/22/2025" }, "geometry": { "type": "Point", "coordinates": [ -90.24312, 38.59975 ] } },
{ "type": "Feature", "properties": { "NIBRS_cat": "Theft From Motor Vehicle", "crime_type": "Property", "latitude": 38.599789, "longitude": -90.25351, "date": "8/29/2025" }, "geometry": { "type": "Point", "coordinates": [ -90.25351, 38.59979 ] } },
{ "type": "Feature", "properties": { "NIBRS_cat": "Theft From Motor Vehicle", "crime_type": "Property", "latitude": 38.599789, "longitude": -90.25351, "date": "8/29/2025" }, "geometry": { "type": "Point", "coordinates": [ -90.25351, 38.59979 ] } },
{ "type": "Feature", "properties": { "NIBRS_cat": "Destruction/Damage/Vandalism of Property", "crime_type": "Property", "latitude": 38.599789, "longitude": -90.243118, "date": "9/19/2025" }, "geometry": { "type": "Point", "coordinates": [ -90.24312, 38.59979 ] } },
{ "type": "Feature", "properties": { "NIBRS_cat": "Destruction/Damage/Vandalism of Property", "crime_type": "Property", "latitude": 38.599789, "longitude": -90.25351, "date": "8/29/2025" }, "geometry": { "type": "Point", "coordinates": [ -90.25351, 38.59979 ] } },
{ "type": "Feature", "properties": { "NIBRS_cat": "Destruction/Damage/Vandalism of Property", "crime_type": "Property", "latitude": 38.599789, "longitude": -90.243118, "date": "9/19/2025" }, "geometry": { "type": "Point", "coordinates": [ -90.24312, 38.59979 ] } },
{ "type": "Feature", "properties": { "NIBRS_cat": "Destruction/Damage/Vandalism of Property", "crime_type": "Property", "latitude": 38.599789, "longitude": -90.25351, "date": "8/29/2025" }, "geometry": { "type": "Point", "coordinates": [ -90.25351, 38.59979 ] } },
{ "type": "Feature", "properties": { "NIBRS_cat": "Robbery", "crime_type": "Person", "latitude": 38.600037, "longitude": -90.251282, "date": "3/8/2024" }, "geometry": { "type": "Point", "coordinates": [ -90.25128, 38.60004 ] } },
{ "type": "Feature", "properties": { "NIBRS_cat": "Robbery", "crime_type": "Person", "latitude": 38.600037, "longitude": -90.251282, "date": "3/8/2024" }, "geometry": { "type": "Point", "coordinates": [ -90.25128, 38.60004 ] } },
{ "type": "Feature", "properties": { "NIBRS_cat": "Intimidation", "crime_type": "Person", "latitude": 38.600075, "longitude": -90.261497, "date": "8/28/2025" }, "geometry": { "type": "Point", "coordinates": [ -90.2615, 38.60007 ] } },
{ "type": "Feature", "properties": { "NIBRS_cat": "Intimidation", "crime_type": "Person", "latitude": 38.600075, "longitude": -90.261497, "date": "8/28/2025" }, "geometry": { "type": "Point", "coordinates": [ -90.2615, 38.60007 ] } },
{ "type": "Feature", "properties": { "NIBRS_cat": "Motor Vehicle Theft", "crime_type": "Property", "latitude": 38.600372, "longitude": -90.248772, "date": "9/13/2025" }, "geometry": { "type": "Point", "coordinates": [ -90.24877, 38.60037 ] } },
{ "type": "Feature", "properties": { "NIBRS_cat": "Motor Vehicle Theft", "crime_type": "Property", "latitude": 38.600372, "longitude": -90.248772, "date": "9/13/2025" }, "geometry": { "type": "Point", "coordinates": [ -90.24877, 38.60037 ] } },
{ "type": "Feature", "properties": { "NIBRS_cat": "Theft From Building", "crime_type": "Property", "latitude": 38.600773, "longitude": -90.243011, "date": "9/19/2025" }, "geometry": { "type": "Point", "coordinates": [ -90.24301, 38.60077 ] } },
{ "type": "Feature", "properties": { "NIBRS_cat": "Theft From Building", "crime_type": "Property", "latitude": 38.600773, "longitude": -90.243011, "date": "9/19/2025" }, "geometry": { "type": "Point", "coordinates": [ -90.24301, 38.60077 ] } },
{ "type": "Feature", "properties": { "NIBRS_cat": "Weapons Law Violations", "crime_type": "Society", "latitude": 38.600922, "longitude": -90.255981, "date": "3/9/2025" }, "geometry": { "type": "Point", "coordinates": [ -90.25598, 38.60092 ] } },
{ "type": "Feature", "properties": { "NIBRS_cat": "Weapons Law Violations", "crime_type": "Society", "latitude": 38.600922, "longitude": -90.255981, "date": "3/9/2025" }, "geometry": { "type": "Point", "coordinates": [ -90.25598, 38.60092 ] } },
{ "type": "Feature", "properties": { "NIBRS_cat": "Aggravated Assault", "crime_type": "Person", "latitude": 38.600922, "longitude": -90.255981, "date": "3/9/2025" }, "geometry": { "type": "Point", "coordinates": [ -90.25598, 38.60092 ] } },
{ "type": "Feature", "properties": { "NIBRS_cat": "Robbery", "crime_type": "Person", "latitude": 38.600922, "longitude": -90.255981, "date": "3/9/2025" }, "geometry": { "type": "Point", "coordinates": [ -90.25598, 38.60092 ] } },
{ "type": "Feature", "properties": { "NIBRS_cat": "Robbery", "crime_type": "Person", "latitude": 38.600922, "longitude": -90.255981, "date": "3/9/2025" }, "geometry": { "type": "Point", "coordinates": [ -90.25598, 38.60092 ] } },
{ "type": "Feature", "properties": { "NIBRS_cat": "Aggravated Assault", "crime_type": "Person", "latitude": 38.600922, "longitude": -90.255981, "date": "3/9/2025" }, "geometry": { "type": "Point", "coordinates": [ -90.25598, 38.60092 ] } },
{ "type": "Feature", "properties": { "NIBRS_cat": "Burglary/Breaking and Entering", "crime_type": "Property", "latitude": 38.601257, "longitude": -90.243217, "date": "9/21/2025" }, "geometry": { "type": "Point", "coordinates": [ -90.24322, 38.60126 ] } },
{ "type": "Feature", "properties": { "NIBRS_cat": "Burglary/Breaking and Entering", "crime_type": "Property", "latitude": 38.601257, "longitude": -90.243217, "date": "9/18/2025" }, "geometry": { "type": "Point", "coordinates": [ -90.24322, 38.60126 ] } },
{ "type": "Feature", "properties": { "NIBRS_cat": "Burglary/Breaking and Entering", "crime_type": "Property", "latitude": 38.601257, "longitude": -90.243217, "date": "9/18/2025" }, "geometry": { "type": "Point", "coordinates": [ -90.24322, 38.60126 ] } },
{ "type": "Feature", "properties": { "NIBRS_cat": "Burglary/Breaking and Entering", "crime_type": "Property", "latitude": 38.601257, "longitude": -90.243217, "date": "9/21/2025" }, "geometry": { "type": "Point", "coordinates": [ -90.24322, 38.60126 ] } },
{ "type": "Feature", "properties": { "NIBRS_cat": "Destruction/Damage/Vandalism of Property", "crime_type": "Property", "latitude": 38.601601, "longitude": -90.242645, "date": "9/11/2025" }, "geometry": { "type": "Point", "coordinates": [ -90.24264, 38.6016 ] } },
{ "type": "Feature", "properties": { "NIBRS_cat": "Destruction/Damage/Vandalism of Property", "crime_type": "Property", "latitude": 38.601601, "longitude": -90.242767, "date": "9/5/2025" }, "geometry": { "type": "Point", "coordinates": [ -90.24277, 38.6016 ] } },
{ "type": "Feature", "properties": { "NIBRS_cat": "All Other Offenses", "crime_type": "Unspecified", "latitude": 38.601601, "longitude": -90.242645, "date": "9/11/2025" }, "geometry": { "type": "Point", "coordinates": [ -90.24264, 38.6016 ] } },
{ "type": "Feature", "properties": { "NIBRS_cat": "Destruction/Damage/Vandalism of Property", "crime_type": "Property", "latitude": 38.601601, "longitude": -90.242645, "date": "9/11/2025" }, "geometry": { "type": "Point", "coordinates": [ -90.24264, 38.6016 ] } },
{ "type": "Feature", "properties": { "NIBRS_cat": "Destruction/Damage/Vandalism of Property", "crime_type": "Property", "latitude": 38.601601, "longitude": -90.242767, "date": "9/5/2025" }, "geometry": { "type": "Point", "coordinates": [ -90.24277, 38.6016 ] } },
{ "type": "Feature", "properties": { "NIBRS_cat": "All Other Offenses", "crime_type": "Unspecified", "latitude": 38.601601, "longitude": -90.242645, "date": "9/11/2025" }, "geometry": { "type": "Point", "coordinates": [ -90.24264, 38.6016 ] } },
{ "type": "Feature", "properties": { "NIBRS_cat": "Motor Vehicle Theft", "crime_type": "Property", "latitude": 38.601944, "longitude": -90.253212, "date": "9/5/2025" }, "geometry": { "type": "Point", "coordinates": [ -90.25321, 38.60194 ] } },
{ "type": "Feature", "properties": { "NIBRS_cat": "Motor Vehicle Theft", "crime_type": "Property", "latitude": 38.601944, "longitude": -90.253212, "date": "9/5/2025" }, "geometry": { "type": "Point", "coordinates": [ -90.25321, 38.60194 ] } },
{ "type": "Feature", "properties": { "NIBRS_cat": "Motor Vehicle Theft", "crime_type": "Property", "latitude": 38.602131, "longitude": -90.261192, "date": "9/19/2025" }, "geometry": { "type": "Point", "coordinates": [ -90.26119, 38.60213 ] } },
{ "type": "Feature", "properties": { "NIBRS_cat": "Motor Vehicle Theft", "crime_type": "Property", "latitude": 38.602131, "longitude": -90.261192, "date": "9/19/2025" }, "geometry": { "type": "Point", "coordinates": [ -90.26119, 38.60213 ] } },
{ "type": "Feature", "properties": { "NIBRS_cat": "Motor Vehicle Theft", "crime_type": "Property", "latitude": 38.602173, "longitude": -90.252869, "date": "6/30/2025" }, "geometry": { "type": "Point", "coordinates": [ -90.25287, 38.60217 ] } },
{ "type": "Feature", "properties": { "NIBRS_cat": "Destruction/Damage/Vandalism of Property", "crime_type": "Property", "latitude": 38.602173, "longitude": -90.252869, "date": "6/30/2025" }, "geometry": { "type": "Point", "coordinates": [ -90.25287, 38.60217 ] } },
{ "type": "Feature", "properties": { "NIBRS_cat": "Motor Vehicle Theft", "crime_type": "Property", "latitude": 38.602173, "longitude": -90.252869, "date": "6/30/2025" }, "geometry": { "type": "Point", "coordinates": [ -90.25287, 38.60217 ] } },
{ "type": "Feature", "properties": { "NIBRS_cat": "Destruction/Damage/Vandalism of Property", "crime_type": "Property", "latitude": 38.602173, "longitude": -90.252869, "date": "6/30/2025" }, "geometry": { "type": "Point", "coordinates": [ -90.25287, 38.60217 ] } },
{ "type": "Feature", "properties": { "NIBRS_cat": "Robbery", "crime_type": "Person", "latitude": 38.602558, "longitude": -90.269142, "date": "4/30/2024" }, "geometry": { "type": "Point", "coordinates": [ -90.26914, 38.60256 ] } },
{ "type": "Feature", "properties": { "NIBRS_cat": "Robbery", "crime_type": "Person", "latitude": 38.602558, "longitude": -90.269142, "date": "4/30/2024" }, "geometry": { "type": "Point", "coordinates": [ -90.26914, 38.60256 ] } },
{ "type": "Feature", "properties": { "NIBRS_cat": "All Other Offenses", "crime_type": "Unspecified", "latitude": 38.602558, "longitude": -90.269142, "date": "4/30/2024" }, "geometry": { "type": "Point", "coordinates": [ -90.26914, 38.60256 ] } },
{ "type": "Feature", "properties": { "NIBRS_cat": "All Other Offenses", "crime_type": "Unspecified", "latitude": 38.602558, "longitude": -90.269142, "date": "4/30/2024" }, "geometry": { "type": "Point", "coordinates": [ -90.26914, 38.60256 ] } },
{ "type": "Feature", "properties": { "NIBRS_cat": "All Other Offenses", "crime_type": "Unspecified", "latitude": 38.602673, "longitude": -90.269623, "date": "9/3/2025" }, "geometry": { "type": "Point", "coordinates": [ -90.26962, 38.60267 ] } },
{ "type": "Feature", "properties": { "NIBRS_cat": "All Other Offenses", "crime_type": "Unspecified", "latitude": 38.602673, "longitude": -90.269623, "date": "9/3/2025" }, "geometry": { "type": "Point", "coordinates": [ -90.26962, 38.60267 ] } },
{ "type": "Feature", "properties": { "NIBRS_cat": "Trespass of Real Property", "crime_type": "Society", "latitude": 38.602757, "longitude": -90.254364, "date": "9/6/2025" }, "geometry": { "type": "Point", "coordinates": [ -90.25436, 38.60276 ] } },
{ "type": "Feature", "properties": { "NIBRS_cat": "Trespass of Real Property", "crime_type": "Society", "latitude": 38.602757, "longitude": -90.254364, "date": "9/6/2025" }, "geometry": { "type": "Point", "coordinates": [ -90.25436, 38.60276 ] } },
{ "type": "Feature", "properties": { "NIBRS_cat": "Motor Vehicle Theft", "crime_type": "Property", "latitude": 38.603149, "longitude": -90.254143, "date": "9/14/2025" }, "geometry": { "type": "Point", "coordinates": [ -90.25414, 38.60315 ] } },
{ "type": "Feature", "properties": { "NIBRS_cat": "Motor Vehicle Theft", "crime_type": "Property", "latitude": 38.603149, "longitude": -90.254143, "date": "9/14/2025" }, "geometry": { "type": "Point", "coordinates": [ -90.25414, 38.60315 ] } },
{ "type": "Feature", "properties": { "NIBRS_cat": "Simple Assault", "crime_type": "Person", "latitude": 38.603458, "longitude": -90.260902, "date": "9/2/2025" }, "geometry": { "type": "Point", "coordinates": [ -90.2609, 38.60346 ] } },
{ "type": "Feature", "properties": { "NIBRS_cat": "Destruction/Damage/Vandalism of Property", "crime_type": "Property", "latitude": 38.603458, "longitude": -90.260902, "date": "9/2/2025" }, "geometry": { "type": "Point", "coordinates": [ -90.2609, 38.60346 ] } },
{ "type": "Feature", "properties": { "NIBRS_cat": "Simple Assault", "crime_type": "Person", "latitude": 38.603458, "longitude": -90.260902, "date": "9/2/2025" }, "geometry": { "type": "Point", "coordinates": [ -90.2609, 38.60346 ] } },
{ "type": "Feature", "properties": { "NIBRS_cat": "Destruction/Damage/Vandalism of Property", "crime_type": "Property", "latitude": 38.603458, "longitude": -90.260902, "date": "9/2/2025" }, "geometry": { "type": "Point", "coordinates": [ -90.2609, 38.60346 ] } },
{ "type": "Feature", "properties": { "NIBRS_cat": "Theft From Building", "crime_type": "Property", "latitude": 38.603882, "longitude": -90.281799, "date": "9/8/2025" }, "geometry": { "type": "Point", "coordinates": [ -90.2818, 38.60388 ] } },
{ "type": "Feature", "properties": { "NIBRS_cat": "Theft From Building", "crime_type": "Property", "latitude": 38.603882, "longitude": -90.281799, "date": "9/8/2025" }, "geometry": { "type": "Point", "coordinates": [ -90.2818, 38.60388 ] } },
{ "type": "Feature", "properties": { "NIBRS_cat": "Motor Vehicle Theft", "crime_type": "Property", "latitude": 38.604538, "longitude": -90.26722, "date": "9/22/2025" }, "geometry": { "type": "Point", "coordinates": [ -90.26722, 38.60454 ] } },
{ "type": "Feature", "properties": { "NIBRS_cat": "Motor Vehicle Theft", "crime_type": "Property", "latitude": 38.604538, "longitude": -90.26722, "date": "9/22/2025" }, "geometry": { "type": "Point", "coordinates": [ -90.26722, 38.60454 ] } },
{ "type": "Feature", "properties": { "NIBRS_cat": "Disorderly Conduct", "crime_type": "Society", "latitude": 38.604984, "longitude": -90.26915, "date": "9/20/2025" }, "geometry": { "type": "Point", "coordinates": [ -90.26915, 38.60498 ] } },
{ "type": "Feature", "properties": { "NIBRS_cat": "Disorderly Conduct", "crime_type": "Society", "latitude": 38.604984, "longitude": -90.26915, "date": "9/20/2025" }, "geometry": { "type": "Point", "coordinates": [ -90.26915, 38.60498 ] } },
{ "type": "Feature", "properties": { "NIBRS_cat": "All Other Offenses", "crime_type": "Unspecified", "latitude": 38.605057, "longitude": -90.265709, "date": "9/16/2025" }, "geometry": { "type": "Point", "coordinates": [ -90.26571, 38.60506 ] } },
{ "type": "Feature", "properties": { "NIBRS_cat": "All Other Offenses", "crime_type": "Unspecified", "latitude": 38.605057, "longitude": -90.265709, "date": "9/16/2025" }, "geometry": { "type": "Point", "coordinates": [ -90.26571, 38.60506 ] } },
{ "type": "Feature", "properties": { "NIBRS_cat": "Weapons Law Violations", "crime_type": "Society", "latitude": 38.605618, "longitude": -90.228798, "date": "8/26/2025" }, "geometry": { "type": "Point", "coordinates": [ -90.2288, 38.60562 ] } },
{ "type": "Feature", "properties": { "NIBRS_cat": "Weapons Law Violations", "crime_type": "Society", "latitude": 38.605618, "longitude": -90.228798, "date": "8/26/2025" }, "geometry": { "type": "Point", "coordinates": [ -90.2288, 38.60562 ] } },
{ "type": "Feature", "properties": { "NIBRS_cat": "Aggravated Assault", "crime_type": "Person", "latitude": 38.605618, "longitude": -90.228798, "date": "8/26/2025" }, "geometry": { "type": "Point", "coordinates": [ -90.2288, 38.60562 ] } },
{ "type": "Feature", "properties": { "NIBRS_cat": "Aggravated Assault", "crime_type": "Person", "latitude": 38.605618, "longitude": -90.228798, "date": "8/26/2025" }, "geometry": { "type": "Point", "coordinates": [ -90.2288, 38.60562 ] } },
{ "type": "Feature", "properties": { "NIBRS_cat": "Weapons Law Violations", "crime_type": "Society", "latitude": 38.605618, "longitude": -90.228798, "date": "8/26/2025" }, "geometry": { "type": "Point", "coordinates": [ -90.2288, 38.60562 ] } },
{ "type": "Feature", "properties": { "NIBRS_cat": "Weapons Law Violations", "crime_type": "Society", "latitude": 38.605618, "longitude": -90.228798, "date": "8/26/2025" }, "geometry": { "type": "Point", "coordinates": [ -90.2288, 38.60562 ] } },
{ "type": "Feature", "properties": { "NIBRS_cat": "Drug/Narcotic Violations", "crime_type": "Society", "latitude": 38.605618, "longitude": -90.228798, "date": "8/26/2025" }, "geometry": { "type": "Point", "coordinates": [ -90.2288, 38.60562 ] } },
{ "type": "Feature", "properties": { "NIBRS_cat": "Drug/Narcotic Violations", "crime_type": "Society", "latitude": 38.605618, "longitude": -90.228798, "date": "8/26/2025" }, "geometry": { "type": "Point", "coordinates": [ -90.2288, 38.60562 ] } },
{ "type": "Feature", "properties": { "NIBRS_cat": "All Other Offenses", "crime_type": "Unspecified", "latitude": 38.614948, "longitude": -90.194496, "date": "9/23/2025" }, "geometry": { "type": "Point", "coordinates": [ -90.1945, 38.61495 ] } },
{ "type": "Feature", "properties": { "NIBRS_cat": "All Other Offenses", "crime_type": "Unspecified", "latitude": 38.614948, "longitude": -90.194496, "date": "9/23/2025" }, "geometry": { "type": "Point", "coordinates": [ -90.1945, 38.61495 ] } },
{ "type": "Feature", "properties": { "NIBRS_cat": "All Other Offenses", "crime_type": "Unspecified", "latitude": 38.618217, "longitude": -90.191032, "date": "9/22/2025" }, "geometry": { "type": "Point", "coordinates": [ -90.19103, 38.61822 ] } },
{ "type": "Feature", "properties": { "NIBRS_cat": "All Other Offenses", "crime_type": "Unspecified", "latitude": 38.618217, "longitude": -90.191032, "date": "9/22/2025" }, "geometry": { "type": "Point", "coordinates": [ -90.19103, 38.61822 ] } },
{ "type": "Feature", "properties": { "NIBRS_cat": "Intimidation", "crime_type": "Person", "latitude": 38.630688, "longitude": -90.213295, "date": "8/31/2025" }, "geometry": { "type": "Point", "coordinates": [ -90.2133, 38.63069 ] } },
{ "type": "Feature", "properties": { "NIBRS_cat": "Destruction/Damage/Vandalism of Property", "crime_type": "Property", "latitude": 38.630688, "longitude": -90.213295, "date": "8/31/2025" }, "geometry": { "type": "Point", "coordinates": [ -90.2133, 38.63069 ] } },
{ "type": "Feature", "properties": { "NIBRS_cat": "Weapons Law Violations", "crime_type": "Society", "latitude": 38.630688, "longitude": -90.213295, "date": "8/31/2025" }, "geometry": { "type": "Point", "coordinates": [ -90.2133, 38.63069 ] } },
{ "type": "Feature", "properties": { "NIBRS_cat": "Intimidation", "crime_type": "Person", "latitude": 38.630688, "longitude": -90.213295, "date": "8/31/2025" }, "geometry": { "type": "Point", "coordinates": [ -90.2133, 38.63069 ] } },
{ "type": "Feature", "properties": { "NIBRS_cat": "Destruction/Damage/Vandalism of Property", "crime_type": "Property", "latitude": 38.630688, "longitude": -90.213295, "date": "8/31/2025" }, "geometry": { "type": "Point", "coordinates": [ -90.2133, 38.63069 ] } },
{ "type": "Feature", "properties": { "NIBRS_cat": "Weapons Law Violations", "crime_type": "Society", "latitude": 38.630688, "longitude": -90.213295, "date": "8/31/2025" }, "geometry": { "type": "Point", "coordinates": [ -90.2133, 38.63069 ] } },
{ "type": "Feature", "properties": { "NIBRS_cat": "False Pretense/Swindle/Confidence Game", "crime_type": "Property", "latitude": 38.631973, "longitude": -90.20771, "date": "9/9/2025" }, "geometry": { "type": "Point", "coordinates": [ -90.20771, 38.63197 ] } },
{ "type": "Feature", "properties": { "NIBRS_cat": "Destruction/Damage/Vandalism of Property", "crime_type": "Property", "latitude": 38.631973, "longitude": -90.20771, "date": "9/22/2025" }, "geometry": { "type": "Point", "coordinates": [ -90.20771, 38.63197 ] } },
{ "type": "Feature", "properties": { "NIBRS_cat": "Theft From Motor Vehicle", "crime_type": "Property", "latitude": 38.631973, "longitude": -90.20771, "date": "9/22/2025" }, "geometry": { "type": "Point", "coordinates": [ -90.20771, 38.63197 ] } },
{ "type": "Feature", "properties": { "NIBRS_cat": "Theft From Motor Vehicle", "crime_type": "Property", "latitude": 38.631973, "longitude": -90.20771, "date": "9/22/2025" }, "geometry": { "type": "Point", "coordinates": [ -90.20771, 38.63197 ] } },
{ "type": "Feature", "properties": { "NIBRS_cat": "Destruction/Damage/Vandalism of Property", "crime_type": "Property", "latitude": 38.631973, "longitude": -90.20771, "date": "9/22/2025" }, "geometry": { "type": "Point", "coordinates": [ -90.20771, 38.63197 ] } },
{ "type": "Feature", "properties": { "NIBRS_cat": "False Pretense/Swindle/Confidence Game", "crime_type": "Property", "latitude": 38.631973, "longitude": -90.20771, "date": "9/9/2025" }, "geometry": { "type": "Point", "coordinates": [ -90.20771, 38.63197 ] } },
{ "type": "Feature", "properties": { "NIBRS_cat": "Destruction/Damage/Vandalism of Property", "crime_type": "Property", "latitude": 38.659054, "longitude": -90.21875, "date": "9/16/2025" }, "geometry": { "type": "Point", "coordinates": [ -90.21875, 38.65905 ] } },
{ "type": "Feature", "properties": { "NIBRS_cat": "Destruction/Damage/Vandalism of Property", "crime_type": "Property", "latitude": 38.659054, "longitude": -90.21875, "date": "9/16/2025" }, "geometry": { "type": "Point", "coordinates": [ -90.21875, 38.65905 ] } },
{ "type": "Feature", "properties": { "NIBRS_cat": "Motor Vehicle Theft", "crime_type": "Property", "latitude": 38.679337, "longitude": -90.208977, "date": "9/20/2025" }, "geometry": { "type": "Point", "coordinates": [ -90.20898, 38.67934 ] } },
{ "type": "Feature", "properties": { "NIBRS_cat": "Motor Vehicle Theft", "crime_type": "Property", "latitude": 38.679337, "longitude": -90.208977, "date": "9/20/2025" }, "geometry": { "type": "Point", "coordinates": [ -90.20898, 38.67934 ] } }
]
}
